{
"type": "FeatureCollection",
"name": "reseau_hydrographique",
"crs": { "type": "name", "properties": { "name": "urn:ogc:def:crs:OGC:1.3:CRS84" } },
"features": [
{ "type": "Feature", "properties": { "strahler_order": 1, "longueur_km": 0.030624645480296461 }, "geometry": { "type": "LineString", "coordinates": [ [ 2.215139, 7.309306 ], [ 2.215139, 7.309583 ] ] } },
{ "type": "Feature", "properties": { "strahler_order": 1, "longueur_km": 1.0881347174461917 }, "geometry": { "type": "LineString", "coordinates": [ [ 1.918472, 7.307361 ], [ 1.918194, 7.307083 ], [ 1.917917, 7.306806 ], [ 1.917639, 7.306806 ], [ 1.917361, 7.306528 ], [ 1.917083, 7.306528 ], [ 1.916806, 7.30625 ], [ 1.916528, 7.305972 ], [ 1.91625, 7.305694 ], [ 1.915972, 7.305417 ], [ 1.915694, 7.305139 ], [ 1.915417, 7.304861 ], [ 1.915139, 7.304583 ], [ 1.914861, 7.304306 ], [ 1.914583, 7.304028 ], [ 1.914306, 7.30375 ], [ 1.914306, 7.303472 ], [ 1.914306, 7.303194 ], [ 1.914306, 7.302917 ], [ 1.914028, 7.302639 ], [ 1.914028, 7.302361 ], [ 1.91375, 7.302083 ], [ 1.91375, 7.301806 ], [ 1.913472, 7.301528 ], [ 1.913194, 7.30125 ], [ 1.913194, 7.300972 ], [ 1.913194, 7.300694 ], [ 1.912917, 7.300694 ], [ 1.912639, 7.300417 ] ] } },
{ "type": "Feature", "properties": { "strahler_order": 1, "longueur_km": 1.3205542018370273 }, "geometry": { "type": "LineString", "coordinates": [ [ 1.902361, 7.306528 ], [ 1.902083, 7.306528 ], [ 1.901806, 7.306528 ], [ 1.901528, 7.30625 ], [ 1.90125, 7.305972 ], [ 1.900972, 7.305972 ], [ 1.900694, 7.305972 ], [ 1.900417, 7.305972 ], [ 1.900139, 7.305694 ], [ 1.899861, 7.305694 ], [ 1.899583, 7.305694 ], [ 1.899306, 7.305694 ], [ 1.899028, 7.305694 ], [ 1.89875, 7.305972 ], [ 1.898472, 7.30625 ], [ 1.898194, 7.30625 ], [ 1.897917, 7.305972 ], [ 1.897639, 7.305694 ], [ 1.897361, 7.305417 ], [ 1.897083, 7.305139 ], [ 1.896806, 7.304861 ], [ 1.896528, 7.304583 ], [ 1.89625, 7.304583 ], [ 1.895972, 7.304583 ], [ 1.895694, 7.304306 ], [ 1.895417, 7.304306 ], [ 1.895139, 7.304028 ], [ 1.894861, 7.30375 ], [ 1.894861, 7.303472 ], [ 1.894583, 7.303194 ], [ 1.894306, 7.303194 ], [ 1.894306, 7.302917 ], [ 1.894028, 7.302639 ], [ 1.89375, 7.302361 ], [ 1.893472, 7.302361 ], [ 1.893194, 7.302361 ], [ 1.892917, 7.302361 ] ] } },
{ "type": "Feature", "properties": { "strahler_order": 1, "longueur_km": 0.45536813653127295 }, "geometry": { "type": "LineString", "coordinates": [ [ 2.110139, 7.305694 ], [ 2.109861, 7.305972 ], [ 2.109861, 7.30625 ], [ 2.109583, 7.306528 ], [ 2.109583, 7.306806 ], [ 2.109583, 7.307083 ], [ 2.109583, 7.307361 ], [ 2.109583, 7.307639 ], [ 2.109583, 7.307917 ], [ 2.109583, 7.308194 ], [ 2.109583, 7.308472 ], [ 2.109583, 7.30875 ], [ 2.109583, 7.309028 ], [ 2.109583, 7.309306 ], [ 2.109583, 7.309583 ] ] } },
{ "type": "Feature", "properties": { "strahler_order": 1, "longueur_km": 1.2519973161768572 }, "geometry": { "type": "LineString", "coordinates": [ [ 1.996528, 7.304861 ], [ 1.99625, 7.305139 ], [ 1.995972, 7.305139 ], [ 1.995694, 7.305139 ], [ 1.995417, 7.305139 ], [ 1.995139, 7.305139 ], [ 1.994861, 7.305417 ], [ 1.994583, 7.305694 ], [ 1.994306, 7.305694 ], [ 1.994028, 7.305694 ], [ 1.99375, 7.305972 ], [ 1.993472, 7.305972 ], [ 1.993194, 7.305972 ], [ 1.992917, 7.30625 ], [ 1.992917, 7.306528 ], [ 1.992639, 7.306806 ], [ 1.992361, 7.307083 ], [ 1.992083, 7.307083 ], [ 1.991806, 7.307361 ], [ 1.991528, 7.307361 ], [ 1.99125, 7.307361 ], [ 1.990972, 7.307361 ], [ 1.990694, 7.307361 ], [ 1.990417, 7.307639 ], [ 1.990139, 7.307639 ], [ 1.989861, 7.307361 ], [ 1.989583, 7.307083 ], [ 1.989306, 7.307361 ], [ 1.989028, 7.307639 ], [ 1.989028, 7.307917 ], [ 1.989028, 7.308194 ], [ 1.989306, 7.308472 ], [ 1.989306, 7.30875 ], [ 1.989306, 7.309028 ], [ 1.989306, 7.309306 ], [ 1.989306, 7.309583 ] ] } },
{ "type": "Feature", "properties": { "strahler_order": 1, "longueur_km": 0.59606935134504913 }, "geometry": { "type": "LineString", "coordinates": [ [ 2.204306, 7.304306 ], [ 2.204583, 7.304583 ], [ 2.204583, 7.304861 ], [ 2.204583, 7.305139 ], [ 2.204583, 7.305417 ], [ 2.204583, 7.305694 ], [ 2.204583, 7.305972 ], [ 2.204583, 7.30625 ], [ 2.204583, 7.306528 ], [ 2.204583, 7.306806 ], [ 2.204583, 7.307083 ], [ 2.204583, 7.307361 ], [ 2.204583, 7.307639 ], [ 2.204583, 7.307917 ], [ 2.204583, 7.308194 ], [ 2.204583, 7.308472 ], [ 2.204583, 7.30875 ], [ 2.204583, 7.309028 ], [ 2.204583, 7.309306 ], [ 2.204583, 7.309583 ] ] } },
{ "type": "Feature", "properties": { "strahler_order": 1, "longueur_km": 1.042237414452279 }, "geometry": { "type": "LineString", "coordinates": [ [ 2.017639, 7.303472 ], [ 2.017361, 7.30375 ], [ 2.017083, 7.304028 ], [ 2.016806, 7.304028 ], [ 2.016528, 7.304306 ], [ 2.01625, 7.304306 ], [ 2.015972, 7.304583 ], [ 2.015694, 7.304583 ], [ 2.015417, 7.304861 ], [ 2.015139, 7.304861 ], [ 2.014861, 7.304861 ], [ 2.014861, 7.304583 ], [ 2.014583, 7.304306 ], [ 2.014306, 7.304028 ], [ 2.014028, 7.304028 ], [ 2.01375, 7.304028 ], [ 2.013472, 7.30375 ], [ 2.013194, 7.30375 ], [ 2.012917, 7.30375 ], [ 2.012639, 7.303472 ], [ 2.012361, 7.303472 ], [ 2.012083, 7.303194 ], [ 2.011806, 7.303194 ], [ 2.011528, 7.303472 ], [ 2.01125, 7.303472 ], [ 2.010972, 7.303472 ], [ 2.010694, 7.303194 ], [ 2.010417, 7.303194 ], [ 2.010139, 7.303194 ], [ 2.009861, 7.303194 ] ] } },
{ "type": "Feature", "properties": { "strahler_order": 1, "longueur_km": 1.1958737477640977 }, "geometry": { "type": "LineString", "coordinates": [ [ 2.095694, 7.303194 ], [ 2.095972, 7.303194 ], [ 2.09625, 7.303194 ], [ 2.096528, 7.303194 ], [ 2.096806, 7.303194 ], [ 2.097083, 7.303194 ], [ 2.097361, 7.303472 ], [ 2.097639, 7.30375 ], [ 2.097917, 7.304028 ], [ 2.098194, 7.304306 ], [ 2.098472, 7.304583 ], [ 2.09875, 7.304861 ], [ 2.099028, 7.305139 ], [ 2.099306, 7.305417 ], [ 2.099583, 7.305417 ], [ 2.099861, 7.305694 ], [ 2.100139, 7.305694 ], [ 2.100417, 7.305972 ], [ 2.100694, 7.305972 ], [ 2.100972, 7.30625 ], [ 2.10125, 7.30625 ], [ 2.101528, 7.306528 ], [ 2.101806, 7.306528 ], [ 2.102083, 7.306528 ], [ 2.102083, 7.306806 ], [ 2.102083, 7.307083 ], [ 2.102083, 7.307361 ], [ 2.102083, 7.307639 ], [ 2.102083, 7.307917 ], [ 2.102083, 7.308194 ], [ 2.102083, 7.308472 ], [ 2.102083, 7.30875 ], [ 2.102083, 7.309028 ], [ 2.102083, 7.309306 ], [ 2.102083, 7.309583 ] ] } },
{ "type": "Feature", "properties": { "strahler_order": 1, "longueur_km": 0.8311126579844802 }, "geometry": { "type": "LineString", "coordinates": [ [ 2.207917, 7.302917 ], [ 2.208194, 7.303194 ], [ 2.208472, 7.303472 ], [ 2.20875, 7.303472 ], [ 2.209028, 7.30375 ], [ 2.209306, 7.304028 ], [ 2.209306, 7.304306 ], [ 2.209306, 7.304583 ], [ 2.209306, 7.304861 ], [ 2.209028, 7.305139 ], [ 2.209028, 7.305417 ], [ 2.209028, 7.305694 ], [ 2.209028, 7.305972 ], [ 2.209028, 7.30625 ], [ 2.209028, 7.306528 ], [ 2.209028, 7.306806 ], [ 2.209028, 7.307083 ], [ 2.209028, 7.307361 ], [ 2.209028, 7.307639 ], [ 2.209028, 7.307917 ], [ 2.209028, 7.308194 ], [ 2.209028, 7.308472 ], [ 2.209028, 7.30875 ], [ 2.209028, 7.309028 ], [ 2.209028, 7.309306 ], [ 2.209028, 7.309583 ] ] } },
{ "type": "Feature", "properties": { "strahler_order": 1, "longueur_km": 0.043433305995544597 }, "geometry": { "type": "LineString", "coordinates": [ [ 2.168194, 7.302083 ], [ 2.168472, 7.302361 ] ] } },
{ "type": "Feature", "properties": { "strahler_order": 1, "longueur_km": 0.95400258852367836 }, "geometry": { "type": "LineString", "coordinates": [ [ 2.102639, 7.301528 ], [ 2.102639, 7.301806 ], [ 2.102639, 7.302083 ], [ 2.102639, 7.302361 ], [ 2.102639, 7.302639 ], [ 2.102639, 7.302917 ], [ 2.102917, 7.303194 ], [ 2.102917, 7.303472 ], [ 2.102917, 7.30375 ], [ 2.102917, 7.304028 ], [ 2.102917, 7.304306 ], [ 2.103194, 7.304583 ], [ 2.103194, 7.304861 ], [ 2.103194, 7.305139 ], [ 2.102917, 7.305417 ], [ 2.102917, 7.305694 ], [ 2.102917, 7.305972 ], [ 2.102917, 7.30625 ], [ 2.102917, 7.306528 ], [ 2.102639, 7.306806 ], [ 2.102361, 7.307083 ], [ 2.102361, 7.307361 ], [ 2.102361, 7.307639 ], [ 2.102361, 7.307917 ], [ 2.102361, 7.308194 ], [ 2.102361, 7.308472 ], [ 2.102361, 7.30875 ], [ 2.102361, 7.309028 ], [ 2.102361, 7.309306 ], [ 2.102361, 7.309583 ] ] } },
{ "type": "Feature", "properties": { "strahler_order": 1, "longueur_km": 3.3057285631998421 }, "geometry": { "type": "LineString", "coordinates": [ [ 1.939306, 7.30125 ], [ 1.939028, 7.301528 ], [ 1.93875, 7.301806 ], [ 1.938472, 7.301806 ], [ 1.938194, 7.301806 ], [ 1.937917, 7.301806 ], [ 1.937639, 7.301806 ], [ 1.937361, 7.301806 ], [ 1.937083, 7.301806 ], [ 1.936806, 7.301806 ], [ 1.936528, 7.301806 ], [ 1.93625, 7.301806 ], [ 1.935972, 7.301806 ], [ 1.935694, 7.301528 ], [ 1.935417, 7.30125 ], [ 1.935139, 7.301528 ], [ 1.934861, 7.301528 ], [ 1.934583, 7.301528 ], [ 1.934306, 7.301528 ], [ 1.934028, 7.301528 ], [ 1.93375, 7.30125 ], [ 1.93375, 7.300972 ], [ 1.933472, 7.300972 ], [ 1.933194, 7.300972 ], [ 1.932917, 7.300694 ], [ 1.932639, 7.300694 ], [ 1.932361, 7.300417 ], [ 1.932083, 7.300417 ], [ 1.931806, 7.300139 ], [ 1.931528, 7.300139 ], [ 1.93125, 7.300139 ], [ 1.930972, 7.299861 ], [ 1.930694, 7.299861 ], [ 1.930417, 7.299861 ], [ 1.930139, 7.299861 ], [ 1.929861, 7.299861 ], [ 1.929583, 7.299861 ], [ 1.929306, 7.299583 ], [ 1.929028, 7.299306 ], [ 1.92875, 7.299306 ], [ 1.928472, 7.299028 ], [ 1.928194, 7.299028 ], [ 1.927917, 7.299028 ], [ 1.927639, 7.299028 ], [ 1.927361, 7.299306 ], [ 1.927083, 7.299306 ], [ 1.926806, 7.299306 ], [ 1.926528, 7.299306 ], [ 1.92625, 7.299306 ], [ 1.925972, 7.299306 ], [ 1.925694, 7.299306 ], [ 1.925417, 7.299306 ], [ 1.925139, 7.299306 ], [ 1.924861, 7.299306 ], [ 1.924583, 7.299306 ], [ 1.924306, 7.299306 ], [ 1.924028, 7.299306 ], [ 1.92375, 7.299583 ], [ 1.923472, 7.299583 ], [ 1.923194, 7.299861 ], [ 1.922917, 7.299861 ], [ 1.922639, 7.299861 ], [ 1.922361, 7.299861 ], [ 1.922083, 7.299861 ], [ 1.921806, 7.299861 ], [ 1.921528, 7.299861 ], [ 1.92125, 7.299861 ], [ 1.920972, 7.299861 ], [ 1.920694, 7.300139 ], [ 1.920417, 7.300139 ], [ 1.920139, 7.300139 ], [ 1.919861, 7.300139 ], [ 1.919583, 7.299861 ], [ 1.919306, 7.299861 ], [ 1.919028, 7.299861 ], [ 1.91875, 7.300139 ], [ 1.918472, 7.300417 ], [ 1.918194, 7.300417 ], [ 1.917917, 7.300417 ], [ 1.917639, 7.300417 ], [ 1.917361, 7.300417 ], [ 1.917083, 7.300417 ], [ 1.916806, 7.300417 ], [ 1.916528, 7.300417 ], [ 1.91625, 7.300694 ], [ 1.915972, 7.300972 ], [ 1.915694, 7.300972 ], [ 1.915417, 7.300694 ], [ 1.915139, 7.300694 ], [ 1.914861, 7.300417 ], [ 1.914583, 7.300694 ], [ 1.914306, 7.300694 ], [ 1.914028, 7.300694 ], [ 1.91375, 7.300694 ], [ 1.913472, 7.300417 ], [ 1.913194, 7.300417 ], [ 1.912917, 7.300417 ], [ 1.912639, 7.300417 ] ] } },
{ "type": "Feature", "properties": { "strahler_order": 1, "longueur_km": 0.8532197379914801 }, "geometry": { "type": "LineString", "coordinates": [ [ 1.912639, 7.300417 ], [ 1.912361, 7.300417 ], [ 1.912083, 7.300417 ], [ 1.911806, 7.300139 ], [ 1.911528, 7.299861 ], [ 1.911528, 7.299583 ], [ 1.911528, 7.299306 ], [ 1.91125, 7.299028 ], [ 1.910972, 7.29875 ], [ 1.910694, 7.298472 ], [ 1.910417, 7.298194 ], [ 1.910139, 7.297917 ], [ 1.909861, 7.297639 ], [ 1.909583, 7.297361 ], [ 1.909583, 7.297083 ], [ 1.909306, 7.296806 ], [ 1.909306, 7.296528 ], [ 1.909306, 7.29625 ], [ 1.909028, 7.29625 ], [ 1.90875, 7.295972 ], [ 1.908472, 7.295694 ], [ 1.908194, 7.295417 ], [ 1.907917, 7.295139 ] ] } },
{ "type": "Feature", "properties": { "strahler_order": 1, "longueur_km": 1.4459896237432153 }, "geometry": { "type": "LineString", "coordinates": [ [ 2.055417, 7.300972 ], [ 2.055417, 7.300694 ], [ 2.055694, 7.300417 ], [ 2.055972, 7.300139 ], [ 2.05625, 7.299861 ], [ 2.056528, 7.299583 ], [ 2.056806, 7.299306 ], [ 2.057083, 7.299028 ], [ 2.057361, 7.29875 ], [ 2.057639, 7.299028 ], [ 2.057917, 7.299306 ], [ 2.058194, 7.299028 ], [ 2.058194, 7.29875 ], [ 2.058472, 7.298472 ], [ 2.058472, 7.298194 ], [ 2.058472, 7.297917 ], [ 2.058472, 7.297639 ], [ 2.058472, 7.297361 ], [ 2.058194, 7.297083 ], [ 2.057917, 7.296806 ], [ 2.057917, 7.296528 ], [ 2.057639, 7.29625 ], [ 2.057639, 7.295972 ], [ 2.057639, 7.295694 ], [ 2.057917, 7.295417 ], [ 2.058194, 7.295417 ], [ 2.058472, 7.295417 ], [ 2.05875, 7.295139 ], [ 2.059028, 7.294861 ], [ 2.059306, 7.294583 ], [ 2.059583, 7.294306 ], [ 2.059583, 7.294028 ], [ 2.059861, 7.294028 ], [ 2.060139, 7.294028 ], [ 2.060417, 7.29375 ], [ 2.060694, 7.294028 ], [ 2.060972, 7.294028 ], [ 2.06125, 7.294028 ], [ 2.061528, 7.29375 ] ] } },
{ "type": "Feature", "properties": { "strahler_order": 1, "longueur_km": 3.1405654761992343 }, "geometry": { "type": "LineString", "coordinates": [ [ 2.08375, 7.300972 ], [ 2.084028, 7.300694 ], [ 2.084306, 7.300417 ], [ 2.084306, 7.300139 ], [ 2.084583, 7.299861 ], [ 2.084861, 7.299583 ], [ 2.085139, 7.299306 ], [ 2.085139, 7.299028 ], [ 2.085139, 7.29875 ], [ 2.084861, 7.298472 ], [ 2.084583, 7.298194 ], [ 2.084306, 7.297917 ], [ 2.084028, 7.297639 ], [ 2.08375, 7.297361 ], [ 2.08375, 7.297083 ], [ 2.08375, 7.296806 ], [ 2.08375, 7.296528 ], [ 2.084028, 7.29625 ], [ 2.084306, 7.295972 ], [ 2.084583, 7.295694 ], [ 2.084861, 7.295417 ], [ 2.085139, 7.295139 ], [ 2.085139, 7.294861 ], [ 2.085417, 7.294583 ], [ 2.085417, 7.294306 ], [ 2.085694, 7.294028 ], [ 2.085694, 7.29375 ], [ 2.085694, 7.293472 ], [ 2.085417, 7.293194 ], [ 2.085417, 7.292917 ], [ 2.085417, 7.292639 ], [ 2.085417, 7.292361 ], [ 2.085139, 7.292083 ], [ 2.084861, 7.291806 ], [ 2.084583, 7.291806 ], [ 2.084306, 7.291806 ], [ 2.084028, 7.291806 ], [ 2.084028, 7.291528 ], [ 2.084028, 7.29125 ], [ 2.084028, 7.290972 ], [ 2.084028, 7.290694 ], [ 2.084028, 7.290417 ], [ 2.084028, 7.290139 ], [ 2.084306, 7.289861 ], [ 2.084306, 7.289583 ], [ 2.084306, 7.289306 ], [ 2.084583, 7.289028 ], [ 2.084861, 7.28875 ], [ 2.084861, 7.288472 ], [ 2.084861, 7.288194 ], [ 2.084861, 7.287917 ], [ 2.084861, 7.287639 ], [ 2.085139, 7.287361 ], [ 2.085417, 7.287083 ], [ 2.085694, 7.287083 ], [ 2.085972, 7.286806 ], [ 2.08625, 7.286528 ], [ 2.08625, 7.28625 ], [ 2.086528, 7.28625 ], [ 2.086806, 7.28625 ], [ 2.087083, 7.28625 ], [ 2.087361, 7.28625 ], [ 2.087639, 7.28625 ], [ 2.087917, 7.28625 ], [ 2.088194, 7.285972 ], [ 2.088472, 7.285694 ], [ 2.088472, 7.285417 ], [ 2.088472, 7.285139 ], [ 2.088472, 7.284861 ], [ 2.088194, 7.284583 ], [ 2.088194, 7.284306 ], [ 2.088194, 7.284028 ], [ 2.087917, 7.28375 ], [ 2.087639, 7.283472 ], [ 2.087639, 7.283194 ], [ 2.087639, 7.282917 ], [ 2.087639, 7.282639 ], [ 2.087917, 7.282361 ], [ 2.088194, 7.282361 ], [ 2.088472, 7.282361 ], [ 2.08875, 7.282361 ], [ 2.089028, 7.282639 ], [ 2.089306, 7.282917 ], [ 2.089583, 7.282917 ], [ 2.089861, 7.282639 ], [ 2.089861, 7.282361 ], [ 2.090139, 7.282083 ], [ 2.090417, 7.282083 ] ] } },
{ "type": "Feature", "properties": { "strahler_order": 1, "longueur_km": 1.2955872887209952 }, "geometry": { "type": "LineString", "coordinates": [ [ 1.955972, 7.300139 ], [ 1.955694, 7.299861 ], [ 1.955694, 7.299583 ], [ 1.955694, 7.299306 ], [ 1.955417, 7.299028 ], [ 1.955417, 7.29875 ], [ 1.955417, 7.298472 ], [ 1.955417, 7.298194 ], [ 1.955694, 7.297917 ], [ 1.955694, 7.297639 ], [ 1.955417, 7.297361 ], [ 1.955417, 7.297083 ], [ 1.955417, 7.296806 ], [ 1.955417, 7.296528 ], [ 1.955139, 7.29625 ], [ 1.955139, 7.295972 ], [ 1.955139, 7.295694 ], [ 1.955139, 7.295417 ], [ 1.954861, 7.295139 ], [ 1.954583, 7.294861 ], [ 1.954306, 7.294861 ], [ 1.954028, 7.294583 ], [ 1.95375, 7.294306 ], [ 1.953472, 7.294028 ], [ 1.953472, 7.29375 ], [ 1.953194, 7.29375 ], [ 1.952917, 7.293472 ], [ 1.952639, 7.293472 ], [ 1.952361, 7.293194 ], [ 1.952083, 7.293194 ], [ 1.951806, 7.293194 ], [ 1.951528, 7.292917 ], [ 1.95125, 7.292639 ], [ 1.95125, 7.292361 ], [ 1.950972, 7.292083 ], [ 1.950972, 7.291806 ], [ 1.950972, 7.291528 ] ] } },
{ "type": "Feature", "properties": { "strahler_order": 1, "longueur_km": 0.1174985874295798 }, "geometry": { "type": "LineString", "coordinates": [ [ 1.963472, 7.300139 ], [ 1.96375, 7.299861 ], [ 1.964028, 7.299583 ], [ 1.964028, 7.299306 ] ] } },
{ "type": "Feature", "properties": { "strahler_order": 1, "longueur_km": 0.30143282324770093 }, "geometry": { "type": "LineString", "coordinates": [ [ 2.01875, 7.299861 ], [ 2.018472, 7.299861 ], [ 2.018194, 7.299861 ], [ 2.017917, 7.299861 ], [ 2.017639, 7.299861 ], [ 2.017361, 7.299861 ], [ 2.017083, 7.299861 ], [ 2.016806, 7.299583 ], [ 2.016528, 7.299583 ], [ 2.01625, 7.299306 ] ] } },
{ "type": "Feature", "properties": { "strahler_order": 1, "longueur_km": 0.99933106103650005 }, "geometry": { "type": "LineString", "coordinates": [ [ 2.035694, 7.299861 ], [ 2.035694, 7.300139 ], [ 2.035694, 7.300417 ], [ 2.035694, 7.300694 ], [ 2.035694, 7.300972 ], [ 2.035417, 7.30125 ], [ 2.035417, 7.301528 ], [ 2.035417, 7.301806 ], [ 2.035417, 7.302083 ], [ 2.035417, 7.302361 ], [ 2.035417, 7.302639 ], [ 2.035417, 7.302917 ], [ 2.035417, 7.303194 ], [ 2.035139, 7.303472 ], [ 2.034861, 7.30375 ], [ 2.034583, 7.304028 ], [ 2.034583, 7.304306 ], [ 2.034306, 7.304583 ], [ 2.034028, 7.304583 ], [ 2.03375, 7.304861 ], [ 2.033472, 7.305139 ], [ 2.033194, 7.305417 ], [ 2.032917, 7.305694 ], [ 2.032917, 7.305972 ], [ 2.032917, 7.30625 ], [ 2.032639, 7.306528 ], [ 2.032361, 7.306806 ], [ 2.032083, 7.306806 ], [ 2.031806, 7.306806 ] ] } },
{ "type": "Feature", "properties": { "strahler_order": 1, "longueur_km": 0.043357764251559662 }, "geometry": { "type": "LineString", "coordinates": [ [ 1.964306, 7.299583 ], [ 1.964028, 7.299306 ] ] } },
{ "type": "Feature", "properties": { "strahler_order": 1, "longueur_km": 0.47748419721292884 }, "geometry": { "type": "LineString", "coordinates": [ [ 1.964028, 7.299306 ], [ 1.96375, 7.299028 ], [ 1.963472, 7.29875 ], [ 1.963194, 7.298472 ], [ 1.962917, 7.298194 ], [ 1.962639, 7.297917 ], [ 1.962361, 7.297639 ], [ 1.962083, 7.297361 ], [ 1.961806, 7.297083 ], [ 1.961528, 7.296806 ], [ 1.96125, 7.296528 ], [ 1.960972, 7.29625 ] ] } },
{ "type": "Feature", "properties": { "strahler_order": 1, "longueur_km": 1.0990594083016938 }, "geometry": { "type": "LineString", "coordinates": [ [ 2.03125, 7.299028 ], [ 2.030972, 7.299306 ], [ 2.030972, 7.299583 ], [ 2.030694, 7.299861 ], [ 2.030417, 7.300139 ], [ 2.030139, 7.300417 ], [ 2.029861, 7.300694 ], [ 2.029583, 7.300972 ], [ 2.029583, 7.30125 ], [ 2.029583, 7.301528 ], [ 2.029583, 7.301806 ], [ 2.029861, 7.302083 ], [ 2.030139, 7.302361 ], [ 2.030139, 7.302639 ], [ 2.030417, 7.302639 ], [ 2.030694, 7.302917 ], [ 2.030694, 7.303194 ], [ 2.030972, 7.303472 ], [ 2.030972, 7.30375 ], [ 2.030972, 7.304028 ], [ 2.030972, 7.304306 ], [ 2.030972, 7.304583 ], [ 2.030972, 7.304861 ], [ 2.030972, 7.305139 ], [ 2.030694, 7.305417 ], [ 2.030972, 7.305694 ], [ 2.03125, 7.305972 ], [ 2.031528, 7.30625 ], [ 2.031806, 7.30625 ], [ 2.031806, 7.306528 ], [ 2.031806, 7.306806 ] ] } },
{ "type": "Feature", "properties": { "strahler_order": 1, "longueur_km": 0.3070352312728668 }, "geometry": { "type": "LineString", "coordinates": [ [ 2.031806, 7.306806 ], [ 2.031806, 7.307083 ], [ 2.031806, 7.307361 ], [ 2.031806, 7.307639 ], [ 2.031806, 7.307917 ], [ 2.031806, 7.308194 ], [ 2.031806, 7.308472 ], [ 2.031806, 7.30875 ], [ 2.031806, 7.309028 ], [ 2.031806, 7.309306 ], [ 2.031806, 7.309583 ] ] } },
{ "type": "Feature", "properties": { "strahler_order": 1, "longueur_km": 0.54935896240102222 }, "geometry": { "type": "LineString", "coordinates": [ [ 2.13625, 7.299028 ], [ 2.136528, 7.299028 ], [ 2.136806, 7.29875 ], [ 2.136806, 7.298472 ], [ 2.136806, 7.298194 ], [ 2.137083, 7.297917 ], [ 2.137361, 7.297639 ], [ 2.137639, 7.297639 ], [ 2.137917, 7.297361 ], [ 2.137917, 7.297083 ], [ 2.137917, 7.296806 ], [ 2.138194, 7.296806 ], [ 2.138472, 7.296528 ], [ 2.13875, 7.29625 ], [ 2.139028, 7.29625 ], [ 2.139306, 7.295972 ] ] } },
{ "type": "Feature", "properties": { "strahler_order": 1, "longueur_km": 2.7033084969351187 }, "geometry": { "type": "LineString", "coordinates": [ [ 2.154583, 7.299028 ], [ 2.154861, 7.29875 ], [ 2.155139, 7.298472 ], [ 2.155417, 7.298472 ], [ 2.155694, 7.298472 ], [ 2.155972, 7.298194 ], [ 2.15625, 7.297917 ], [ 2.156528, 7.297639 ], [ 2.156528, 7.297361 ], [ 2.156528, 7.297083 ], [ 2.15625, 7.296806 ], [ 2.15625, 7.296528 ], [ 2.15625, 7.29625 ], [ 2.156528, 7.295972 ], [ 2.156806, 7.295972 ], [ 2.156806, 7.295694 ], [ 2.157083, 7.295417 ], [ 2.157361, 7.295139 ], [ 2.157639, 7.294861 ], [ 2.157917, 7.294583 ], [ 2.158194, 7.294583 ], [ 2.158472, 7.294583 ], [ 2.15875, 7.294583 ], [ 2.159028, 7.294861 ], [ 2.159306, 7.295139 ], [ 2.159583, 7.295417 ], [ 2.159861, 7.295694 ], [ 2.159861, 7.295972 ], [ 2.159861, 7.29625 ], [ 2.160139, 7.296528 ], [ 2.160139, 7.296806 ], [ 2.160139, 7.297083 ], [ 2.160139, 7.297361 ], [ 2.160139, 7.297639 ], [ 2.160139, 7.297917 ], [ 2.160417, 7.298194 ], [ 2.160694, 7.298472 ], [ 2.160972, 7.29875 ], [ 2.16125, 7.299028 ], [ 2.16125, 7.299306 ], [ 2.16125, 7.299583 ], [ 2.161528, 7.299861 ], [ 2.161806, 7.300139 ], [ 2.162083, 7.300417 ], [ 2.162361, 7.300694 ], [ 2.162361, 7.300972 ], [ 2.162361, 7.30125 ], [ 2.162361, 7.301528 ], [ 2.162361, 7.301806 ], [ 2.162639, 7.302083 ], [ 2.162917, 7.302361 ], [ 2.163194, 7.302639 ], [ 2.163472, 7.302917 ], [ 2.16375, 7.303194 ], [ 2.164028, 7.303472 ], [ 2.164306, 7.30375 ], [ 2.164306, 7.304028 ], [ 2.164583, 7.304028 ], [ 2.164861, 7.30375 ], [ 2.165139, 7.303472 ], [ 2.165417, 7.303472 ], [ 2.165694, 7.303472 ], [ 2.165972, 7.303472 ], [ 2.16625, 7.303472 ], [ 2.166528, 7.303472 ], [ 2.166528, 7.303194 ], [ 2.166528, 7.302917 ], [ 2.166528, 7.302639 ], [ 2.166806, 7.302639 ], [ 2.167083, 7.302639 ], [ 2.167361, 7.302361 ], [ 2.167639, 7.302361 ], [ 2.167917, 7.302361 ], [ 2.168194, 7.302361 ], [ 2.168472, 7.302361 ] ] } },
{ "type": "Feature", "properties": { "strahler_order": 1, "longueur_km": 1.5401421470972341 }, "geometry": { "type": "LineString", "coordinates": [ [ 2.168472, 7.302361 ], [ 2.16875, 7.302639 ], [ 2.169028, 7.302917 ], [ 2.169306, 7.303194 ], [ 2.169583, 7.303194 ], [ 2.169861, 7.303194 ], [ 2.170139, 7.303194 ], [ 2.170417, 7.303194 ], [ 2.170694, 7.302917 ], [ 2.170972, 7.302639 ], [ 2.17125, 7.302639 ], [ 2.171528, 7.302639 ], [ 2.171806, 7.302639 ], [ 2.172083, 7.302917 ], [ 2.172361, 7.302917 ], [ 2.172639, 7.302917 ], [ 2.172917, 7.302639 ], [ 2.173194, 7.302639 ], [ 2.173472, 7.302639 ], [ 2.17375, 7.302639 ], [ 2.174028, 7.302361 ], [ 2.174306, 7.302361 ], [ 2.174583, 7.302361 ], [ 2.174861, 7.302361 ], [ 2.175139, 7.302361 ], [ 2.175417, 7.302361 ], [ 2.175694, 7.302361 ], [ 2.175972, 7.302083 ], [ 2.17625, 7.301806 ], [ 2.176528, 7.301528 ], [ 2.176806, 7.301528 ], [ 2.177083, 7.301528 ], [ 2.177361, 7.301528 ], [ 2.177639, 7.301528 ], [ 2.177917, 7.30125 ], [ 2.178194, 7.300972 ], [ 2.178472, 7.300972 ], [ 2.17875, 7.300694 ], [ 2.179028, 7.300694 ], [ 2.179306, 7.300694 ], [ 2.179583, 7.300694 ], [ 2.179861, 7.300417 ], [ 2.180139, 7.300417 ], [ 2.180417, 7.300417 ], [ 2.180694, 7.300417 ] ] } },
{ "type": "Feature", "properties": { "strahler_order": 1, "longueur_km": 0.65426247213842492 }, "geometry": { "type": "LineString", "coordinates": [ [ 2.064028, 7.298472 ], [ 2.064028, 7.298194 ], [ 2.064028, 7.297917 ], [ 2.064028, 7.297639 ], [ 2.06375, 7.297361 ], [ 2.06375, 7.297083 ], [ 2.063472, 7.296806 ], [ 2.063194, 7.296528 ], [ 2.063194, 7.29625 ], [ 2.062917, 7.29625 ], [ 2.062639, 7.295972 ], [ 2.062361, 7.295694 ], [ 2.062083, 7.295417 ], [ 2.061806, 7.295139 ], [ 2.061806, 7.294861 ], [ 2.061806, 7.294583 ], [ 2.061528, 7.294306 ], [ 2.061528, 7.294028 ], [ 2.061528, 7.29375 ] ] } },
{ "type": "Feature", "properties": { "strahler_order": 1, "longueur_km": 2.7341808199403963 }, "geometry": { "type": "LineString", "coordinates": [ [ 2.061528, 7.29375 ], [ 2.061806, 7.293472 ], [ 2.062083, 7.293194 ], [ 2.062361, 7.292917 ], [ 2.062639, 7.292639 ], [ 2.062917, 7.292361 ], [ 2.062917, 7.292083 ], [ 2.063194, 7.291806 ], [ 2.063472, 7.291528 ], [ 2.06375, 7.29125 ], [ 2.064028, 7.290972 ], [ 2.064028, 7.290694 ], [ 2.064028, 7.290417 ], [ 2.064028, 7.290139 ], [ 2.06375, 7.289861 ], [ 2.06375, 7.289583 ], [ 2.063472, 7.289306 ], [ 2.063472, 7.289028 ], [ 2.063472, 7.28875 ], [ 2.063472, 7.288472 ], [ 2.06375, 7.288194 ], [ 2.064028, 7.287917 ], [ 2.064028, 7.287639 ], [ 2.064028, 7.287361 ], [ 2.064306, 7.287361 ], [ 2.064583, 7.287361 ], [ 2.064861, 7.287361 ], [ 2.065139, 7.287361 ], [ 2.065417, 7.287361 ], [ 2.065694, 7.287361 ], [ 2.065972, 7.287361 ], [ 2.06625, 7.287361 ], [ 2.066528, 7.287083 ], [ 2.066806, 7.286806 ], [ 2.067083, 7.286528 ], [ 2.067361, 7.28625 ], [ 2.067361, 7.285972 ], [ 2.067361, 7.285694 ], [ 2.067361, 7.285417 ], [ 2.067361, 7.285139 ], [ 2.067361, 7.284861 ], [ 2.067361, 7.284583 ], [ 2.067361, 7.284306 ], [ 2.067639, 7.284028 ], [ 2.067917, 7.28375 ], [ 2.068194, 7.28375 ], [ 2.068472, 7.283472 ], [ 2.068472, 7.283194 ], [ 2.068472, 7.282917 ], [ 2.06875, 7.282917 ], [ 2.069028, 7.282639 ], [ 2.069306, 7.282361 ], [ 2.069583, 7.282083 ], [ 2.069583, 7.281806 ], [ 2.069583, 7.281528 ], [ 2.069861, 7.28125 ], [ 2.070139, 7.280972 ], [ 2.070417, 7.280694 ], [ 2.070694, 7.280694 ], [ 2.070972, 7.280694 ], [ 2.07125, 7.280694 ], [ 2.071528, 7.280417 ], [ 2.071528, 7.280139 ], [ 2.071806, 7.279861 ], [ 2.072083, 7.279583 ], [ 2.072083, 7.279306 ], [ 2.072083, 7.279028 ], [ 2.072083, 7.27875 ], [ 2.072361, 7.278472 ], [ 2.072639, 7.278194 ], [ 2.072917, 7.278194 ], [ 2.073194, 7.277917 ], [ 2.073472, 7.277639 ], [ 2.07375, 7.277639 ], [ 2.07375, 7.277361 ], [ 2.074028, 7.277083 ] ] } },
{ "type": "Feature", "properties": { "strahler_order": 1, "longueur_km": 1.1727959037907776 }, "geometry": { "type": "LineString", "coordinates": [ [ 2.142917, 7.298194 ], [ 2.143194, 7.297917 ], [ 2.143472, 7.297639 ], [ 2.143472, 7.297361 ], [ 2.143472, 7.297083 ], [ 2.143472, 7.296806 ], [ 2.14375, 7.296528 ], [ 2.14375, 7.29625 ], [ 2.144028, 7.295972 ], [ 2.144306, 7.295694 ], [ 2.144028, 7.295417 ], [ 2.144028, 7.295139 ], [ 2.144028, 7.294861 ], [ 2.144028, 7.294583 ], [ 2.144028, 7.294306 ], [ 2.144028, 7.294028 ], [ 2.144306, 7.29375 ], [ 2.144583, 7.293472 ], [ 2.144583, 7.293194 ], [ 2.144861, 7.292917 ], [ 2.144861, 7.292639 ], [ 2.145139, 7.292639 ], [ 2.145417, 7.292361 ], [ 2.145694, 7.292361 ], [ 2.145972, 7.292083 ], [ 2.14625, 7.292083 ], [ 2.146528, 7.291806 ], [ 2.146806, 7.291806 ], [ 2.147083, 7.292083 ], [ 2.147083, 7.292361 ], [ 2.147083, 7.292639 ], [ 2.147361, 7.292917 ], [ 2.147639, 7.293194 ] ] } },
{ "type": "Feature", "properties": { "strahler_order": 1, "longueur_km": 2.3305671220412068 }, "geometry": { "type": "LineString", "coordinates": [ [ 2.070694, 7.297917 ], [ 2.070694, 7.297639 ], [ 2.070694, 7.297361 ], [ 2.070694, 7.297083 ], [ 2.070694, 7.296806 ], [ 2.070417, 7.296528 ], [ 2.070139, 7.29625 ], [ 2.070139, 7.295972 ], [ 2.070417, 7.295694 ], [ 2.070694, 7.295417 ], [ 2.070972, 7.295417 ], [ 2.070972, 7.295139 ], [ 2.07125, 7.294861 ], [ 2.071528, 7.294583 ], [ 2.071806, 7.294306 ], [ 2.072083, 7.294028 ], [ 2.072083, 7.29375 ], [ 2.072083, 7.293472 ], [ 2.072083, 7.293194 ], [ 2.072083, 7.292917 ], [ 2.072083, 7.292639 ], [ 2.072361, 7.292361 ], [ 2.072639, 7.292361 ], [ 2.072917, 7.292361 ], [ 2.073194, 7.292639 ], [ 2.073194, 7.292917 ], [ 2.073472, 7.292917 ], [ 2.07375, 7.292639 ], [ 2.074028, 7.292361 ], [ 2.074306, 7.292083 ], [ 2.074306, 7.291806 ], [ 2.074306, 7.291528 ], [ 2.074306, 7.29125 ], [ 2.074306, 7.290972 ], [ 2.074583, 7.290972 ], [ 2.074861, 7.290972 ], [ 2.075139, 7.290972 ], [ 2.075417, 7.290972 ], [ 2.075694, 7.290972 ], [ 2.075972, 7.290972 ], [ 2.07625, 7.290972 ], [ 2.076528, 7.290972 ], [ 2.076806, 7.290972 ], [ 2.077083, 7.290972 ], [ 2.077361, 7.290972 ], [ 2.077639, 7.290972 ], [ 2.077917, 7.290694 ], [ 2.078194, 7.290417 ], [ 2.078472, 7.290139 ], [ 2.07875, 7.290139 ], [ 2.079028, 7.290139 ], [ 2.079306, 7.289861 ], [ 2.079583, 7.289583 ], [ 2.079861, 7.289583 ], [ 2.080139, 7.289306 ], [ 2.080417, 7.289028 ], [ 2.080417, 7.28875 ], [ 2.080417, 7.288472 ], [ 2.080417, 7.288194 ], [ 2.080417, 7.287917 ], [ 2.080694, 7.287639 ], [ 2.080972, 7.287361 ], [ 2.080972, 7.287083 ], [ 2.08125, 7.286806 ], [ 2.081528, 7.286528 ], [ 2.081806, 7.286528 ], [ 2.082083, 7.286528 ] ] } },
{ "type": "Feature", "properties": { "strahler_order": 1, "longueur_km": 1.569175616100696 }, "geometry": { "type": "LineString", "coordinates": [ [ 2.080694, 7.297917 ], [ 2.080972, 7.297639 ], [ 2.08125, 7.297361 ], [ 2.08125, 7.297083 ], [ 2.08125, 7.296806 ], [ 2.081528, 7.296528 ], [ 2.081528, 7.29625 ], [ 2.081806, 7.295972 ], [ 2.081806, 7.295694 ], [ 2.082083, 7.295417 ], [ 2.082361, 7.295139 ], [ 2.082639, 7.294861 ], [ 2.082639, 7.294583 ], [ 2.082917, 7.294306 ], [ 2.082917, 7.294028 ], [ 2.082639, 7.29375 ], [ 2.082361, 7.293472 ], [ 2.082083, 7.293194 ], [ 2.081806, 7.293194 ], [ 2.081528, 7.292917 ], [ 2.08125, 7.292639 ], [ 2.08125, 7.292361 ], [ 2.08125, 7.292083 ], [ 2.08125, 7.291806 ], [ 2.08125, 7.291528 ], [ 2.081528, 7.29125 ], [ 2.081528, 7.290972 ], [ 2.081528, 7.290694 ], [ 2.081806, 7.290417 ], [ 2.081806, 7.290139 ], [ 2.081528, 7.289861 ], [ 2.081528, 7.289583 ], [ 2.081806, 7.289306 ], [ 2.081806, 7.289028 ], [ 2.082083, 7.28875 ], [ 2.082083, 7.288472 ], [ 2.082361, 7.288194 ], [ 2.082639, 7.287917 ], [ 2.082639, 7.287639 ], [ 2.082361, 7.287361 ], [ 2.082083, 7.287083 ], [ 2.082083, 7.286806 ], [ 2.082083, 7.286528 ] ] } },
{ "type": "Feature", "properties": { "strahler_order": 1, "longueur_km": 0.36327491353294034 }, "geometry": { "type": "LineString", "coordinates": [ [ 2.082083, 7.286528 ], [ 2.082361, 7.28625 ], [ 2.082639, 7.285972 ], [ 2.082639, 7.285694 ], [ 2.082639, 7.285417 ], [ 2.082639, 7.285139 ], [ 2.082639, 7.284861 ], [ 2.082639, 7.284583 ], [ 2.082639, 7.284306 ], [ 2.082639, 7.284028 ], [ 2.082639, 7.28375 ], [ 2.082639, 7.283472 ] ] } },
{ "type": "Feature", "properties": { "strahler_order": 1, "longueur_km": 0.66710243886614151 }, "geometry": { "type": "LineString", "coordinates": [ [ 2.146528, 7.297917 ], [ 2.14625, 7.297639 ], [ 2.145972, 7.297361 ], [ 2.145972, 7.297083 ], [ 2.145972, 7.296806 ], [ 2.145972, 7.296528 ], [ 2.145972, 7.29625 ], [ 2.14625, 7.295972 ], [ 2.146528, 7.295694 ], [ 2.146806, 7.295417 ], [ 2.146528, 7.295139 ], [ 2.146528, 7.294861 ], [ 2.146528, 7.294583 ], [ 2.146528, 7.294306 ], [ 2.146528, 7.294028 ], [ 2.146806, 7.29375 ], [ 2.147083, 7.293472 ], [ 2.147361, 7.293194 ], [ 2.147639, 7.293194 ] ] } },
{ "type": "Feature", "properties": { "strahler_order": 1, "longueur_km": 2.2175256757666761 }, "geometry": { "type": "LineString", "coordinates": [ [ 2.147639, 7.293194 ], [ 2.147917, 7.293194 ], [ 2.148194, 7.293194 ], [ 2.148472, 7.293472 ], [ 2.14875, 7.293194 ], [ 2.149028, 7.293194 ], [ 2.149306, 7.293194 ], [ 2.149583, 7.292917 ], [ 2.149861, 7.292639 ], [ 2.150139, 7.292361 ], [ 2.150417, 7.292083 ], [ 2.150417, 7.291806 ], [ 2.150139, 7.291528 ], [ 2.150139, 7.29125 ], [ 2.150139, 7.290972 ], [ 2.150417, 7.290694 ], [ 2.150694, 7.290417 ], [ 2.150972, 7.290139 ], [ 2.15125, 7.290139 ], [ 2.151528, 7.290139 ], [ 2.151806, 7.289861 ], [ 2.151806, 7.289583 ], [ 2.152083, 7.289306 ], [ 2.152083, 7.289028 ], [ 2.152083, 7.28875 ], [ 2.152083, 7.288472 ], [ 2.152361, 7.288194 ], [ 2.152639, 7.287917 ], [ 2.152639, 7.287639 ], [ 2.152639, 7.287361 ], [ 2.152361, 7.287083 ], [ 2.152083, 7.286806 ], [ 2.152083, 7.286528 ], [ 2.151806, 7.28625 ], [ 2.151806, 7.285972 ], [ 2.152083, 7.285694 ], [ 2.152361, 7.285694 ], [ 2.152639, 7.285417 ], [ 2.152917, 7.285139 ], [ 2.153194, 7.284861 ], [ 2.153472, 7.284583 ], [ 2.15375, 7.284306 ], [ 2.15375, 7.284028 ], [ 2.15375, 7.28375 ], [ 2.15375, 7.283472 ], [ 2.154028, 7.283194 ], [ 2.154028, 7.282917 ], [ 2.154306, 7.282639 ], [ 2.154583, 7.282361 ], [ 2.154861, 7.282361 ], [ 2.155139, 7.282361 ], [ 2.155417, 7.282083 ], [ 2.155694, 7.281806 ], [ 2.155972, 7.281528 ], [ 2.15625, 7.28125 ], [ 2.156528, 7.280972 ], [ 2.156806, 7.280972 ], [ 2.157083, 7.280694 ], [ 2.157083, 7.280417 ], [ 2.157083, 7.280139 ] ] } },
{ "type": "Feature", "properties": { "strahler_order": 1, "longueur_km": 1.5034197284082222 }, "geometry": { "type": "LineString", "coordinates": [ [ 2.204861, 7.297917 ], [ 2.204583, 7.298194 ], [ 2.204306, 7.298472 ], [ 2.204306, 7.29875 ], [ 2.204583, 7.299028 ], [ 2.204861, 7.299306 ], [ 2.205139, 7.299583 ], [ 2.205139, 7.299861 ], [ 2.205139, 7.300139 ], [ 2.205417, 7.300417 ], [ 2.205694, 7.300694 ], [ 2.205972, 7.300972 ], [ 2.205694, 7.30125 ], [ 2.205694, 7.301528 ], [ 2.205694, 7.301806 ], [ 2.205694, 7.302083 ], [ 2.205694, 7.302361 ], [ 2.205694, 7.302639 ], [ 2.205694, 7.302917 ], [ 2.205694, 7.303194 ], [ 2.205694, 7.303472 ], [ 2.205694, 7.30375 ], [ 2.205972, 7.30375 ], [ 2.20625, 7.30375 ], [ 2.20625, 7.304028 ], [ 2.206528, 7.304306 ], [ 2.206528, 7.304583 ], [ 2.206528, 7.304861 ], [ 2.20625, 7.305139 ], [ 2.20625, 7.305417 ], [ 2.205972, 7.305694 ], [ 2.205972, 7.305972 ], [ 2.205972, 7.30625 ], [ 2.205972, 7.306528 ], [ 2.205972, 7.306806 ], [ 2.205972, 7.307083 ], [ 2.205972, 7.307361 ], [ 2.205972, 7.307639 ], [ 2.205972, 7.307917 ], [ 2.205972, 7.308194 ], [ 2.205972, 7.308472 ], [ 2.205972, 7.30875 ], [ 2.205972, 7.309028 ], [ 2.205972, 7.309306 ], [ 2.205972, 7.309583 ] ] } },
{ "type": "Feature", "properties": { "strahler_order": 1, "longueur_km": 0.83279607167923797 }, "geometry": { "type": "LineString", "coordinates": [ [ 2.132917, 7.297639 ], [ 2.133194, 7.297917 ], [ 2.133472, 7.297917 ], [ 2.13375, 7.297639 ], [ 2.134028, 7.297361 ], [ 2.134306, 7.297361 ], [ 2.134583, 7.297083 ], [ 2.134861, 7.297083 ], [ 2.135139, 7.297083 ], [ 2.135417, 7.297083 ], [ 2.135694, 7.297361 ], [ 2.135972, 7.297361 ], [ 2.13625, 7.297361 ], [ 2.136528, 7.297361 ], [ 2.136806, 7.297361 ], [ 2.137083, 7.297083 ], [ 2.137361, 7.296806 ], [ 2.137639, 7.296528 ], [ 2.137917, 7.29625 ], [ 2.138194, 7.29625 ], [ 2.138472, 7.295972 ], [ 2.13875, 7.295972 ], [ 2.139028, 7.295972 ], [ 2.139306, 7.295972 ] ] } },
{ "type": "Feature", "properties": { "strahler_order": 1, "longueur_km": 0.70814296201902438 }, "geometry": { "type": "LineString", "coordinates": [ [ 2.139306, 7.295972 ], [ 2.139583, 7.295694 ], [ 2.139861, 7.295694 ], [ 2.140139, 7.295694 ], [ 2.140139, 7.295417 ], [ 2.140139, 7.295139 ], [ 2.140139, 7.294861 ], [ 2.140417, 7.294583 ], [ 2.140694, 7.294306 ], [ 2.140972, 7.294028 ], [ 2.14125, 7.294028 ], [ 2.141528, 7.294028 ], [ 2.141806, 7.294028 ], [ 2.141806, 7.29375 ], [ 2.141806, 7.293472 ], [ 2.141806, 7.293194 ], [ 2.141806, 7.292917 ], [ 2.141806, 7.292639 ], [ 2.141528, 7.292361 ], [ 2.141528, 7.292083 ], [ 2.141528, 7.291806 ], [ 2.141528, 7.291528 ] ] } },
{ "type": "Feature", "properties": { "strahler_order": 1, "longueur_km": 0.24530366221719638 }, "geometry": { "type": "LineString", "coordinates": [ [ 1.967639, 7.29625 ], [ 1.967361, 7.29625 ], [ 1.967083, 7.29625 ], [ 1.966806, 7.29625 ], [ 1.966528, 7.29625 ], [ 1.96625, 7.29625 ], [ 1.965972, 7.29625 ], [ 1.965694, 7.29625 ], [ 1.965417, 7.29625 ] ] } },
{ "type": "Feature", "properties": { "strahler_order": 1, "longueur_km": 7.5790626456245187 }, "geometry": { "type": "LineString", "coordinates": [ [ 2.12375, 7.29625 ], [ 2.124028, 7.295972 ], [ 2.124028, 7.295694 ], [ 2.124306, 7.295417 ], [ 2.124583, 7.295417 ], [ 2.124861, 7.295139 ], [ 2.125139, 7.294861 ], [ 2.125417, 7.294583 ], [ 2.125694, 7.294306 ], [ 2.125972, 7.294028 ], [ 2.12625, 7.294028 ], [ 2.126528, 7.294028 ], [ 2.126806, 7.294306 ], [ 2.127083, 7.294306 ], [ 2.127361, 7.294306 ], [ 2.127639, 7.294028 ], [ 2.127917, 7.294028 ], [ 2.128194, 7.29375 ], [ 2.128472, 7.293472 ], [ 2.12875, 7.293194 ], [ 2.129028, 7.292917 ], [ 2.129306, 7.292639 ], [ 2.129583, 7.292361 ], [ 2.129583, 7.292083 ], [ 2.129583, 7.291806 ], [ 2.129583, 7.291528 ], [ 2.129306, 7.29125 ], [ 2.129306, 7.290972 ], [ 2.129306, 7.290694 ], [ 2.129028, 7.290417 ], [ 2.129028, 7.290139 ], [ 2.12875, 7.289861 ], [ 2.128472, 7.289583 ], [ 2.128472, 7.289306 ], [ 2.128472, 7.289028 ], [ 2.128472, 7.28875 ], [ 2.12875, 7.288472 ], [ 2.129028, 7.288194 ], [ 2.129306, 7.287917 ], [ 2.129583, 7.287639 ], [ 2.129861, 7.287361 ], [ 2.129861, 7.287083 ], [ 2.129861, 7.286806 ], [ 2.130139, 7.286528 ], [ 2.130417, 7.28625 ], [ 2.130694, 7.285972 ], [ 2.130694, 7.285694 ], [ 2.130417, 7.285417 ], [ 2.130417, 7.285139 ], [ 2.130417, 7.284861 ], [ 2.130417, 7.284583 ], [ 2.130694, 7.284306 ], [ 2.130972, 7.284306 ], [ 2.13125, 7.284306 ], [ 2.131528, 7.284028 ], [ 2.131528, 7.28375 ], [ 2.131528, 7.283472 ], [ 2.131806, 7.283194 ], [ 2.132083, 7.283194 ], [ 2.132361, 7.282917 ], [ 2.132639, 7.282639 ], [ 2.132917, 7.282361 ], [ 2.133194, 7.282361 ], [ 2.133472, 7.282361 ], [ 2.13375, 7.282361 ], [ 2.134028, 7.282639 ], [ 2.134306, 7.282361 ], [ 2.134583, 7.282361 ], [ 2.134583, 7.282083 ], [ 2.134583, 7.281806 ], [ 2.134583, 7.281528 ], [ 2.134583, 7.28125 ], [ 2.134861, 7.280972 ], [ 2.134861, 7.280694 ], [ 2.134861, 7.280417 ], [ 2.135139, 7.280139 ], [ 2.135417, 7.280139 ], [ 2.135694, 7.280139 ], [ 2.135972, 7.279861 ], [ 2.13625, 7.279861 ], [ 2.136528, 7.279861 ], [ 2.136806, 7.279861 ], [ 2.137083, 7.280139 ], [ 2.137361, 7.280417 ], [ 2.137639, 7.280694 ], [ 2.137917, 7.280694 ], [ 2.138194, 7.280972 ], [ 2.138472, 7.280972 ], [ 2.13875, 7.280694 ], [ 2.139028, 7.280417 ], [ 2.139306, 7.280139 ], [ 2.139583, 7.279861 ], [ 2.139861, 7.279583 ], [ 2.140139, 7.279306 ], [ 2.140417, 7.279028 ], [ 2.140694, 7.27875 ], [ 2.140972, 7.278472 ], [ 2.14125, 7.278194 ], [ 2.141528, 7.277917 ], [ 2.141806, 7.277639 ], [ 2.142083, 7.277361 ], [ 2.142361, 7.277083 ], [ 2.142639, 7.276806 ], [ 2.142917, 7.276806 ], [ 2.143194, 7.276528 ], [ 2.143472, 7.27625 ], [ 2.14375, 7.275972 ], [ 2.144028, 7.275694 ], [ 2.144306, 7.275417 ], [ 2.144583, 7.275417 ], [ 2.144861, 7.275417 ], [ 2.145139, 7.275417 ], [ 2.145417, 7.275417 ], [ 2.145694, 7.275139 ], [ 2.145972, 7.274861 ], [ 2.14625, 7.274583 ], [ 2.146528, 7.274306 ], [ 2.146806, 7.274306 ], [ 2.147083, 7.274306 ], [ 2.147361, 7.274028 ], [ 2.147639, 7.27375 ], [ 2.147639, 7.273472 ], [ 2.147917, 7.273194 ], [ 2.148194, 7.272917 ], [ 2.148472, 7.272639 ], [ 2.148472, 7.272361 ], [ 2.14875, 7.272083 ], [ 2.149028, 7.271806 ], [ 2.149028, 7.271528 ], [ 2.149028, 7.27125 ], [ 2.149306, 7.270972 ], [ 2.149583, 7.270972 ], [ 2.149861, 7.270694 ], [ 2.150139, 7.270694 ], [ 2.150417, 7.270972 ], [ 2.150694, 7.270972 ], [ 2.150972, 7.27125 ], [ 2.15125, 7.27125 ], [ 2.151528, 7.271528 ], [ 2.151806, 7.271806 ], [ 2.152083, 7.271528 ], [ 2.152361, 7.27125 ], [ 2.152639, 7.270972 ], [ 2.152917, 7.270694 ], [ 2.153194, 7.270972 ], [ 2.153472, 7.27125 ], [ 2.15375, 7.271528 ], [ 2.154028, 7.271528 ], [ 2.154306, 7.271528 ], [ 2.154583, 7.271528 ], [ 2.154861, 7.271528 ], [ 2.155139, 7.271528 ], [ 2.155417, 7.271528 ], [ 2.155694, 7.271528 ], [ 2.155972, 7.271528 ], [ 2.15625, 7.271528 ], [ 2.156528, 7.271528 ], [ 2.156806, 7.27125 ], [ 2.157083, 7.270972 ], [ 2.157083, 7.270694 ], [ 2.157083, 7.270417 ], [ 2.157361, 7.270139 ], [ 2.157639, 7.270139 ], [ 2.157917, 7.270139 ], [ 2.158194, 7.270417 ], [ 2.158472, 7.270417 ], [ 2.15875, 7.270139 ], [ 2.159028, 7.269861 ], [ 2.159306, 7.269583 ], [ 2.159306, 7.269306 ], [ 2.159306, 7.269028 ], [ 2.159306, 7.26875 ], [ 2.159306, 7.268472 ], [ 2.159583, 7.268194 ], [ 2.159861, 7.268194 ], [ 2.160139, 7.267917 ], [ 2.160417, 7.267917 ], [ 2.160694, 7.267917 ], [ 2.160972, 7.267917 ], [ 2.16125, 7.267917 ], [ 2.161528, 7.267917 ], [ 2.161806, 7.267917 ], [ 2.162083, 7.267917 ], [ 2.162361, 7.267917 ], [ 2.162639, 7.267639 ], [ 2.162917, 7.267361 ], [ 2.163194, 7.267083 ], [ 2.163472, 7.266806 ], [ 2.16375, 7.266806 ], [ 2.164028, 7.266806 ], [ 2.164306, 7.266528 ], [ 2.164583, 7.26625 ], [ 2.164861, 7.265972 ], [ 2.165139, 7.265694 ], [ 2.165417, 7.265417 ], [ 2.165417, 7.265139 ], [ 2.165694, 7.264861 ], [ 2.165972, 7.264583 ], [ 2.16625, 7.264861 ], [ 2.166528, 7.265139 ], [ 2.166806, 7.265417 ], [ 2.167083, 7.265694 ] ] } },
{ "type": "Feature", "properties": { "strahler_order": 1, "longueur_km": 0.79519624466255456 }, "geometry": { "type": "LineString", "coordinates": [ [ 1.944861, 7.295972 ], [ 1.944861, 7.295694 ], [ 1.945139, 7.295417 ], [ 1.945417, 7.295139 ], [ 1.945694, 7.295139 ], [ 1.945694, 7.294861 ], [ 1.945694, 7.294583 ], [ 1.945694, 7.294306 ], [ 1.945694, 7.294028 ], [ 1.945694, 7.29375 ], [ 1.945694, 7.293472 ], [ 1.945694, 7.293194 ], [ 1.945694, 7.292917 ], [ 1.945694, 7.292639 ], [ 1.945972, 7.292361 ], [ 1.945972, 7.292083 ], [ 1.94625, 7.291806 ], [ 1.94625, 7.291528 ], [ 1.94625, 7.29125 ], [ 1.946528, 7.290972 ], [ 1.946528, 7.290694 ], [ 1.94625, 7.290694 ], [ 1.945972, 7.290417 ], [ 1.945694, 7.290139 ] ] } },
{ "type": "Feature", "properties": { "strahler_order": 1, "longueur_km": 1.6739105780143186 }, "geometry": { "type": "LineString", "coordinates": [ [ 2.052361, 7.295694 ], [ 2.052639, 7.295417 ], [ 2.052917, 7.295139 ], [ 2.053194, 7.294861 ], [ 2.053194, 7.294583 ], [ 2.053194, 7.294306 ], [ 2.053472, 7.294028 ], [ 2.05375, 7.29375 ], [ 2.05375, 7.293472 ], [ 2.054028, 7.293194 ], [ 2.054028, 7.292917 ], [ 2.054028, 7.292639 ], [ 2.05375, 7.292361 ], [ 2.053472, 7.292083 ], [ 2.053472, 7.291806 ], [ 2.053194, 7.291528 ], [ 2.053194, 7.29125 ], [ 2.053472, 7.290972 ], [ 2.05375, 7.290694 ], [ 2.05375, 7.290417 ], [ 2.05375, 7.290139 ], [ 2.05375, 7.289861 ], [ 2.05375, 7.289583 ], [ 2.054028, 7.289306 ], [ 2.05375, 7.289028 ], [ 2.05375, 7.28875 ], [ 2.05375, 7.288472 ], [ 2.05375, 7.288194 ], [ 2.054028, 7.287917 ], [ 2.054028, 7.287639 ], [ 2.054306, 7.287361 ], [ 2.054583, 7.287083 ], [ 2.054861, 7.287083 ], [ 2.055139, 7.286806 ], [ 2.055139, 7.286528 ], [ 2.055139, 7.28625 ], [ 2.054861, 7.285972 ], [ 2.054583, 7.285694 ], [ 2.054306, 7.285694 ], [ 2.054028, 7.285417 ], [ 2.05375, 7.285139 ], [ 2.05375, 7.284861 ], [ 2.053472, 7.284583 ], [ 2.053472, 7.284306 ], [ 2.053194, 7.284028 ], [ 2.053194, 7.28375 ] ] } },
{ "type": "Feature", "properties": { "strahler_order": 1, "longueur_km": 1.1678915048524796 }, "geometry": { "type": "LineString", "coordinates": [ [ 2.192361, 7.295694 ], [ 2.192639, 7.295972 ], [ 2.192639, 7.29625 ], [ 2.192917, 7.296528 ], [ 2.193194, 7.29625 ], [ 2.193472, 7.296528 ], [ 2.19375, 7.296806 ], [ 2.194028, 7.297083 ], [ 2.194306, 7.297361 ], [ 2.194306, 7.297639 ], [ 2.194583, 7.297917 ], [ 2.194861, 7.298194 ], [ 2.195139, 7.298472 ], [ 2.195417, 7.29875 ], [ 2.195417, 7.299028 ], [ 2.195694, 7.299306 ], [ 2.195972, 7.299583 ], [ 2.19625, 7.299861 ], [ 2.19625, 7.300139 ], [ 2.19625, 7.300417 ], [ 2.19625, 7.300694 ], [ 2.196528, 7.300972 ], [ 2.196528, 7.30125 ], [ 2.196528, 7.301528 ], [ 2.196528, 7.301806 ], [ 2.196528, 7.302083 ], [ 2.196528, 7.302361 ], [ 2.196528, 7.302639 ], [ 2.196528, 7.302917 ], [ 2.19625, 7.303194 ], [ 2.196528, 7.303472 ], [ 2.196528, 7.30375 ] ] } },
{ "type": "Feature", "properties": { "strahler_order": 1, "longueur_km": 0.94302241478914128 }, "geometry": { "type": "LineString", "coordinates": [ [ 2.190417, 7.295417 ], [ 2.190694, 7.295694 ], [ 2.190694, 7.295972 ], [ 2.190417, 7.29625 ], [ 2.190417, 7.296528 ], [ 2.190417, 7.296806 ], [ 2.190417, 7.297083 ], [ 2.190417, 7.297361 ], [ 2.190417, 7.297639 ], [ 2.190417, 7.297917 ], [ 2.190417, 7.298194 ], [ 2.190139, 7.298472 ], [ 2.189861, 7.29875 ], [ 2.189861, 7.299028 ], [ 2.189861, 7.299306 ], [ 2.189583, 7.299583 ], [ 2.189306, 7.299861 ], [ 2.189306, 7.300139 ], [ 2.189306, 7.300417 ], [ 2.189583, 7.300694 ], [ 2.189861, 7.300972 ], [ 2.189861, 7.30125 ], [ 2.190139, 7.30125 ], [ 2.190417, 7.30125 ], [ 2.190694, 7.30125 ], [ 2.190972, 7.30125 ], [ 2.19125, 7.30125 ], [ 2.191528, 7.301528 ] ] } },
{ "type": "Feature", "properties": { "strahler_order": 1, "longueur_km": 1.8197315072440881 }, "geometry": { "type": "LineString", "coordinates": [ [ 2.089861, 7.294583 ], [ 2.090139, 7.294306 ], [ 2.090417, 7.294028 ], [ 2.090694, 7.29375 ], [ 2.090972, 7.293472 ], [ 2.090972, 7.293194 ], [ 2.090972, 7.292917 ], [ 2.090972, 7.292639 ], [ 2.090694, 7.292361 ], [ 2.090417, 7.292361 ], [ 2.090139, 7.292083 ], [ 2.090139, 7.291806 ], [ 2.090139, 7.291528 ], [ 2.089861, 7.29125 ], [ 2.089861, 7.290972 ], [ 2.089861, 7.290694 ], [ 2.090139, 7.290417 ], [ 2.090417, 7.290139 ], [ 2.090694, 7.290139 ], [ 2.090972, 7.290139 ], [ 2.090972, 7.289861 ], [ 2.090972, 7.289583 ], [ 2.090972, 7.289306 ], [ 2.090972, 7.289028 ], [ 2.090694, 7.28875 ], [ 2.090417, 7.288472 ], [ 2.090417, 7.288194 ], [ 2.090417, 7.287917 ], [ 2.090139, 7.287639 ], [ 2.090139, 7.287361 ], [ 2.090139, 7.287083 ], [ 2.089861, 7.286806 ], [ 2.089861, 7.286528 ], [ 2.089583, 7.28625 ], [ 2.089583, 7.285972 ], [ 2.089861, 7.285694 ], [ 2.090139, 7.285694 ], [ 2.090417, 7.285694 ], [ 2.090694, 7.285694 ], [ 2.090972, 7.285417 ], [ 2.09125, 7.285139 ], [ 2.09125, 7.284861 ], [ 2.09125, 7.284583 ], [ 2.090972, 7.284306 ], [ 2.090694, 7.284028 ], [ 2.090694, 7.28375 ], [ 2.090694, 7.283472 ], [ 2.090694, 7.283194 ], [ 2.090694, 7.282917 ], [ 2.090417, 7.282639 ], [ 2.090417, 7.282361 ], [ 2.090417, 7.282083 ] ] } },
{ "type": "Feature", "properties": { "strahler_order": 1, "longueur_km": 0.26029856258143869 }, "geometry": { "type": "LineString", "coordinates": [ [ 2.090417, 7.282083 ], [ 2.090694, 7.281806 ], [ 2.090972, 7.281528 ], [ 2.09125, 7.28125 ], [ 2.091528, 7.280972 ], [ 2.091806, 7.280694 ], [ 2.092083, 7.280417 ] ] } },
{ "type": "Feature", "properties": { "strahler_order": 1, "longueur_km": 0.35259661656396679 }, "geometry": { "type": "LineString", "coordinates": [ [ 1.949861, 7.294028 ], [ 1.949861, 7.29375 ], [ 1.950139, 7.293472 ], [ 1.950139, 7.293194 ], [ 1.949861, 7.292917 ], [ 1.949861, 7.292639 ], [ 1.950139, 7.292361 ], [ 1.950417, 7.292083 ], [ 1.950694, 7.291806 ], [ 1.950972, 7.291528 ] ] } },
{ "type": "Feature", "properties": { "strahler_order": 1, "longueur_km": 0.25318119699457881 }, "geometry": { "type": "LineString", "coordinates": [ [ 1.950972, 7.291528 ], [ 1.950972, 7.29125 ], [ 1.950972, 7.290972 ], [ 1.950972, 7.290694 ], [ 1.95125, 7.290417 ], [ 1.95125, 7.290139 ], [ 1.950972, 7.289861 ], [ 1.950694, 7.289583 ] ] } },
{ "type": "Feature", "properties": { "strahler_order": 1, "longueur_km": 0.99369590286636333 }, "geometry": { "type": "LineString", "coordinates": [ [ 2.00125, 7.294028 ], [ 2.00125, 7.294306 ], [ 2.00125, 7.294583 ], [ 2.000972, 7.294861 ], [ 2.000694, 7.295139 ], [ 2.000417, 7.295417 ], [ 2.000139, 7.295694 ], [ 2.000139, 7.295972 ], [ 1.999861, 7.295972 ], [ 1.999583, 7.29625 ], [ 1.999306, 7.29625 ], [ 1.999028, 7.296528 ], [ 1.99875, 7.296528 ], [ 1.998472, 7.29625 ], [ 1.998194, 7.29625 ], [ 1.997917, 7.29625 ], [ 1.997639, 7.29625 ], [ 1.997639, 7.296528 ], [ 1.997361, 7.296806 ], [ 1.997083, 7.297083 ], [ 1.996806, 7.297083 ], [ 1.996528, 7.296806 ], [ 1.996528, 7.296528 ], [ 1.99625, 7.29625 ], [ 1.995972, 7.295972 ], [ 1.995694, 7.295972 ], [ 1.995417, 7.295972 ], [ 1.995139, 7.29625 ] ] } },
{ "type": "Feature", "properties": { "strahler_order": 1, "longueur_km": 3.4748469054083593 }, "geometry": { "type": "LineString", "coordinates": [ [ 2.11625, 7.294028 ], [ 2.116528, 7.29375 ], [ 2.116806, 7.29375 ], [ 2.117083, 7.29375 ], [ 2.117361, 7.29375 ], [ 2.117639, 7.29375 ], [ 2.117917, 7.293472 ], [ 2.118194, 7.293194 ], [ 2.118194, 7.292917 ], [ 2.118472, 7.292639 ], [ 2.11875, 7.292361 ], [ 2.119028, 7.292083 ], [ 2.119028, 7.291806 ], [ 2.119028, 7.291528 ], [ 2.119028, 7.29125 ], [ 2.119028, 7.290972 ], [ 2.119306, 7.290694 ], [ 2.119583, 7.290417 ], [ 2.119861, 7.290417 ], [ 2.120139, 7.290417 ], [ 2.120417, 7.290417 ], [ 2.120694, 7.290139 ], [ 2.120694, 7.289861 ], [ 2.120694, 7.289583 ], [ 2.120694, 7.289306 ], [ 2.120417, 7.289028 ], [ 2.120139, 7.28875 ], [ 2.120139, 7.288472 ], [ 2.120139, 7.288194 ], [ 2.120139, 7.287917 ], [ 2.120139, 7.287639 ], [ 2.120417, 7.287361 ], [ 2.120417, 7.287083 ], [ 2.120417, 7.286806 ], [ 2.120417, 7.286528 ], [ 2.120694, 7.28625 ], [ 2.120972, 7.285972 ], [ 2.12125, 7.285694 ], [ 2.121528, 7.285417 ], [ 2.121806, 7.285417 ], [ 2.122083, 7.285139 ], [ 2.122361, 7.284861 ], [ 2.122361, 7.284583 ], [ 2.122361, 7.284306 ], [ 2.122639, 7.284028 ], [ 2.122917, 7.28375 ], [ 2.123194, 7.283472 ], [ 2.123472, 7.283194 ], [ 2.12375, 7.282917 ], [ 2.124028, 7.282639 ], [ 2.124306, 7.282639 ], [ 2.124583, 7.282639 ], [ 2.124861, 7.282639 ], [ 2.124861, 7.282361 ], [ 2.124861, 7.282083 ], [ 2.124861, 7.281806 ], [ 2.124861, 7.281528 ], [ 2.124861, 7.28125 ], [ 2.124861, 7.280972 ], [ 2.124583, 7.280694 ], [ 2.124306, 7.280417 ], [ 2.124306, 7.280139 ], [ 2.124583, 7.279861 ], [ 2.124861, 7.279583 ], [ 2.125139, 7.279306 ], [ 2.125417, 7.279306 ], [ 2.125694, 7.279306 ], [ 2.125972, 7.279028 ], [ 2.12625, 7.27875 ], [ 2.126528, 7.278472 ], [ 2.126528, 7.278194 ], [ 2.126528, 7.277917 ], [ 2.126528, 7.277639 ], [ 2.126806, 7.277361 ], [ 2.127083, 7.277083 ], [ 2.127361, 7.276806 ], [ 2.127361, 7.276528 ], [ 2.127361, 7.27625 ], [ 2.127639, 7.275972 ], [ 2.127917, 7.275694 ], [ 2.128194, 7.275694 ], [ 2.128472, 7.275694 ], [ 2.12875, 7.275417 ], [ 2.129028, 7.275139 ], [ 2.129306, 7.274861 ], [ 2.129583, 7.274583 ], [ 2.129583, 7.274306 ], [ 2.129583, 7.274028 ], [ 2.129583, 7.27375 ], [ 2.129583, 7.273472 ], [ 2.129861, 7.273472 ], [ 2.130139, 7.273194 ], [ 2.130417, 7.273194 ], [ 2.130417, 7.272917 ], [ 2.130694, 7.272639 ], [ 2.130972, 7.272361 ] ] } },
{ "type": "Feature", "properties": { "strahler_order": 1, "longueur_km": 2.3836551149410496 }, "geometry": { "type": "LineString", "coordinates": [ [ 2.069583, 7.293472 ], [ 2.069861, 7.293194 ], [ 2.069861, 7.292917 ], [ 2.069861, 7.292639 ], [ 2.069583, 7.292361 ], [ 2.069583, 7.292083 ], [ 2.069861, 7.291806 ], [ 2.069861, 7.291528 ], [ 2.069861, 7.29125 ], [ 2.070139, 7.290972 ], [ 2.070417, 7.290972 ], [ 2.070694, 7.290694 ], [ 2.070972, 7.290694 ], [ 2.07125, 7.290694 ], [ 2.071528, 7.290417 ], [ 2.071806, 7.290139 ], [ 2.072083, 7.289861 ], [ 2.072083, 7.289583 ], [ 2.072361, 7.289306 ], [ 2.072639, 7.289028 ], [ 2.072917, 7.28875 ], [ 2.073194, 7.288472 ], [ 2.073472, 7.288194 ], [ 2.073472, 7.287917 ], [ 2.073472, 7.287639 ], [ 2.07375, 7.287639 ], [ 2.074028, 7.287639 ], [ 2.074306, 7.287361 ], [ 2.074583, 7.287639 ], [ 2.074861, 7.287917 ], [ 2.075139, 7.288194 ], [ 2.075417, 7.288472 ], [ 2.075694, 7.28875 ], [ 2.075972, 7.28875 ], [ 2.07625, 7.28875 ], [ 2.07625, 7.288472 ], [ 2.076528, 7.288194 ], [ 2.076528, 7.287917 ], [ 2.076806, 7.287639 ], [ 2.077083, 7.287639 ], [ 2.077361, 7.287917 ], [ 2.077639, 7.287917 ], [ 2.077917, 7.287917 ], [ 2.078194, 7.287917 ], [ 2.078472, 7.287917 ], [ 2.07875, 7.287639 ], [ 2.079028, 7.287361 ], [ 2.079028, 7.287083 ], [ 2.079028, 7.286806 ], [ 2.079306, 7.286528 ], [ 2.079583, 7.28625 ], [ 2.079583, 7.285972 ], [ 2.079583, 7.285694 ], [ 2.079583, 7.285417 ], [ 2.079861, 7.285139 ], [ 2.080139, 7.284861 ], [ 2.080417, 7.284583 ], [ 2.080694, 7.284306 ], [ 2.080972, 7.284306 ], [ 2.08125, 7.284306 ], [ 2.081528, 7.284306 ], [ 2.081806, 7.284306 ], [ 2.082083, 7.284028 ], [ 2.082361, 7.28375 ], [ 2.082639, 7.283472 ] ] } },
{ "type": "Feature", "properties": { "strahler_order": 1, "longueur_km": 1.7091776168011794 }, "geometry": { "type": "LineString", "coordinates": [ [ 2.082639, 7.283472 ], [ 2.082917, 7.283194 ], [ 2.083194, 7.282917 ], [ 2.083472, 7.282639 ], [ 2.08375, 7.282361 ], [ 2.084028, 7.282361 ], [ 2.084306, 7.282361 ], [ 2.084583, 7.282083 ], [ 2.084861, 7.281806 ], [ 2.085139, 7.281528 ], [ 2.085139, 7.28125 ], [ 2.084861, 7.280972 ], [ 2.084861, 7.280694 ], [ 2.085139, 7.280417 ], [ 2.085417, 7.280139 ], [ 2.085417, 7.279861 ], [ 2.085417, 7.279583 ], [ 2.085417, 7.279306 ], [ 2.085694, 7.279028 ], [ 2.085972, 7.27875 ], [ 2.085972, 7.278472 ], [ 2.085972, 7.278194 ], [ 2.085972, 7.277917 ], [ 2.08625, 7.277917 ], [ 2.086528, 7.277639 ], [ 2.086806, 7.277639 ], [ 2.087083, 7.277639 ], [ 2.087361, 7.277639 ], [ 2.087639, 7.277361 ], [ 2.087917, 7.277083 ], [ 2.087917, 7.276806 ], [ 2.088194, 7.276528 ], [ 2.088472, 7.27625 ], [ 2.08875, 7.275972 ], [ 2.089028, 7.275972 ], [ 2.089306, 7.275972 ], [ 2.089583, 7.275694 ], [ 2.089861, 7.275694 ], [ 2.090139, 7.275694 ], [ 2.090417, 7.275694 ], [ 2.090694, 7.275417 ], [ 2.090972, 7.275417 ], [ 2.09125, 7.275417 ], [ 2.091528, 7.275139 ], [ 2.091806, 7.275139 ], [ 2.092083, 7.275139 ], [ 2.092361, 7.275139 ], [ 2.092639, 7.275139 ] ] } },
{ "type": "Feature", "properties": { "strahler_order": 1, "longueur_km": 0.030688969501881064 }, "geometry": { "type": "LineString", "coordinates": [ [ 2.175139, 7.293194 ], [ 2.175417, 7.293194 ] ] } },
{ "type": "Feature", "properties": { "strahler_order": 1, "longueur_km": 0.74610349680246268 }, "geometry": { "type": "LineString", "coordinates": [ [ 1.912639, 7.292917 ], [ 1.912361, 7.292917 ], [ 1.912083, 7.292917 ], [ 1.911806, 7.292639 ], [ 1.911528, 7.292639 ], [ 1.91125, 7.292361 ], [ 1.910972, 7.292361 ], [ 1.910694, 7.292361 ], [ 1.910417, 7.292361 ], [ 1.910139, 7.292639 ], [ 1.909861, 7.292917 ], [ 1.909583, 7.293194 ], [ 1.909306, 7.293472 ], [ 1.909306, 7.29375 ], [ 1.909306, 7.294028 ], [ 1.909306, 7.294306 ], [ 1.909306, 7.294583 ], [ 1.909028, 7.294861 ], [ 1.90875, 7.294861 ], [ 1.908472, 7.295139 ], [ 1.908194, 7.295139 ], [ 1.907917, 7.295139 ] ] } },
{ "type": "Feature", "properties": { "strahler_order": 1, "longueur_km": 1.6298227178813565 }, "geometry": { "type": "LineString", "coordinates": [ [ 1.907917, 7.295139 ], [ 1.907639, 7.294861 ], [ 1.907361, 7.294583 ], [ 1.907083, 7.294306 ], [ 1.906806, 7.294306 ], [ 1.906528, 7.294028 ], [ 1.90625, 7.294028 ], [ 1.905972, 7.294028 ], [ 1.905694, 7.294028 ], [ 1.905417, 7.294028 ], [ 1.905139, 7.29375 ], [ 1.904861, 7.293472 ], [ 1.904583, 7.293194 ], [ 1.904306, 7.292917 ], [ 1.904028, 7.292639 ], [ 1.904028, 7.292361 ], [ 1.904028, 7.292083 ], [ 1.904028, 7.291806 ], [ 1.904028, 7.291528 ], [ 1.90375, 7.29125 ], [ 1.903472, 7.290972 ], [ 1.903194, 7.290694 ], [ 1.902917, 7.290417 ], [ 1.902639, 7.290417 ], [ 1.902361, 7.290417 ], [ 1.902083, 7.290417 ], [ 1.901806, 7.290417 ], [ 1.901528, 7.290417 ], [ 1.90125, 7.290139 ], [ 1.900972, 7.289861 ], [ 1.900694, 7.289861 ], [ 1.900417, 7.289861 ], [ 1.900139, 7.289583 ], [ 1.899861, 7.289306 ], [ 1.899583, 7.289028 ], [ 1.899306, 7.28875 ], [ 1.899306, 7.288472 ], [ 1.899306, 7.288194 ], [ 1.899028, 7.287917 ], [ 1.89875, 7.287639 ], [ 1.898472, 7.287639 ], [ 1.898194, 7.287639 ], [ 1.897917, 7.287639 ], [ 1.897639, 7.287917 ], [ 1.897361, 7.287917 ] ] } },
{ "type": "Feature", "properties": { "strahler_order": 1, "longueur_km": 2.0816342049920191 }, "geometry": { "type": "LineString", "coordinates": [ [ 2.041806, 7.292917 ], [ 2.042083, 7.292639 ], [ 2.042361, 7.292639 ], [ 2.042639, 7.292639 ], [ 2.042917, 7.292639 ], [ 2.043194, 7.292361 ], [ 2.043472, 7.292361 ], [ 2.04375, 7.292361 ], [ 2.044028, 7.292083 ], [ 2.044306, 7.291806 ], [ 2.044583, 7.291528 ], [ 2.044861, 7.29125 ], [ 2.045139, 7.290972 ], [ 2.045139, 7.290694 ], [ 2.045139, 7.290417 ], [ 2.045139, 7.290139 ], [ 2.045417, 7.289861 ], [ 2.045417, 7.289583 ], [ 2.045417, 7.289306 ], [ 2.045694, 7.289028 ], [ 2.045972, 7.289028 ], [ 2.04625, 7.28875 ], [ 2.046528, 7.288472 ], [ 2.046806, 7.288194 ], [ 2.047083, 7.287917 ], [ 2.047361, 7.287917 ], [ 2.047639, 7.287917 ], [ 2.047917, 7.287917 ], [ 2.048194, 7.288194 ], [ 2.048472, 7.288194 ], [ 2.04875, 7.287917 ], [ 2.049028, 7.287639 ], [ 2.049306, 7.287639 ], [ 2.049583, 7.287361 ], [ 2.049583, 7.287083 ], [ 2.049306, 7.286806 ], [ 2.049028, 7.286528 ], [ 2.049028, 7.28625 ], [ 2.049028, 7.285972 ], [ 2.049306, 7.285694 ], [ 2.049583, 7.285417 ], [ 2.049861, 7.285139 ], [ 2.050139, 7.285139 ], [ 2.050417, 7.285139 ], [ 2.050417, 7.284861 ], [ 2.050694, 7.284583 ], [ 2.050694, 7.284306 ], [ 2.050972, 7.284028 ], [ 2.05125, 7.284028 ], [ 2.051528, 7.284306 ], [ 2.051806, 7.284583 ], [ 2.052083, 7.284861 ], [ 2.052361, 7.284583 ], [ 2.052639, 7.284306 ], [ 2.052917, 7.284028 ], [ 2.053194, 7.28375 ] ] } },
{ "type": "Feature", "properties": { "strahler_order": 1, "longueur_km": 1.7727005525038637 }, "geometry": { "type": "LineString", "coordinates": [ [ 2.053194, 7.28375 ], [ 2.053472, 7.283472 ], [ 2.05375, 7.283194 ], [ 2.054028, 7.282917 ], [ 2.054028, 7.282639 ], [ 2.054306, 7.282361 ], [ 2.054583, 7.282083 ], [ 2.054861, 7.282083 ], [ 2.055139, 7.281806 ], [ 2.055417, 7.281528 ], [ 2.055694, 7.28125 ], [ 2.055972, 7.28125 ], [ 2.05625, 7.280972 ], [ 2.056528, 7.280972 ], [ 2.056806, 7.280972 ], [ 2.057083, 7.280972 ], [ 2.057361, 7.280972 ], [ 2.057639, 7.28125 ], [ 2.057917, 7.281528 ], [ 2.058194, 7.281806 ], [ 2.058472, 7.281806 ], [ 2.05875, 7.281806 ], [ 2.059028, 7.281806 ], [ 2.059306, 7.281528 ], [ 2.059583, 7.28125 ], [ 2.059861, 7.28125 ], [ 2.060139, 7.281528 ], [ 2.060417, 7.281528 ], [ 2.060694, 7.28125 ], [ 2.060972, 7.280972 ], [ 2.060972, 7.280694 ], [ 2.06125, 7.280417 ], [ 2.061528, 7.280139 ], [ 2.061806, 7.280139 ], [ 2.062083, 7.280139 ], [ 2.062361, 7.280139 ], [ 2.062639, 7.279861 ], [ 2.062917, 7.279583 ], [ 2.063194, 7.279306 ], [ 2.063472, 7.279028 ], [ 2.06375, 7.279028 ], [ 2.064028, 7.27875 ], [ 2.064306, 7.278472 ], [ 2.064583, 7.278472 ], [ 2.064861, 7.278472 ], [ 2.065139, 7.278472 ], [ 2.065417, 7.27875 ], [ 2.065694, 7.27875 ] ] } },
{ "type": "Feature", "properties": { "strahler_order": 1, "longueur_km": 0.91795552336898845 }, "geometry": { "type": "LineString", "coordinates": [ [ 2.18375, 7.292917 ], [ 2.184028, 7.293194 ], [ 2.184306, 7.293472 ], [ 2.184306, 7.29375 ], [ 2.184306, 7.294028 ], [ 2.184306, 7.294306 ], [ 2.184306, 7.294583 ], [ 2.184583, 7.294861 ], [ 2.184583, 7.295139 ], [ 2.184583, 7.295417 ], [ 2.184583, 7.295694 ], [ 2.184583, 7.295972 ], [ 2.184583, 7.29625 ], [ 2.184306, 7.296528 ], [ 2.184028, 7.296806 ], [ 2.184028, 7.297083 ], [ 2.184028, 7.297361 ], [ 2.184028, 7.297639 ], [ 2.184028, 7.297917 ], [ 2.184028, 7.298194 ], [ 2.184028, 7.298472 ], [ 2.184306, 7.29875 ], [ 2.184028, 7.299028 ], [ 2.184028, 7.299306 ], [ 2.184028, 7.299583 ], [ 2.184028, 7.299861 ], [ 2.184028, 7.300139 ], [ 2.184028, 7.300417 ] ] } },
{ "type": "Feature", "properties": { "strahler_order": 1, "longueur_km": 1.5414400733924738 }, "geometry": { "type": "LineString", "coordinates": [ [ 2.196528, 7.292361 ], [ 2.196806, 7.292639 ], [ 2.196806, 7.292917 ], [ 2.197083, 7.293194 ], [ 2.197361, 7.293472 ], [ 2.197639, 7.29375 ], [ 2.197639, 7.294028 ], [ 2.197639, 7.294306 ], [ 2.197917, 7.294583 ], [ 2.197917, 7.294861 ], [ 2.197917, 7.295139 ], [ 2.198194, 7.295417 ], [ 2.198472, 7.295694 ], [ 2.198472, 7.295972 ], [ 2.198472, 7.29625 ], [ 2.198472, 7.296528 ], [ 2.198472, 7.296806 ], [ 2.198472, 7.297083 ], [ 2.198472, 7.297361 ], [ 2.198472, 7.297639 ], [ 2.198472, 7.297917 ], [ 2.198472, 7.298194 ], [ 2.19875, 7.298472 ], [ 2.19875, 7.29875 ], [ 2.198472, 7.29875 ], [ 2.198194, 7.299028 ], [ 2.198194, 7.299306 ], [ 2.198194, 7.299583 ], [ 2.198194, 7.299861 ], [ 2.198194, 7.300139 ], [ 2.197917, 7.300417 ], [ 2.197917, 7.300694 ], [ 2.197917, 7.300972 ], [ 2.197917, 7.30125 ], [ 2.197917, 7.301528 ], [ 2.197917, 7.301806 ], [ 2.197917, 7.302083 ], [ 2.197917, 7.302361 ], [ 2.198194, 7.302639 ], [ 2.198472, 7.302917 ], [ 2.198472, 7.303194 ], [ 2.19875, 7.303472 ], [ 2.199028, 7.30375 ], [ 2.199306, 7.30375 ], [ 2.199583, 7.304028 ] ] } },
{ "type": "Feature", "properties": { "strahler_order": 1, "longueur_km": 0.26570704462211786 }, "geometry": { "type": "LineString", "coordinates": [ [ 2.174306, 7.29125 ], [ 2.174583, 7.291528 ], [ 2.174861, 7.291806 ], [ 2.175139, 7.292083 ], [ 2.175139, 7.292361 ], [ 2.175139, 7.292639 ], [ 2.175139, 7.292917 ], [ 2.175417, 7.293194 ] ] } },
{ "type": "Feature", "properties": { "strahler_order": 1, "longueur_km": 0.11747827426422691 }, "geometry": { "type": "LineString", "coordinates": [ [ 2.175417, 7.293194 ], [ 2.175694, 7.293472 ], [ 2.175972, 7.29375 ], [ 2.17625, 7.29375 ] ] } },
{ "type": "Feature", "properties": { "strahler_order": 1, "longueur_km": 0.31444060509514876 }, "geometry": { "type": "LineString", "coordinates": [ [ 1.898194, 7.290417 ], [ 1.897917, 7.290139 ], [ 1.897639, 7.289861 ], [ 1.897361, 7.289583 ], [ 1.897361, 7.289306 ], [ 1.897361, 7.289028 ], [ 1.897361, 7.28875 ], [ 1.897361, 7.288472 ], [ 1.897361, 7.288194 ], [ 1.897361, 7.287917 ] ] } },
{ "type": "Feature", "properties": { "strahler_order": 1, "longueur_km": 0.59282430502545436 }, "geometry": { "type": "LineString", "coordinates": [ [ 1.897361, 7.287917 ], [ 1.897083, 7.287639 ], [ 1.896806, 7.287361 ], [ 1.896528, 7.287083 ], [ 1.89625, 7.287083 ], [ 1.895972, 7.287361 ], [ 1.895694, 7.287083 ], [ 1.895417, 7.286806 ], [ 1.895417, 7.286528 ], [ 1.895417, 7.28625 ], [ 1.895417, 7.285972 ], [ 1.895417, 7.285694 ], [ 1.895417, 7.285417 ], [ 1.895694, 7.285139 ], [ 1.895972, 7.284861 ], [ 1.895972, 7.284583 ], [ 1.895972, 7.284306 ] ] } },
{ "type": "Feature", "properties": { "strahler_order": 1, "longueur_km": 0.38860320735530418 }, "geometry": { "type": "LineString", "coordinates": [ [ 1.995972, 7.290417 ], [ 1.995694, 7.290694 ], [ 1.995694, 7.290972 ], [ 1.995972, 7.29125 ], [ 1.995972, 7.291528 ], [ 1.99625, 7.291806 ], [ 1.99625, 7.292083 ], [ 1.99625, 7.292361 ], [ 1.99625, 7.292639 ], [ 1.996528, 7.292917 ], [ 1.996528, 7.293194 ], [ 1.996528, 7.293472 ] ] } },
{ "type": "Feature", "properties": { "strahler_order": 1, "longueur_km": 0.29638432556682182 }, "geometry": { "type": "LineString", "coordinates": [ [ 2.139583, 7.290139 ], [ 2.139861, 7.290417 ], [ 2.140139, 7.290694 ], [ 2.140139, 7.290972 ], [ 2.140417, 7.29125 ], [ 2.140694, 7.291528 ], [ 2.140972, 7.291528 ], [ 2.14125, 7.291528 ], [ 2.141528, 7.291528 ] ] } },
{ "type": "Feature", "properties": { "strahler_order": 1, "longueur_km": 2.4195497563345341 }, "geometry": { "type": "LineString", "coordinates": [ [ 2.141528, 7.291528 ], [ 2.141806, 7.29125 ], [ 2.142083, 7.290972 ], [ 2.142361, 7.290694 ], [ 2.142361, 7.290417 ], [ 2.142639, 7.290139 ], [ 2.142639, 7.289861 ], [ 2.142639, 7.289583 ], [ 2.142917, 7.289306 ], [ 2.143194, 7.289028 ], [ 2.143472, 7.28875 ], [ 2.143472, 7.288472 ], [ 2.143472, 7.288194 ], [ 2.143472, 7.287917 ], [ 2.14375, 7.287639 ], [ 2.14375, 7.287361 ], [ 2.14375, 7.287083 ], [ 2.144028, 7.287083 ], [ 2.144306, 7.286806 ], [ 2.144583, 7.286806 ], [ 2.144861, 7.286806 ], [ 2.145139, 7.286528 ], [ 2.145417, 7.286528 ], [ 2.145694, 7.286528 ], [ 2.145972, 7.286528 ], [ 2.14625, 7.286528 ], [ 2.146528, 7.286528 ], [ 2.146806, 7.286528 ], [ 2.147083, 7.28625 ], [ 2.147083, 7.285972 ], [ 2.147083, 7.285694 ], [ 2.147361, 7.285417 ], [ 2.147639, 7.285139 ], [ 2.147917, 7.284861 ], [ 2.147917, 7.284583 ], [ 2.147917, 7.284306 ], [ 2.148194, 7.284028 ], [ 2.148472, 7.28375 ], [ 2.14875, 7.283472 ], [ 2.149028, 7.283194 ], [ 2.149306, 7.282917 ], [ 2.149306, 7.282639 ], [ 2.149306, 7.282361 ], [ 2.149306, 7.282083 ], [ 2.149306, 7.281806 ], [ 2.149583, 7.281528 ], [ 2.149861, 7.28125 ], [ 2.150139, 7.280972 ], [ 2.150417, 7.280972 ], [ 2.150694, 7.280694 ], [ 2.150972, 7.280694 ], [ 2.15125, 7.280972 ], [ 2.15125, 7.28125 ], [ 2.151528, 7.281528 ], [ 2.151806, 7.28125 ], [ 2.152083, 7.280972 ], [ 2.152361, 7.280694 ], [ 2.152361, 7.280417 ], [ 2.152361, 7.280139 ], [ 2.152639, 7.280139 ], [ 2.152917, 7.280139 ], [ 2.153194, 7.280139 ], [ 2.153472, 7.279861 ], [ 2.15375, 7.279583 ], [ 2.154028, 7.279306 ], [ 2.154306, 7.279306 ], [ 2.154583, 7.279306 ] ] } },
{ "type": "Feature", "properties": { "strahler_order": 1, "longueur_km": 0.17358888492756658 }, "geometry": { "type": "LineString", "coordinates": [ [ 1.971528, 7.289583 ], [ 1.97125, 7.289861 ], [ 1.970972, 7.290139 ], [ 1.970694, 7.290417 ], [ 1.970417, 7.290694 ] ] } },
{ "type": "Feature", "properties": { "strahler_order": 1, "longueur_km": 1.8212279294286344 }, "geometry": { "type": "LineString", "coordinates": [ [ 2.022639, 7.289306 ], [ 2.022361, 7.289306 ], [ 2.022083, 7.289583 ], [ 2.021806, 7.289583 ], [ 2.021528, 7.289583 ], [ 2.02125, 7.289583 ], [ 2.020972, 7.289583 ], [ 2.020694, 7.289583 ], [ 2.020417, 7.289583 ], [ 2.020417, 7.289861 ], [ 2.020139, 7.290139 ], [ 2.019861, 7.290417 ], [ 2.019583, 7.290417 ], [ 2.019306, 7.290694 ], [ 2.019028, 7.290972 ], [ 2.01875, 7.29125 ], [ 2.018472, 7.291528 ], [ 2.018472, 7.291806 ], [ 2.018472, 7.292083 ], [ 2.018472, 7.292361 ], [ 2.018194, 7.292639 ], [ 2.017917, 7.292639 ], [ 2.017639, 7.292917 ], [ 2.017361, 7.293194 ], [ 2.017083, 7.293194 ], [ 2.016806, 7.293472 ], [ 2.016528, 7.29375 ], [ 2.01625, 7.294028 ], [ 2.01625, 7.294306 ], [ 2.015972, 7.294583 ], [ 2.015694, 7.294861 ], [ 2.015417, 7.294861 ], [ 2.015139, 7.295139 ], [ 2.014861, 7.295417 ], [ 2.014583, 7.295417 ], [ 2.014306, 7.295417 ], [ 2.014028, 7.295417 ], [ 2.01375, 7.295417 ], [ 2.013472, 7.295417 ], [ 2.013194, 7.295139 ], [ 2.012917, 7.294861 ], [ 2.012639, 7.294583 ], [ 2.012361, 7.294306 ], [ 2.012083, 7.294306 ], [ 2.011806, 7.294583 ], [ 2.011528, 7.294861 ], [ 2.01125, 7.295139 ], [ 2.01125, 7.295417 ], [ 2.01125, 7.295694 ], [ 2.010972, 7.295972 ] ] } },
{ "type": "Feature", "properties": { "strahler_order": 1, "longueur_km": 2.2774030183603902 }, "geometry": { "type": "LineString", "coordinates": [ [ 2.112083, 7.289306 ], [ 2.112361, 7.289306 ], [ 2.112639, 7.289028 ], [ 2.112917, 7.28875 ], [ 2.113194, 7.288472 ], [ 2.113472, 7.288472 ], [ 2.11375, 7.288472 ], [ 2.114028, 7.28875 ], [ 2.114306, 7.28875 ], [ 2.114583, 7.28875 ], [ 2.114861, 7.28875 ], [ 2.115139, 7.288472 ], [ 2.115139, 7.288194 ], [ 2.115139, 7.287917 ], [ 2.114861, 7.287639 ], [ 2.114583, 7.287361 ], [ 2.114583, 7.287083 ], [ 2.114583, 7.286806 ], [ 2.114583, 7.286528 ], [ 2.114861, 7.28625 ], [ 2.114861, 7.285972 ], [ 2.114861, 7.285694 ], [ 2.115139, 7.285417 ], [ 2.115417, 7.285139 ], [ 2.115417, 7.284861 ], [ 2.115139, 7.284583 ], [ 2.114861, 7.284306 ], [ 2.114583, 7.284028 ], [ 2.114583, 7.28375 ], [ 2.114583, 7.283472 ], [ 2.114583, 7.283194 ], [ 2.114583, 7.282917 ], [ 2.114583, 7.282639 ], [ 2.114583, 7.282361 ], [ 2.114583, 7.282083 ], [ 2.114583, 7.281806 ], [ 2.114861, 7.281528 ], [ 2.114861, 7.28125 ], [ 2.114861, 7.280972 ], [ 2.115139, 7.280694 ], [ 2.115417, 7.280417 ], [ 2.115694, 7.280139 ], [ 2.115694, 7.279861 ], [ 2.115694, 7.279583 ], [ 2.115417, 7.279306 ], [ 2.115417, 7.279028 ], [ 2.115139, 7.27875 ], [ 2.114861, 7.278472 ], [ 2.114861, 7.278194 ], [ 2.115139, 7.277917 ], [ 2.115417, 7.277639 ], [ 2.115417, 7.277361 ], [ 2.115417, 7.277083 ], [ 2.115139, 7.276806 ], [ 2.114861, 7.276528 ], [ 2.114861, 7.27625 ], [ 2.114861, 7.275972 ], [ 2.114861, 7.275694 ], [ 2.114861, 7.275417 ], [ 2.114583, 7.275139 ], [ 2.114306, 7.274861 ], [ 2.114028, 7.274583 ], [ 2.114028, 7.274306 ], [ 2.114028, 7.274028 ] ] } },
{ "type": "Feature", "properties": { "strahler_order": 1, "longueur_km": 0.64151431475238363 }, "geometry": { "type": "LineString", "coordinates": [ [ 2.176806, 7.289028 ], [ 2.177083, 7.289306 ], [ 2.177083, 7.289583 ], [ 2.177083, 7.289861 ], [ 2.177083, 7.290139 ], [ 2.176806, 7.290417 ], [ 2.176528, 7.290694 ], [ 2.17625, 7.290972 ], [ 2.175972, 7.29125 ], [ 2.175694, 7.29125 ], [ 2.175694, 7.291528 ], [ 2.175972, 7.291806 ], [ 2.175972, 7.292083 ], [ 2.175972, 7.292361 ], [ 2.175972, 7.292639 ], [ 2.175972, 7.292917 ], [ 2.175972, 7.293194 ], [ 2.175972, 7.293472 ], [ 2.17625, 7.29375 ] ] } },
{ "type": "Feature", "properties": { "strahler_order": 1, "longueur_km": 1.0299064614697537 }, "geometry": { "type": "LineString", "coordinates": [ [ 2.17625, 7.29375 ], [ 2.176528, 7.294028 ], [ 2.176528, 7.294306 ], [ 2.176528, 7.294583 ], [ 2.176528, 7.294861 ], [ 2.176806, 7.295139 ], [ 2.176806, 7.295417 ], [ 2.176806, 7.295694 ], [ 2.177083, 7.295972 ], [ 2.177083, 7.29625 ], [ 2.177361, 7.296528 ], [ 2.177361, 7.296806 ], [ 2.177361, 7.297083 ], [ 2.177361, 7.297361 ], [ 2.177639, 7.297639 ], [ 2.177639, 7.297917 ], [ 2.177639, 7.298194 ], [ 2.177917, 7.298472 ], [ 2.177917, 7.29875 ], [ 2.177917, 7.299028 ], [ 2.178194, 7.299028 ], [ 2.178472, 7.299306 ], [ 2.17875, 7.299306 ], [ 2.179028, 7.299306 ], [ 2.179306, 7.299306 ], [ 2.179583, 7.299583 ], [ 2.179861, 7.299861 ], [ 2.180139, 7.300139 ], [ 2.180417, 7.300139 ], [ 2.180694, 7.300417 ] ] } },
{ "type": "Feature", "properties": { "strahler_order": 1, "longueur_km": 0.3933734184497546 }, "geometry": { "type": "LineString", "coordinates": [ [ 2.180694, 7.300417 ], [ 2.180972, 7.300694 ], [ 2.18125, 7.300694 ], [ 2.181528, 7.300694 ], [ 2.181806, 7.300694 ], [ 2.182083, 7.300694 ], [ 2.182361, 7.300694 ], [ 2.182639, 7.300694 ], [ 2.182917, 7.300694 ], [ 2.183194, 7.300694 ], [ 2.183472, 7.300694 ], [ 2.18375, 7.300417 ], [ 2.184028, 7.300417 ] ] } },
{ "type": "Feature", "properties": { "strahler_order": 1, "longueur_km": 0.90437798304546413 }, "geometry": { "type": "LineString", "coordinates": [ [ 2.184028, 7.300417 ], [ 2.184306, 7.300694 ], [ 2.184583, 7.300972 ], [ 2.184861, 7.300972 ], [ 2.185139, 7.300972 ], [ 2.185417, 7.300972 ], [ 2.185694, 7.300972 ], [ 2.185972, 7.300972 ], [ 2.18625, 7.300972 ], [ 2.186528, 7.300972 ], [ 2.186806, 7.300972 ], [ 2.187083, 7.30125 ], [ 2.187361, 7.301528 ], [ 2.187639, 7.301806 ], [ 2.187917, 7.301806 ], [ 2.188194, 7.301806 ], [ 2.188472, 7.301806 ], [ 2.18875, 7.301806 ], [ 2.189028, 7.301528 ], [ 2.189306, 7.301528 ], [ 2.189583, 7.301528 ], [ 2.189861, 7.301528 ], [ 2.190139, 7.301528 ], [ 2.190417, 7.301528 ], [ 2.190694, 7.301528 ], [ 2.190972, 7.301528 ], [ 2.19125, 7.301528 ], [ 2.191528, 7.301528 ] ] } },
{ "type": "Feature", "properties": { "strahler_order": 1, "longueur_km": 0.67177110379055971 }, "geometry": { "type": "LineString", "coordinates": [ [ 2.191528, 7.301528 ], [ 2.191806, 7.301806 ], [ 2.192083, 7.301806 ], [ 2.192361, 7.302083 ], [ 2.192639, 7.302083 ], [ 2.192917, 7.302083 ], [ 2.193194, 7.302083 ], [ 2.193472, 7.302083 ], [ 2.19375, 7.302361 ], [ 2.194028, 7.302361 ], [ 2.194306, 7.302361 ], [ 2.194583, 7.302639 ], [ 2.194861, 7.302639 ], [ 2.195139, 7.302917 ], [ 2.195417, 7.303194 ], [ 2.195417, 7.303472 ], [ 2.195694, 7.303472 ], [ 2.195972, 7.303472 ], [ 2.19625, 7.30375 ], [ 2.196528, 7.30375 ] ] } },
{ "type": "Feature", "properties": { "strahler_order": 1, "longueur_km": 0.40087022395327127 }, "geometry": { "type": "LineString", "coordinates": [ [ 2.196528, 7.30375 ], [ 2.196806, 7.30375 ], [ 2.197083, 7.304028 ], [ 2.197361, 7.304028 ], [ 2.197639, 7.304028 ], [ 2.197917, 7.304028 ], [ 2.198194, 7.304028 ], [ 2.198472, 7.304306 ], [ 2.19875, 7.304583 ], [ 2.199028, 7.304583 ], [ 2.199306, 7.304306 ], [ 2.199583, 7.304028 ] ] } },
{ "type": "Feature", "properties": { "strahler_order": 1, "longueur_km": 0.63958093404640326 }, "geometry": { "type": "LineString", "coordinates": [ [ 2.199583, 7.304028 ], [ 2.199861, 7.304306 ], [ 2.200139, 7.304583 ], [ 2.200139, 7.304861 ], [ 2.200139, 7.305139 ], [ 2.200139, 7.305417 ], [ 2.200139, 7.305694 ], [ 2.200139, 7.305972 ], [ 2.200139, 7.30625 ], [ 2.200139, 7.306528 ], [ 2.200139, 7.306806 ], [ 2.200139, 7.307083 ], [ 2.200139, 7.307361 ], [ 2.200139, 7.307639 ], [ 2.200139, 7.307917 ], [ 2.200139, 7.308194 ], [ 2.200139, 7.308472 ], [ 2.200139, 7.30875 ], [ 2.200139, 7.309028 ], [ 2.200139, 7.309306 ], [ 2.200139, 7.309583 ] ] } },
{ "type": "Feature", "properties": { "strahler_order": 1, "longueur_km": 0.7645102590515066 }, "geometry": { "type": "LineString", "coordinates": [ [ 1.937639, 7.28875 ], [ 1.937917, 7.288472 ], [ 1.937917, 7.288194 ], [ 1.938194, 7.287917 ], [ 1.938194, 7.287639 ], [ 1.938194, 7.287361 ], [ 1.938194, 7.287083 ], [ 1.938194, 7.286806 ], [ 1.938194, 7.286528 ], [ 1.938194, 7.28625 ], [ 1.938194, 7.285972 ], [ 1.938194, 7.285694 ], [ 1.938472, 7.285417 ], [ 1.938472, 7.285139 ], [ 1.938194, 7.284861 ], [ 1.938194, 7.284583 ], [ 1.938194, 7.284306 ], [ 1.938194, 7.284028 ], [ 1.938194, 7.28375 ], [ 1.937917, 7.283472 ], [ 1.937917, 7.283194 ], [ 1.937639, 7.282917 ], [ 1.937361, 7.282639 ] ] } },
{ "type": "Feature", "properties": { "strahler_order": 1, "longueur_km": 1.2143990687630744 }, "geometry": { "type": "LineString", "coordinates": [ [ 1.929861, 7.287917 ], [ 1.929861, 7.287639 ], [ 1.929861, 7.287361 ], [ 1.930139, 7.287083 ], [ 1.930139, 7.286806 ], [ 1.929861, 7.286528 ], [ 1.929583, 7.28625 ], [ 1.929583, 7.285972 ], [ 1.929583, 7.285694 ], [ 1.929583, 7.285417 ], [ 1.929583, 7.285139 ], [ 1.929583, 7.284861 ], [ 1.929306, 7.284583 ], [ 1.929028, 7.284306 ], [ 1.929028, 7.284028 ], [ 1.929306, 7.28375 ], [ 1.929583, 7.283472 ], [ 1.929583, 7.283194 ], [ 1.929583, 7.282917 ], [ 1.929861, 7.282639 ], [ 1.930139, 7.282361 ], [ 1.930139, 7.282083 ], [ 1.930139, 7.281806 ], [ 1.930139, 7.281528 ], [ 1.930139, 7.28125 ], [ 1.930139, 7.280972 ], [ 1.930139, 7.280694 ], [ 1.930417, 7.280417 ], [ 1.930694, 7.280417 ], [ 1.930972, 7.280417 ], [ 1.93125, 7.280417 ], [ 1.931528, 7.280139 ], [ 1.931528, 7.279861 ], [ 1.931528, 7.279583 ], [ 1.931528, 7.279306 ], [ 1.931528, 7.279028 ] ] } },
{ "type": "Feature", "properties": { "strahler_order": 1, "longueur_km": 1.2414032841018656 }, "geometry": { "type": "LineString", "coordinates": [ [ 1.965417, 7.287917 ], [ 1.965139, 7.288194 ], [ 1.965139, 7.288472 ], [ 1.964861, 7.28875 ], [ 1.964583, 7.289028 ], [ 1.964583, 7.289306 ], [ 1.964306, 7.289583 ], [ 1.964306, 7.289861 ], [ 1.964028, 7.290139 ], [ 1.96375, 7.290417 ], [ 1.963472, 7.290694 ], [ 1.963194, 7.290694 ], [ 1.962917, 7.290417 ], [ 1.962639, 7.290417 ], [ 1.962361, 7.290417 ], [ 1.962083, 7.290417 ], [ 1.961806, 7.290417 ], [ 1.961528, 7.290417 ], [ 1.96125, 7.290694 ], [ 1.960972, 7.290694 ], [ 1.960694, 7.290694 ], [ 1.960417, 7.290694 ], [ 1.960139, 7.290694 ], [ 1.959861, 7.290694 ], [ 1.959583, 7.290972 ], [ 1.959306, 7.29125 ], [ 1.959028, 7.290972 ], [ 1.95875, 7.29125 ], [ 1.95875, 7.291528 ], [ 1.958472, 7.291806 ], [ 1.958194, 7.292083 ], [ 1.957917, 7.292361 ], [ 1.957639, 7.292639 ], [ 1.957361, 7.292917 ] ] } },
{ "type": "Feature", "properties": { "strahler_order": 1, "longueur_km": 1.3803890873479761 }, "geometry": { "type": "LineString", "coordinates": [ [ 2.014306, 7.286528 ], [ 2.014028, 7.286806 ], [ 2.01375, 7.287083 ], [ 2.013472, 7.287083 ], [ 2.013194, 7.287083 ], [ 2.012917, 7.286806 ], [ 2.012639, 7.286806 ], [ 2.012361, 7.286806 ], [ 2.012083, 7.287083 ], [ 2.012083, 7.287361 ], [ 2.011806, 7.287639 ], [ 2.011528, 7.287917 ], [ 2.011528, 7.288194 ], [ 2.011528, 7.288472 ], [ 2.011528, 7.28875 ], [ 2.011528, 7.289028 ], [ 2.011528, 7.289306 ], [ 2.011528, 7.289583 ], [ 2.01125, 7.289861 ], [ 2.010972, 7.290139 ], [ 2.010972, 7.290417 ], [ 2.010694, 7.290694 ], [ 2.010417, 7.290972 ], [ 2.010417, 7.29125 ], [ 2.010417, 7.291528 ], [ 2.010417, 7.291806 ], [ 2.010417, 7.292083 ], [ 2.010417, 7.292361 ], [ 2.010417, 7.292639 ], [ 2.010417, 7.292917 ], [ 2.010417, 7.293194 ], [ 2.010694, 7.293472 ], [ 2.010694, 7.29375 ], [ 2.010694, 7.294028 ], [ 2.010694, 7.294306 ], [ 2.010694, 7.294583 ], [ 2.010972, 7.294861 ], [ 2.010972, 7.295139 ], [ 2.010972, 7.295417 ], [ 2.010972, 7.295694 ], [ 2.010972, 7.295972 ] ] } },
{ "type": "Feature", "properties": { "strahler_order": 1, "longueur_km": 1.6301375276620944 }, "geometry": { "type": "LineString", "coordinates": [ [ 2.010972, 7.295972 ], [ 2.010694, 7.29625 ], [ 2.010417, 7.29625 ], [ 2.010139, 7.296528 ], [ 2.009861, 7.296806 ], [ 2.009861, 7.297083 ], [ 2.009861, 7.297361 ], [ 2.010139, 7.297639 ], [ 2.010139, 7.297917 ], [ 2.009861, 7.298194 ], [ 2.009583, 7.298472 ], [ 2.009306, 7.29875 ], [ 2.009306, 7.299028 ], [ 2.009028, 7.299306 ], [ 2.00875, 7.299583 ], [ 2.008472, 7.299583 ], [ 2.008194, 7.299861 ], [ 2.008194, 7.300139 ], [ 2.007917, 7.300417 ], [ 2.007917, 7.300694 ], [ 2.007917, 7.300972 ], [ 2.007639, 7.30125 ], [ 2.007361, 7.301528 ], [ 2.007083, 7.301806 ], [ 2.007083, 7.302083 ], [ 2.006806, 7.302361 ], [ 2.006528, 7.302639 ], [ 2.006528, 7.302917 ], [ 2.006528, 7.303194 ], [ 2.00625, 7.303472 ], [ 2.005972, 7.30375 ], [ 2.005694, 7.304028 ], [ 2.005417, 7.304028 ], [ 2.005139, 7.304028 ], [ 2.004861, 7.304306 ], [ 2.004861, 7.304583 ], [ 2.004583, 7.304861 ], [ 2.004583, 7.305139 ], [ 2.004583, 7.305417 ], [ 2.004583, 7.305694 ], [ 2.004583, 7.305972 ], [ 2.004583, 7.30625 ], [ 2.004583, 7.306528 ], [ 2.004306, 7.306806 ], [ 2.004306, 7.307083 ] ] } },
{ "type": "Feature", "properties": { "strahler_order": 1, "longueur_km": 2.7749629281687156 }, "geometry": { "type": "LineString", "coordinates": [ [ 2.03125, 7.286528 ], [ 2.030972, 7.28625 ], [ 2.030694, 7.28625 ], [ 2.030417, 7.286528 ], [ 2.030139, 7.286528 ], [ 2.029861, 7.286528 ], [ 2.029583, 7.286528 ], [ 2.029306, 7.286528 ], [ 2.029028, 7.286528 ], [ 2.02875, 7.286528 ], [ 2.028472, 7.286806 ], [ 2.028472, 7.287083 ], [ 2.028472, 7.287361 ], [ 2.028194, 7.287639 ], [ 2.027917, 7.287917 ], [ 2.027917, 7.288194 ], [ 2.028194, 7.288472 ], [ 2.028194, 7.28875 ], [ 2.028194, 7.289028 ], [ 2.027917, 7.289306 ], [ 2.027639, 7.289306 ], [ 2.027361, 7.289583 ], [ 2.027361, 7.289861 ], [ 2.027361, 7.290139 ], [ 2.027361, 7.290417 ], [ 2.027639, 7.290694 ], [ 2.027639, 7.290972 ], [ 2.027361, 7.29125 ], [ 2.027361, 7.291528 ], [ 2.027083, 7.291806 ], [ 2.027083, 7.292083 ], [ 2.027083, 7.292361 ], [ 2.027083, 7.292639 ], [ 2.026806, 7.292639 ], [ 2.026528, 7.292639 ], [ 2.02625, 7.292639 ], [ 2.025972, 7.292639 ], [ 2.025694, 7.292639 ], [ 2.025417, 7.292639 ], [ 2.025139, 7.292361 ], [ 2.024861, 7.292361 ], [ 2.024583, 7.292361 ], [ 2.024306, 7.292361 ], [ 2.024028, 7.292361 ], [ 2.02375, 7.292639 ], [ 2.02375, 7.292917 ], [ 2.023472, 7.293194 ], [ 2.023194, 7.293472 ], [ 2.022917, 7.293472 ], [ 2.022639, 7.293472 ], [ 2.022361, 7.293472 ], [ 2.022083, 7.293472 ], [ 2.021806, 7.29375 ], [ 2.021528, 7.294028 ], [ 2.02125, 7.294306 ], [ 2.020972, 7.294306 ], [ 2.020694, 7.294306 ], [ 2.020417, 7.294306 ], [ 2.020139, 7.294583 ], [ 2.019861, 7.294583 ], [ 2.019861, 7.294861 ], [ 2.019583, 7.295139 ], [ 2.019306, 7.295417 ], [ 2.019028, 7.295694 ], [ 2.01875, 7.295694 ], [ 2.01875, 7.295972 ], [ 2.01875, 7.29625 ], [ 2.01875, 7.296528 ], [ 2.018472, 7.296806 ], [ 2.018194, 7.297083 ], [ 2.018194, 7.297361 ], [ 2.017917, 7.297639 ], [ 2.017639, 7.297917 ], [ 2.017361, 7.298194 ], [ 2.017083, 7.298472 ], [ 2.016806, 7.29875 ], [ 2.016528, 7.299028 ], [ 2.016528, 7.299306 ], [ 2.01625, 7.299306 ] ] } },
{ "type": "Feature", "properties": { "strahler_order": 1, "longueur_km": 0.99879335444565165 }, "geometry": { "type": "LineString", "coordinates": [ [ 2.01625, 7.299306 ], [ 2.015972, 7.299306 ], [ 2.015694, 7.299583 ], [ 2.015417, 7.299861 ], [ 2.015417, 7.300139 ], [ 2.015417, 7.300417 ], [ 2.015139, 7.300694 ], [ 2.014861, 7.300694 ], [ 2.014583, 7.300694 ], [ 2.014306, 7.300417 ], [ 2.014028, 7.300417 ], [ 2.01375, 7.300417 ], [ 2.013472, 7.300417 ], [ 2.013194, 7.300417 ], [ 2.012917, 7.300417 ], [ 2.012639, 7.300417 ], [ 2.012361, 7.300417 ], [ 2.012083, 7.300694 ], [ 2.012083, 7.300972 ], [ 2.011806, 7.30125 ], [ 2.011528, 7.301528 ], [ 2.01125, 7.301806 ], [ 2.010972, 7.302083 ], [ 2.010694, 7.302083 ], [ 2.010417, 7.302083 ], [ 2.010139, 7.302361 ], [ 2.009861, 7.302639 ], [ 2.009861, 7.302917 ], [ 2.009861, 7.303194 ] ] } },
{ "type": "Feature", "properties": { "strahler_order": 1, "longueur_km": 1.0477016459908883 }, "geometry": { "type": "LineString", "coordinates": [ [ 2.009861, 7.303194 ], [ 2.009583, 7.303472 ], [ 2.009306, 7.303472 ], [ 2.009028, 7.303472 ], [ 2.00875, 7.303194 ], [ 2.008472, 7.303194 ], [ 2.008194, 7.303472 ], [ 2.007917, 7.30375 ], [ 2.007917, 7.304028 ], [ 2.007917, 7.304306 ], [ 2.007639, 7.304583 ], [ 2.007639, 7.304861 ], [ 2.007917, 7.305139 ], [ 2.007917, 7.305417 ], [ 2.007917, 7.305694 ], [ 2.007917, 7.305972 ], [ 2.007639, 7.30625 ], [ 2.007361, 7.306528 ], [ 2.007083, 7.306528 ], [ 2.006806, 7.306528 ], [ 2.006528, 7.306528 ], [ 2.00625, 7.306528 ], [ 2.005972, 7.306528 ], [ 2.005694, 7.306806 ], [ 2.005694, 7.307083 ], [ 2.005694, 7.307361 ], [ 2.005417, 7.307361 ], [ 2.005139, 7.307361 ], [ 2.004861, 7.307361 ], [ 2.004583, 7.307083 ], [ 2.004306, 7.307083 ] ] } },
{ "type": "Feature", "properties": { "strahler_order": 1, "longueur_km": 0.28910947092664868 }, "geometry": { "type": "LineString", "coordinates": [ [ 2.004306, 7.307083 ], [ 2.004028, 7.307361 ], [ 2.004028, 7.307639 ], [ 2.004028, 7.307917 ], [ 2.004028, 7.308194 ], [ 2.004028, 7.308472 ], [ 2.004028, 7.30875 ], [ 2.004028, 7.309028 ], [ 2.004028, 7.309306 ], [ 2.004028, 7.309583 ] ] } },
{ "type": "Feature", "properties": { "strahler_order": 1, "longueur_km": 0.8204851697836395 }, "geometry": { "type": "LineString", "coordinates": [ [ 2.095139, 7.28625 ], [ 2.094861, 7.285972 ], [ 2.094583, 7.285972 ], [ 2.094306, 7.285694 ], [ 2.094028, 7.285694 ], [ 2.094028, 7.285417 ], [ 2.09375, 7.285139 ], [ 2.09375, 7.284861 ], [ 2.093472, 7.284583 ], [ 2.093194, 7.284306 ], [ 2.093194, 7.284028 ], [ 2.093194, 7.28375 ], [ 2.093194, 7.283472 ], [ 2.093194, 7.283194 ], [ 2.093194, 7.282917 ], [ 2.093194, 7.282639 ], [ 2.093194, 7.282361 ], [ 2.092917, 7.282083 ], [ 2.092639, 7.281806 ], [ 2.092639, 7.281528 ], [ 2.092361, 7.28125 ], [ 2.092083, 7.280972 ], [ 2.092083, 7.280694 ], [ 2.092083, 7.280417 ] ] } },
{ "type": "Feature", "properties": { "strahler_order": 1, "longueur_km": 0.68520226380557825 }, "geometry": { "type": "LineString", "coordinates": [ [ 2.092083, 7.280417 ], [ 2.092361, 7.280139 ], [ 2.092639, 7.279861 ], [ 2.092917, 7.279583 ], [ 2.092639, 7.279306 ], [ 2.092361, 7.279028 ], [ 2.092361, 7.27875 ], [ 2.092361, 7.278472 ], [ 2.092361, 7.278194 ], [ 2.092361, 7.277917 ], [ 2.092361, 7.277639 ], [ 2.092361, 7.277361 ], [ 2.092361, 7.277083 ], [ 2.092639, 7.276806 ], [ 2.092639, 7.276528 ], [ 2.092639, 7.27625 ], [ 2.092361, 7.275972 ], [ 2.092361, 7.275694 ], [ 2.092361, 7.275417 ], [ 2.092639, 7.275139 ] ] } },
{ "type": "Feature", "properties": { "strahler_order": 1, "longueur_km": 0.5620013609574156 }, "geometry": { "type": "LineString", "coordinates": [ [ 2.092639, 7.275139 ], [ 2.092917, 7.274861 ], [ 2.093194, 7.274583 ], [ 2.093472, 7.274306 ], [ 2.09375, 7.274028 ], [ 2.094028, 7.27375 ], [ 2.094028, 7.273472 ], [ 2.094028, 7.273194 ], [ 2.094028, 7.272917 ], [ 2.094306, 7.272639 ], [ 2.094583, 7.272361 ], [ 2.094861, 7.272361 ], [ 2.095139, 7.272361 ], [ 2.095417, 7.272639 ], [ 2.095694, 7.272639 ], [ 2.095972, 7.272639 ] ] } },
{ "type": "Feature", "properties": { "strahler_order": 1, "longueur_km": 3.1369372592218374 }, "geometry": { "type": "LineString", "coordinates": [ [ 2.137639, 7.285694 ], [ 2.137917, 7.285972 ], [ 2.138194, 7.28625 ], [ 2.138472, 7.286528 ], [ 2.13875, 7.28625 ], [ 2.139028, 7.285972 ], [ 2.139306, 7.285694 ], [ 2.139583, 7.285417 ], [ 2.139583, 7.285139 ], [ 2.139583, 7.284861 ], [ 2.139583, 7.284583 ], [ 2.139583, 7.284306 ], [ 2.139583, 7.284028 ], [ 2.139583, 7.28375 ], [ 2.139583, 7.283472 ], [ 2.139306, 7.283472 ], [ 2.139028, 7.283194 ], [ 2.13875, 7.282917 ], [ 2.138472, 7.282639 ], [ 2.138472, 7.282361 ], [ 2.138472, 7.282083 ], [ 2.13875, 7.282083 ], [ 2.139028, 7.281806 ], [ 2.139306, 7.281806 ], [ 2.139583, 7.281528 ], [ 2.139861, 7.28125 ], [ 2.140139, 7.280972 ], [ 2.140417, 7.280694 ], [ 2.140417, 7.280417 ], [ 2.140694, 7.280139 ], [ 2.140972, 7.279861 ], [ 2.14125, 7.279583 ], [ 2.141528, 7.279306 ], [ 2.141806, 7.279028 ], [ 2.142083, 7.27875 ], [ 2.142361, 7.278472 ], [ 2.142639, 7.278194 ], [ 2.142917, 7.277917 ], [ 2.143194, 7.277917 ], [ 2.143472, 7.277917 ], [ 2.14375, 7.277639 ], [ 2.144028, 7.277361 ], [ 2.144306, 7.277361 ], [ 2.144583, 7.277361 ], [ 2.144861, 7.277361 ], [ 2.145139, 7.277361 ], [ 2.145417, 7.277361 ], [ 2.145417, 7.277083 ], [ 2.145694, 7.276806 ], [ 2.145972, 7.276806 ], [ 2.14625, 7.276806 ], [ 2.146528, 7.276806 ], [ 2.146806, 7.277083 ], [ 2.147083, 7.277083 ], [ 2.147361, 7.277361 ], [ 2.147639, 7.277361 ], [ 2.147917, 7.277361 ], [ 2.148194, 7.277361 ], [ 2.148472, 7.277639 ], [ 2.14875, 7.277917 ], [ 2.149028, 7.277917 ], [ 2.149306, 7.277917 ], [ 2.149583, 7.277639 ], [ 2.149861, 7.277361 ], [ 2.149861, 7.277083 ], [ 2.150139, 7.276806 ], [ 2.150417, 7.276528 ], [ 2.150694, 7.276528 ], [ 2.150972, 7.276528 ], [ 2.15125, 7.27625 ], [ 2.151528, 7.27625 ], [ 2.151806, 7.276528 ], [ 2.151806, 7.276806 ], [ 2.151806, 7.277083 ], [ 2.151806, 7.277361 ], [ 2.152083, 7.277639 ], [ 2.152361, 7.277917 ], [ 2.152639, 7.278194 ], [ 2.152917, 7.278194 ], [ 2.153194, 7.278472 ], [ 2.153472, 7.278472 ], [ 2.15375, 7.27875 ], [ 2.154028, 7.27875 ], [ 2.154306, 7.279028 ], [ 2.154583, 7.279306 ] ] } },
{ "type": "Feature", "properties": { "strahler_order": 1, "longueur_km": 0.31420971861810537 }, "geometry": { "type": "LineString", "coordinates": [ [ 2.154583, 7.279306 ], [ 2.154861, 7.279306 ], [ 2.155139, 7.279306 ], [ 2.155417, 7.279583 ], [ 2.155694, 7.279861 ], [ 2.155972, 7.279861 ], [ 2.15625, 7.279861 ], [ 2.156528, 7.279861 ], [ 2.156806, 7.279861 ], [ 2.157083, 7.280139 ] ] } },
{ "type": "Feature", "properties": { "strahler_order": 1, "longueur_km": 2.3603947931501104 }, "geometry": { "type": "LineString", "coordinates": [ [ 2.157083, 7.280139 ], [ 2.157361, 7.279861 ], [ 2.157361, 7.279583 ], [ 2.157361, 7.279306 ], [ 2.157639, 7.279028 ], [ 2.157917, 7.27875 ], [ 2.158194, 7.278472 ], [ 2.158472, 7.278194 ], [ 2.15875, 7.277917 ], [ 2.159028, 7.277639 ], [ 2.159306, 7.277361 ], [ 2.159583, 7.277083 ], [ 2.159861, 7.276806 ], [ 2.160139, 7.276528 ], [ 2.160417, 7.27625 ], [ 2.160694, 7.275972 ], [ 2.160694, 7.275694 ], [ 2.160694, 7.275417 ], [ 2.160972, 7.275139 ], [ 2.16125, 7.274861 ], [ 2.161528, 7.274583 ], [ 2.161806, 7.274306 ], [ 2.162083, 7.274306 ], [ 2.162361, 7.274306 ], [ 2.162639, 7.274028 ], [ 2.162917, 7.27375 ], [ 2.163194, 7.27375 ], [ 2.163472, 7.27375 ], [ 2.16375, 7.273472 ], [ 2.164028, 7.273194 ], [ 2.16375, 7.272917 ], [ 2.163472, 7.272639 ], [ 2.163194, 7.272361 ], [ 2.162917, 7.272083 ], [ 2.162639, 7.271806 ], [ 2.162639, 7.271528 ], [ 2.162639, 7.27125 ], [ 2.162917, 7.270972 ], [ 2.163194, 7.270694 ], [ 2.163194, 7.270417 ], [ 2.163194, 7.270139 ], [ 2.163194, 7.269861 ], [ 2.163194, 7.269583 ], [ 2.163194, 7.269306 ], [ 2.163194, 7.269028 ], [ 2.163194, 7.26875 ], [ 2.163194, 7.268472 ], [ 2.163472, 7.268194 ], [ 2.163472, 7.267917 ], [ 2.16375, 7.267639 ], [ 2.164028, 7.267639 ], [ 2.164306, 7.267361 ], [ 2.164306, 7.267083 ], [ 2.164583, 7.266806 ], [ 2.164861, 7.266528 ], [ 2.165139, 7.26625 ], [ 2.165417, 7.265972 ], [ 2.165694, 7.265972 ], [ 2.165972, 7.265972 ], [ 2.16625, 7.265972 ], [ 2.166528, 7.265972 ], [ 2.166806, 7.265694 ], [ 2.167083, 7.265694 ] ] } },
{ "type": "Feature", "properties": { "strahler_order": 1, "longueur_km": 1.042488078013488 }, "geometry": { "type": "LineString", "coordinates": [ [ 2.167083, 7.265694 ], [ 2.167361, 7.265972 ], [ 2.167639, 7.26625 ], [ 2.167917, 7.26625 ], [ 2.168194, 7.26625 ], [ 2.168194, 7.265972 ], [ 2.168472, 7.265694 ], [ 2.16875, 7.265417 ], [ 2.169028, 7.265417 ], [ 2.169306, 7.265417 ], [ 2.169583, 7.265417 ], [ 2.169583, 7.265694 ], [ 2.169861, 7.265972 ], [ 2.170139, 7.26625 ], [ 2.170417, 7.266528 ], [ 2.170417, 7.266806 ], [ 2.170694, 7.267083 ], [ 2.170972, 7.267361 ], [ 2.17125, 7.267361 ], [ 2.171528, 7.267361 ], [ 2.171806, 7.267639 ], [ 2.172083, 7.267917 ], [ 2.172083, 7.268194 ], [ 2.172083, 7.268472 ], [ 2.172083, 7.26875 ], [ 2.172083, 7.269028 ], [ 2.172083, 7.269306 ], [ 2.172361, 7.269583 ], [ 2.172639, 7.269583 ], [ 2.172917, 7.269583 ] ] } },
{ "type": "Feature", "properties": { "strahler_order": 1, "longueur_km": 2.2768509252254971 }, "geometry": { "type": "LineString", "coordinates": [ [ 2.16375, 7.284861 ], [ 2.164028, 7.284861 ], [ 2.164306, 7.284861 ], [ 2.164583, 7.284861 ], [ 2.164861, 7.284583 ], [ 2.165139, 7.284306 ], [ 2.165417, 7.284028 ], [ 2.165694, 7.284028 ], [ 2.165972, 7.28375 ], [ 2.165972, 7.283472 ], [ 2.165972, 7.283194 ], [ 2.165972, 7.282917 ], [ 2.165972, 7.282639 ], [ 2.165972, 7.282361 ], [ 2.165972, 7.282083 ], [ 2.165972, 7.281806 ], [ 2.165972, 7.281528 ], [ 2.16625, 7.28125 ], [ 2.166528, 7.280972 ], [ 2.166528, 7.280694 ], [ 2.166528, 7.280417 ], [ 2.166528, 7.280139 ], [ 2.166806, 7.279861 ], [ 2.166806, 7.279583 ], [ 2.166806, 7.279306 ], [ 2.166806, 7.279028 ], [ 2.166806, 7.27875 ], [ 2.166806, 7.278472 ], [ 2.167083, 7.278194 ], [ 2.167083, 7.277917 ], [ 2.166806, 7.277639 ], [ 2.166806, 7.277361 ], [ 2.166806, 7.277083 ], [ 2.166806, 7.276806 ], [ 2.167083, 7.276528 ], [ 2.167361, 7.27625 ], [ 2.167639, 7.27625 ], [ 2.167917, 7.27625 ], [ 2.168194, 7.27625 ], [ 2.168472, 7.275972 ], [ 2.16875, 7.275694 ], [ 2.169028, 7.275417 ], [ 2.169028, 7.275139 ], [ 2.169028, 7.274861 ], [ 2.169028, 7.274583 ], [ 2.169028, 7.274306 ], [ 2.169306, 7.274028 ], [ 2.169583, 7.27375 ], [ 2.169861, 7.273472 ], [ 2.169861, 7.273194 ], [ 2.170139, 7.272917 ], [ 2.170417, 7.272639 ], [ 2.170417, 7.272361 ], [ 2.170694, 7.272083 ], [ 2.170694, 7.271806 ], [ 2.170694, 7.271528 ], [ 2.170972, 7.27125 ], [ 2.17125, 7.270972 ], [ 2.171528, 7.270694 ], [ 2.171806, 7.270417 ], [ 2.172083, 7.270139 ], [ 2.172361, 7.269861 ], [ 2.172639, 7.269861 ], [ 2.172917, 7.269583 ] ] } },
{ "type": "Feature", "properties": { "strahler_order": 1, "longueur_km": 0.09196137217820928 }, "geometry": { "type": "LineString", "coordinates": [ [ 2.172917, 7.269583 ], [ 2.173194, 7.269583 ], [ 2.173472, 7.269583 ], [ 2.17375, 7.269583 ] ] } },
{ "type": "Feature", "properties": { "strahler_order": 1, "longueur_km": 0.29617382081584165 }, "geometry": { "type": "LineString", "coordinates": [ [ 1.898194, 7.284306 ], [ 1.897917, 7.284306 ], [ 1.897639, 7.284306 ], [ 1.897361, 7.284583 ], [ 1.897083, 7.284583 ], [ 1.896806, 7.284861 ], [ 1.896528, 7.284583 ], [ 1.89625, 7.284583 ], [ 1.895972, 7.284306 ] ] } },
{ "type": "Feature", "properties": { "strahler_order": 1, "longueur_km": 0.60571492825159468 }, "geometry": { "type": "LineString", "coordinates": [ [ 1.895972, 7.284306 ], [ 1.895972, 7.284028 ], [ 1.895694, 7.28375 ], [ 1.895417, 7.283472 ], [ 1.895417, 7.283194 ], [ 1.895139, 7.282917 ], [ 1.894861, 7.282639 ], [ 1.894583, 7.282361 ], [ 1.894306, 7.282083 ], [ 1.894028, 7.281806 ], [ 1.894028, 7.281528 ], [ 1.894028, 7.28125 ], [ 1.894028, 7.280972 ], [ 1.894028, 7.280694 ], [ 1.89375, 7.280417 ], [ 1.89375, 7.280139 ], [ 1.893472, 7.279861 ] ] } },
{ "type": "Feature", "properties": { "strahler_order": 1, "longueur_km": 3.0192913047069618 }, "geometry": { "type": "LineString", "coordinates": [ [ 1.955694, 7.28375 ], [ 1.955417, 7.28375 ], [ 1.955139, 7.28375 ], [ 1.955139, 7.283472 ], [ 1.954861, 7.283194 ], [ 1.954583, 7.282917 ], [ 1.954306, 7.282639 ], [ 1.954028, 7.282361 ], [ 1.954028, 7.282083 ], [ 1.95375, 7.281806 ], [ 1.953472, 7.281528 ], [ 1.953194, 7.281528 ], [ 1.952917, 7.281528 ], [ 1.952639, 7.281528 ], [ 1.952361, 7.281528 ], [ 1.952083, 7.281528 ], [ 1.951806, 7.281528 ], [ 1.951528, 7.281528 ], [ 1.95125, 7.28125 ], [ 1.950972, 7.280972 ], [ 1.950694, 7.280694 ], [ 1.950417, 7.280417 ], [ 1.950139, 7.280139 ], [ 1.949861, 7.280139 ], [ 1.949583, 7.280139 ], [ 1.949306, 7.279861 ], [ 1.949028, 7.279861 ], [ 1.94875, 7.279861 ], [ 1.948472, 7.280139 ], [ 1.948194, 7.280139 ], [ 1.947917, 7.280139 ], [ 1.947639, 7.279861 ], [ 1.947361, 7.279583 ], [ 1.947083, 7.279306 ], [ 1.947083, 7.279028 ], [ 1.946806, 7.27875 ], [ 1.946528, 7.278472 ], [ 1.94625, 7.278472 ], [ 1.945972, 7.278194 ], [ 1.945694, 7.277917 ], [ 1.945417, 7.277639 ], [ 1.945139, 7.277361 ], [ 1.944861, 7.277083 ], [ 1.944583, 7.276806 ], [ 1.944306, 7.276806 ], [ 1.944028, 7.276528 ], [ 1.94375, 7.276528 ], [ 1.943472, 7.27625 ], [ 1.943194, 7.275972 ], [ 1.942917, 7.275694 ], [ 1.942639, 7.275694 ], [ 1.942361, 7.275417 ], [ 1.942083, 7.275417 ], [ 1.941806, 7.275417 ], [ 1.941528, 7.275417 ], [ 1.94125, 7.275417 ], [ 1.940972, 7.275417 ], [ 1.940694, 7.275139 ], [ 1.940417, 7.274861 ], [ 1.940139, 7.274861 ], [ 1.939861, 7.274861 ], [ 1.939583, 7.274861 ], [ 1.939306, 7.274583 ], [ 1.939028, 7.274306 ], [ 1.93875, 7.274306 ], [ 1.938472, 7.274028 ], [ 1.938194, 7.274028 ], [ 1.938194, 7.27375 ], [ 1.938194, 7.273472 ], [ 1.938194, 7.273194 ], [ 1.937917, 7.272917 ], [ 1.937639, 7.272639 ], [ 1.937361, 7.272361 ], [ 1.937083, 7.272361 ], [ 1.936806, 7.272361 ], [ 1.936528, 7.272083 ], [ 1.93625, 7.271806 ], [ 1.935972, 7.271528 ], [ 1.935694, 7.27125 ], [ 1.935417, 7.270972 ], [ 1.935139, 7.270972 ], [ 1.934861, 7.270972 ] ] } },
{ "type": "Feature", "properties": { "strahler_order": 1, "longueur_km": 1.0499151264940412 }, "geometry": { "type": "LineString", "coordinates": [ [ 2.207639, 7.28375 ], [ 2.207917, 7.283472 ], [ 2.208194, 7.283194 ], [ 2.207917, 7.282917 ], [ 2.207917, 7.282639 ], [ 2.208194, 7.282361 ], [ 2.208194, 7.282083 ], [ 2.208194, 7.281806 ], [ 2.208472, 7.281528 ], [ 2.20875, 7.28125 ], [ 2.209028, 7.280972 ], [ 2.209306, 7.280972 ], [ 2.209583, 7.280694 ], [ 2.209861, 7.280417 ], [ 2.210139, 7.280139 ], [ 2.210139, 7.279861 ], [ 2.209861, 7.279583 ], [ 2.209861, 7.279306 ], [ 2.209861, 7.279028 ], [ 2.209583, 7.27875 ], [ 2.209583, 7.278472 ], [ 2.209861, 7.278194 ], [ 2.210139, 7.277917 ], [ 2.210417, 7.277917 ], [ 2.210694, 7.277917 ], [ 2.210972, 7.277917 ], [ 2.21125, 7.277917 ], [ 2.211528, 7.277917 ], [ 2.211806, 7.277639 ] ] } },
{ "type": "Feature", "properties": { "strahler_order": 1, "longueur_km": 3.8696413484197638 }, "geometry": { "type": "LineString", "coordinates": [ [ 2.044583, 7.282639 ], [ 2.044861, 7.282917 ], [ 2.045139, 7.283194 ], [ 2.045417, 7.283472 ], [ 2.045694, 7.28375 ], [ 2.045972, 7.28375 ], [ 2.04625, 7.283472 ], [ 2.046528, 7.283194 ], [ 2.046806, 7.282917 ], [ 2.046806, 7.282639 ], [ 2.047083, 7.282361 ], [ 2.047083, 7.282083 ], [ 2.047361, 7.281806 ], [ 2.047361, 7.281528 ], [ 2.047639, 7.28125 ], [ 2.047917, 7.280972 ], [ 2.048194, 7.280694 ], [ 2.048472, 7.280417 ], [ 2.04875, 7.280417 ], [ 2.049028, 7.280139 ], [ 2.049306, 7.279861 ], [ 2.049306, 7.279583 ], [ 2.049583, 7.279306 ], [ 2.049861, 7.279028 ], [ 2.050139, 7.27875 ], [ 2.050417, 7.27875 ], [ 2.050694, 7.27875 ], [ 2.050972, 7.278472 ], [ 2.05125, 7.278472 ], [ 2.051528, 7.278194 ], [ 2.051528, 7.277917 ], [ 2.051806, 7.277639 ], [ 2.052083, 7.277361 ], [ 2.052361, 7.277083 ], [ 2.052361, 7.276806 ], [ 2.052083, 7.276528 ], [ 2.052083, 7.27625 ], [ 2.052083, 7.275972 ], [ 2.052083, 7.275694 ], [ 2.052083, 7.275417 ], [ 2.052361, 7.275139 ], [ 2.052361, 7.274861 ], [ 2.052083, 7.274583 ], [ 2.052083, 7.274306 ], [ 2.051806, 7.274028 ], [ 2.051528, 7.27375 ], [ 2.051528, 7.273472 ], [ 2.051528, 7.273194 ], [ 2.051528, 7.272917 ], [ 2.051806, 7.272639 ], [ 2.052083, 7.272361 ], [ 2.052083, 7.272083 ], [ 2.052083, 7.271806 ], [ 2.052083, 7.271528 ], [ 2.052361, 7.27125 ], [ 2.052639, 7.270972 ], [ 2.052917, 7.270694 ], [ 2.052917, 7.270417 ], [ 2.052917, 7.270139 ], [ 2.053194, 7.269861 ], [ 2.053472, 7.269583 ], [ 2.05375, 7.269306 ], [ 2.054028, 7.269028 ], [ 2.054306, 7.26875 ], [ 2.054583, 7.268472 ], [ 2.054861, 7.268194 ], [ 2.055139, 7.267917 ], [ 2.055417, 7.267917 ], [ 2.055694, 7.267639 ], [ 2.055694, 7.267361 ], [ 2.055972, 7.267083 ], [ 2.055694, 7.266806 ], [ 2.055972, 7.266528 ], [ 2.05625, 7.26625 ], [ 2.056528, 7.26625 ], [ 2.056806, 7.266528 ], [ 2.057083, 7.266528 ], [ 2.057361, 7.266806 ], [ 2.057639, 7.267083 ], [ 2.057917, 7.267361 ], [ 2.058194, 7.267361 ], [ 2.058472, 7.267361 ], [ 2.05875, 7.267639 ], [ 2.059028, 7.267639 ], [ 2.059306, 7.267639 ], [ 2.059583, 7.267917 ], [ 2.059861, 7.267917 ], [ 2.060139, 7.267917 ], [ 2.060417, 7.268194 ], [ 2.060694, 7.268194 ], [ 2.060972, 7.267917 ], [ 2.06125, 7.267639 ], [ 2.061528, 7.267361 ], [ 2.061806, 7.267083 ], [ 2.062083, 7.267083 ], [ 2.062361, 7.266806 ], [ 2.062639, 7.267083 ], [ 2.062917, 7.267361 ], [ 2.063194, 7.267639 ], [ 2.063472, 7.267917 ], [ 2.06375, 7.268194 ] ] } },
{ "type": "Feature", "properties": { "strahler_order": 1, "longueur_km": 1.0843419933139136 }, "geometry": { "type": "LineString", "coordinates": [ [ 1.914861, 7.282361 ], [ 1.915139, 7.282083 ], [ 1.915417, 7.281806 ], [ 1.915417, 7.281528 ], [ 1.915417, 7.28125 ], [ 1.915417, 7.280972 ], [ 1.915417, 7.280694 ], [ 1.915417, 7.280417 ], [ 1.915417, 7.280139 ], [ 1.915694, 7.279861 ], [ 1.915694, 7.279583 ], [ 1.915694, 7.279306 ], [ 1.915694, 7.279028 ], [ 1.915694, 7.27875 ], [ 1.915694, 7.278472 ], [ 1.915417, 7.278194 ], [ 1.915417, 7.277917 ], [ 1.915139, 7.277639 ], [ 1.915139, 7.277361 ], [ 1.915139, 7.277083 ], [ 1.915417, 7.276806 ], [ 1.915417, 7.276528 ], [ 1.915139, 7.27625 ], [ 1.915139, 7.275972 ], [ 1.915139, 7.275694 ], [ 1.915139, 7.275417 ], [ 1.915139, 7.275139 ], [ 1.914861, 7.274861 ], [ 1.914861, 7.274583 ], [ 1.914861, 7.274306 ], [ 1.914861, 7.274028 ], [ 1.914861, 7.27375 ], [ 1.914861, 7.273472 ] ] } },
{ "type": "Feature", "properties": { "strahler_order": 1, "longueur_km": 1.0554381516727125 }, "geometry": { "type": "LineString", "coordinates": [ [ 2.107639, 7.281806 ], [ 2.107639, 7.281528 ], [ 2.107639, 7.28125 ], [ 2.107639, 7.280972 ], [ 2.107361, 7.280694 ], [ 2.107361, 7.280417 ], [ 2.107639, 7.280139 ], [ 2.107361, 7.279861 ], [ 2.107083, 7.279583 ], [ 2.107083, 7.279306 ], [ 2.107083, 7.279028 ], [ 2.107083, 7.27875 ], [ 2.107361, 7.27875 ], [ 2.107639, 7.278472 ], [ 2.107917, 7.278194 ], [ 2.107917, 7.277917 ], [ 2.108194, 7.277639 ], [ 2.108472, 7.277639 ], [ 2.10875, 7.277361 ], [ 2.109028, 7.277083 ], [ 2.109306, 7.277083 ], [ 2.109583, 7.277361 ], [ 2.109861, 7.277361 ], [ 2.110139, 7.277361 ], [ 2.110417, 7.277361 ], [ 2.110694, 7.277361 ], [ 2.110972, 7.277083 ], [ 2.11125, 7.276806 ], [ 2.11125, 7.276528 ], [ 2.111528, 7.27625 ] ] } },
{ "type": "Feature", "properties": { "strahler_order": 1, "longueur_km": 0.64691266288036364 }, "geometry": { "type": "LineString", "coordinates": [ [ 2.11125, 7.281528 ], [ 2.11125, 7.28125 ], [ 2.111528, 7.280972 ], [ 2.111806, 7.280694 ], [ 2.112083, 7.280417 ], [ 2.112083, 7.280139 ], [ 2.112083, 7.279861 ], [ 2.112083, 7.279583 ], [ 2.112083, 7.279306 ], [ 2.112083, 7.279028 ], [ 2.112083, 7.27875 ], [ 2.112083, 7.278472 ], [ 2.111806, 7.278194 ], [ 2.111806, 7.277917 ], [ 2.111528, 7.277639 ], [ 2.111528, 7.277361 ], [ 2.111528, 7.277083 ], [ 2.111528, 7.276806 ], [ 2.111528, 7.276528 ], [ 2.111528, 7.27625 ] ] } },
{ "type": "Feature", "properties": { "strahler_order": 1, "longueur_km": 0.39585157575039942 }, "geometry": { "type": "LineString", "coordinates": [ [ 2.111528, 7.27625 ], [ 2.111806, 7.275972 ], [ 2.111806, 7.275694 ], [ 2.112083, 7.275417 ], [ 2.112361, 7.275139 ], [ 2.112639, 7.274861 ], [ 2.112917, 7.274861 ], [ 2.113194, 7.274583 ], [ 2.113472, 7.274306 ], [ 2.11375, 7.274306 ], [ 2.114028, 7.274028 ] ] } },
{ "type": "Feature", "properties": { "strahler_order": 1, "longueur_km": 6.8960770974609833 }, "geometry": { "type": "LineString", "coordinates": [ [ 2.114028, 7.274028 ], [ 2.114028, 7.27375 ], [ 2.114306, 7.273472 ], [ 2.114306, 7.273194 ], [ 2.114583, 7.272917 ], [ 2.114861, 7.272639 ], [ 2.115139, 7.272361 ], [ 2.115417, 7.272083 ], [ 2.115694, 7.271806 ], [ 2.115972, 7.271528 ], [ 2.11625, 7.27125 ], [ 2.116528, 7.270972 ], [ 2.116806, 7.270972 ], [ 2.117083, 7.270694 ], [ 2.117361, 7.270694 ], [ 2.117639, 7.270694 ], [ 2.117917, 7.270694 ], [ 2.118194, 7.270417 ], [ 2.118194, 7.270139 ], [ 2.117917, 7.269861 ], [ 2.117917, 7.269583 ], [ 2.117917, 7.269306 ], [ 2.117917, 7.269028 ], [ 2.117917, 7.26875 ], [ 2.118194, 7.268472 ], [ 2.118472, 7.268194 ], [ 2.11875, 7.267917 ], [ 2.11875, 7.267639 ], [ 2.119028, 7.267361 ], [ 2.119306, 7.267083 ], [ 2.119583, 7.267083 ], [ 2.119861, 7.267083 ], [ 2.120139, 7.267083 ], [ 2.120417, 7.267083 ], [ 2.120694, 7.267083 ], [ 2.120972, 7.267083 ], [ 2.12125, 7.267083 ], [ 2.121528, 7.267361 ], [ 2.121806, 7.267361 ], [ 2.122083, 7.267639 ], [ 2.122361, 7.267639 ], [ 2.122639, 7.267639 ], [ 2.122917, 7.267639 ], [ 2.123194, 7.267361 ], [ 2.123472, 7.267361 ], [ 2.12375, 7.267361 ], [ 2.124028, 7.267083 ], [ 2.124306, 7.266806 ], [ 2.124306, 7.266528 ], [ 2.124306, 7.26625 ], [ 2.124306, 7.265972 ], [ 2.124583, 7.265694 ], [ 2.124861, 7.265417 ], [ 2.125139, 7.265139 ], [ 2.125417, 7.264861 ], [ 2.125694, 7.264583 ], [ 2.125972, 7.264306 ], [ 2.12625, 7.264028 ], [ 2.126528, 7.26375 ], [ 2.126806, 7.263472 ], [ 2.127083, 7.263472 ], [ 2.127361, 7.263472 ], [ 2.127639, 7.263194 ], [ 2.127917, 7.262917 ], [ 2.128194, 7.262639 ], [ 2.128472, 7.262361 ], [ 2.12875, 7.262361 ], [ 2.129028, 7.262361 ], [ 2.129306, 7.262083 ], [ 2.129306, 7.261806 ], [ 2.129583, 7.261528 ], [ 2.129583, 7.26125 ], [ 2.129861, 7.26125 ], [ 2.130139, 7.26125 ], [ 2.130417, 7.26125 ], [ 2.130694, 7.26125 ], [ 2.130972, 7.260972 ], [ 2.130972, 7.260694 ], [ 2.130972, 7.260417 ], [ 2.13125, 7.260139 ], [ 2.131528, 7.260139 ], [ 2.131806, 7.260139 ], [ 2.132083, 7.260139 ], [ 2.132361, 7.259861 ], [ 2.132639, 7.259583 ], [ 2.132917, 7.259306 ], [ 2.132917, 7.259028 ], [ 2.132917, 7.25875 ], [ 2.132917, 7.258472 ], [ 2.132917, 7.258194 ], [ 2.132639, 7.257917 ], [ 2.132361, 7.257639 ], [ 2.132083, 7.257361 ], [ 2.131806, 7.257083 ], [ 2.131806, 7.256806 ], [ 2.131528, 7.256528 ], [ 2.131528, 7.25625 ], [ 2.13125, 7.255972 ], [ 2.13125, 7.255694 ], [ 2.130972, 7.255417 ], [ 2.130972, 7.255139 ], [ 2.130694, 7.254861 ], [ 2.130694, 7.254583 ], [ 2.130694, 7.254306 ], [ 2.130694, 7.254028 ], [ 2.130694, 7.25375 ], [ 2.130694, 7.253472 ], [ 2.130694, 7.253194 ], [ 2.130694, 7.252917 ], [ 2.130972, 7.252639 ], [ 2.13125, 7.252639 ], [ 2.131528, 7.252639 ], [ 2.131806, 7.252361 ], [ 2.132083, 7.252083 ], [ 2.132361, 7.251806 ], [ 2.132639, 7.251806 ], [ 2.132917, 7.251528 ], [ 2.133194, 7.251528 ], [ 2.133472, 7.251528 ], [ 2.13375, 7.251528 ], [ 2.134028, 7.25125 ], [ 2.134028, 7.250972 ], [ 2.134028, 7.250694 ], [ 2.134028, 7.250417 ], [ 2.134306, 7.250139 ], [ 2.134583, 7.249861 ], [ 2.134861, 7.249583 ], [ 2.135139, 7.249583 ], [ 2.135417, 7.249306 ], [ 2.135694, 7.249306 ], [ 2.135694, 7.249028 ], [ 2.135694, 7.24875 ], [ 2.135694, 7.248472 ], [ 2.135694, 7.248194 ], [ 2.135972, 7.247917 ], [ 2.13625, 7.247639 ], [ 2.13625, 7.247361 ], [ 2.136528, 7.247083 ], [ 2.136806, 7.246806 ], [ 2.137083, 7.246528 ], [ 2.137083, 7.24625 ], [ 2.137083, 7.245972 ], [ 2.137361, 7.245694 ], [ 2.137639, 7.245417 ], [ 2.137917, 7.245139 ], [ 2.138194, 7.244861 ], [ 2.138472, 7.244583 ], [ 2.13875, 7.244306 ], [ 2.13875, 7.244028 ], [ 2.139028, 7.24375 ], [ 2.139028, 7.243472 ], [ 2.139028, 7.243194 ], [ 2.139028, 7.242917 ], [ 2.139028, 7.242639 ], [ 2.139306, 7.242361 ], [ 2.139583, 7.242083 ], [ 2.139861, 7.241806 ], [ 2.140139, 7.241806 ], [ 2.140417, 7.241806 ], [ 2.140694, 7.242083 ], [ 2.140972, 7.242361 ], [ 2.14125, 7.242639 ], [ 2.141528, 7.242917 ], [ 2.141806, 7.242917 ], [ 2.142083, 7.242917 ], [ 2.142361, 7.242639 ], [ 2.142361, 7.242361 ], [ 2.142639, 7.242083 ], [ 2.142917, 7.241806 ], [ 2.143194, 7.241528 ], [ 2.143472, 7.24125 ], [ 2.143472, 7.240972 ], [ 2.143194, 7.240694 ], [ 2.143194, 7.240417 ], [ 2.143194, 7.240139 ], [ 2.143194, 7.239861 ], [ 2.143194, 7.239583 ], [ 2.143194, 7.239306 ], [ 2.143194, 7.239028 ], [ 2.142917, 7.23875 ], [ 2.142917, 7.238472 ], [ 2.142917, 7.238194 ], [ 2.142917, 7.237917 ], [ 2.142639, 7.237639 ], [ 2.142361, 7.237361 ], [ 2.142083, 7.237083 ], [ 2.141806, 7.236806 ], [ 2.141528, 7.236528 ] ] } },
{ "type": "Feature", "properties": { "strahler_order": 1, "longueur_km": 2.3026665201780037 }, "geometry": { "type": "LineString", "coordinates": [ [ 1.997083, 7.28125 ], [ 1.997083, 7.281528 ], [ 1.997361, 7.281806 ], [ 1.997361, 7.282083 ], [ 1.997083, 7.282361 ], [ 1.997083, 7.282639 ], [ 1.996806, 7.282917 ], [ 1.996528, 7.283194 ], [ 1.996528, 7.283472 ], [ 1.99625, 7.283472 ], [ 1.995972, 7.283472 ], [ 1.995694, 7.283194 ], [ 1.995417, 7.283194 ], [ 1.995139, 7.283472 ], [ 1.995139, 7.28375 ], [ 1.995417, 7.284028 ], [ 1.995694, 7.284306 ], [ 1.995694, 7.284583 ], [ 1.995417, 7.284861 ], [ 1.995139, 7.285139 ], [ 1.994861, 7.285417 ], [ 1.994583, 7.285694 ], [ 1.994306, 7.285694 ], [ 1.994028, 7.285972 ], [ 1.99375, 7.28625 ], [ 1.99375, 7.286528 ], [ 1.993472, 7.286806 ], [ 1.993472, 7.287083 ], [ 1.993472, 7.287361 ], [ 1.993472, 7.287639 ], [ 1.99375, 7.287917 ], [ 1.99375, 7.288194 ], [ 1.99375, 7.288472 ], [ 1.99375, 7.28875 ], [ 1.994028, 7.289028 ], [ 1.994028, 7.289306 ], [ 1.994028, 7.289583 ], [ 1.99375, 7.289861 ], [ 1.99375, 7.290139 ], [ 1.993472, 7.290417 ], [ 1.993194, 7.290694 ], [ 1.993194, 7.290972 ], [ 1.993194, 7.29125 ], [ 1.993194, 7.291528 ], [ 1.993194, 7.291806 ], [ 1.993194, 7.292083 ], [ 1.993472, 7.292361 ], [ 1.99375, 7.292639 ], [ 1.993472, 7.292917 ], [ 1.993194, 7.293194 ], [ 1.992917, 7.293472 ], [ 1.992917, 7.29375 ], [ 1.992917, 7.294028 ], [ 1.992917, 7.294306 ], [ 1.992917, 7.294583 ], [ 1.992639, 7.294861 ], [ 1.992361, 7.295139 ], [ 1.992083, 7.295139 ], [ 1.991806, 7.295417 ], [ 1.991806, 7.295694 ], [ 1.991806, 7.295972 ], [ 1.991806, 7.29625 ], [ 1.991528, 7.296528 ], [ 1.991528, 7.296806 ] ] } },
{ "type": "Feature", "properties": { "strahler_order": 1, "longueur_km": 0.32166835015387246 }, "geometry": { "type": "LineString", "coordinates": [ [ 2.007083, 7.280694 ], [ 2.006806, 7.280417 ], [ 2.006528, 7.280694 ], [ 2.00625, 7.280972 ], [ 2.005972, 7.28125 ], [ 2.005694, 7.281528 ], [ 2.005417, 7.281806 ], [ 2.005417, 7.282083 ], [ 2.005417, 7.282361 ] ] } },
{ "type": "Feature", "properties": { "strahler_order": 1, "longueur_km": 0.20962806139478463 }, "geometry": { "type": "LineString", "coordinates": [ [ 2.065139, 7.280417 ], [ 2.065417, 7.280139 ], [ 2.065417, 7.279861 ], [ 2.065417, 7.279583 ], [ 2.065417, 7.279306 ], [ 2.065417, 7.279028 ], [ 2.065694, 7.27875 ] ] } },
{ "type": "Feature", "properties": { "strahler_order": 1, "longueur_km": 2.9462266304799347 }, "geometry": { "type": "LineString", "coordinates": [ [ 2.065694, 7.27875 ], [ 2.065972, 7.278472 ], [ 2.06625, 7.278194 ], [ 2.06625, 7.277917 ], [ 2.065972, 7.277639 ], [ 2.065694, 7.277361 ], [ 2.065417, 7.277083 ], [ 2.065139, 7.276806 ], [ 2.065139, 7.276528 ], [ 2.065139, 7.27625 ], [ 2.065139, 7.275972 ], [ 2.065139, 7.275694 ], [ 2.065417, 7.275417 ], [ 2.065694, 7.275139 ], [ 2.065972, 7.274861 ], [ 2.065972, 7.274583 ], [ 2.06625, 7.274583 ], [ 2.066528, 7.274306 ], [ 2.066806, 7.274028 ], [ 2.067083, 7.274028 ], [ 2.067361, 7.274306 ], [ 2.067639, 7.274028 ], [ 2.067917, 7.27375 ], [ 2.067917, 7.273472 ], [ 2.067917, 7.273194 ], [ 2.067917, 7.272917 ], [ 2.067917, 7.272639 ], [ 2.067639, 7.272361 ], [ 2.067639, 7.272083 ], [ 2.067917, 7.271806 ], [ 2.068194, 7.271528 ], [ 2.068194, 7.27125 ], [ 2.068194, 7.270972 ], [ 2.068472, 7.270694 ], [ 2.06875, 7.270417 ], [ 2.069028, 7.270139 ], [ 2.069306, 7.269861 ], [ 2.069306, 7.269583 ], [ 2.069583, 7.269583 ], [ 2.069861, 7.269583 ], [ 2.070139, 7.269583 ], [ 2.070417, 7.269306 ], [ 2.070694, 7.269028 ], [ 2.070694, 7.26875 ], [ 2.070972, 7.268472 ], [ 2.07125, 7.268472 ], [ 2.071528, 7.268194 ], [ 2.071806, 7.267917 ], [ 2.072083, 7.267639 ], [ 2.072361, 7.267361 ], [ 2.072639, 7.267083 ], [ 2.072639, 7.266806 ], [ 2.072917, 7.266806 ], [ 2.073194, 7.266528 ], [ 2.073194, 7.26625 ], [ 2.073194, 7.265972 ], [ 2.073194, 7.265694 ], [ 2.073472, 7.265417 ], [ 2.073472, 7.265139 ], [ 2.073472, 7.264861 ], [ 2.07375, 7.264861 ], [ 2.074028, 7.264861 ], [ 2.074306, 7.264583 ], [ 2.074583, 7.264306 ], [ 2.074861, 7.264028 ], [ 2.074861, 7.26375 ], [ 2.075139, 7.263472 ], [ 2.075417, 7.263194 ], [ 2.075417, 7.262917 ], [ 2.075694, 7.262639 ], [ 2.075972, 7.262639 ], [ 2.07625, 7.262361 ], [ 2.076528, 7.262083 ], [ 2.076806, 7.261806 ], [ 2.076806, 7.261528 ], [ 2.076806, 7.26125 ], [ 2.076806, 7.260972 ], [ 2.076528, 7.260694 ], [ 2.076528, 7.260417 ], [ 2.076528, 7.260139 ] ] } },
{ "type": "Feature", "properties": { "strahler_order": 1, "longueur_km": 0.3940127084462105 }, "geometry": { "type": "LineString", "coordinates": [ [ 2.073472, 7.280417 ], [ 2.073472, 7.280139 ], [ 2.073472, 7.279861 ], [ 2.073472, 7.279583 ], [ 2.073472, 7.279306 ], [ 2.07375, 7.279028 ], [ 2.07375, 7.27875 ], [ 2.074028, 7.278472 ], [ 2.074028, 7.278194 ], [ 2.074028, 7.277917 ], [ 2.074028, 7.277639 ], [ 2.074028, 7.277361 ], [ 2.074028, 7.277083 ] ] } },
{ "type": "Feature", "properties": { "strahler_order": 1, "longueur_km": 2.5680085408636835 }, "geometry": { "type": "LineString", "coordinates": [ [ 2.074028, 7.277083 ], [ 2.074306, 7.276806 ], [ 2.074583, 7.276528 ], [ 2.074861, 7.276528 ], [ 2.075139, 7.27625 ], [ 2.075417, 7.27625 ], [ 2.075694, 7.27625 ], [ 2.075972, 7.276528 ], [ 2.07625, 7.276528 ], [ 2.076528, 7.27625 ], [ 2.076528, 7.275972 ], [ 2.07625, 7.275694 ], [ 2.07625, 7.275417 ], [ 2.07625, 7.275139 ], [ 2.076528, 7.274861 ], [ 2.076806, 7.274583 ], [ 2.077083, 7.274583 ], [ 2.077361, 7.274583 ], [ 2.077639, 7.274306 ], [ 2.077917, 7.274028 ], [ 2.078194, 7.27375 ], [ 2.078472, 7.27375 ], [ 2.07875, 7.27375 ], [ 2.07875, 7.273472 ], [ 2.07875, 7.273194 ], [ 2.07875, 7.272917 ], [ 2.079028, 7.272639 ], [ 2.079306, 7.272361 ], [ 2.079583, 7.272361 ], [ 2.079861, 7.272361 ], [ 2.079861, 7.272083 ], [ 2.079861, 7.271806 ], [ 2.079861, 7.271528 ], [ 2.079861, 7.27125 ], [ 2.079861, 7.270972 ], [ 2.079583, 7.270694 ], [ 2.079306, 7.270417 ], [ 2.079306, 7.270139 ], [ 2.079306, 7.269861 ], [ 2.079306, 7.269583 ], [ 2.079306, 7.269306 ], [ 2.079583, 7.269028 ], [ 2.079583, 7.26875 ], [ 2.079306, 7.268472 ], [ 2.079028, 7.268194 ], [ 2.07875, 7.267917 ], [ 2.07875, 7.267639 ], [ 2.07875, 7.267361 ], [ 2.07875, 7.267083 ], [ 2.07875, 7.266806 ], [ 2.07875, 7.266528 ], [ 2.078472, 7.26625 ], [ 2.078194, 7.265972 ], [ 2.078472, 7.265694 ], [ 2.07875, 7.265417 ], [ 2.079028, 7.265139 ], [ 2.079306, 7.264861 ], [ 2.079583, 7.264583 ], [ 2.079583, 7.264306 ], [ 2.079583, 7.264028 ], [ 2.079583, 7.26375 ], [ 2.079583, 7.263472 ], [ 2.079861, 7.263194 ], [ 2.080139, 7.262917 ], [ 2.080417, 7.262639 ], [ 2.080694, 7.262361 ], [ 2.080972, 7.262083 ], [ 2.080972, 7.261806 ], [ 2.08125, 7.261528 ], [ 2.081528, 7.26125 ], [ 2.081806, 7.26125 ] ] } },
{ "type": "Feature", "properties": { "strahler_order": 1, "longueur_km": 0.40653701614322635 }, "geometry": { "type": "LineString", "coordinates": [ [ 2.00375, 7.279861 ], [ 2.00375, 7.280139 ], [ 2.004028, 7.280417 ], [ 2.004306, 7.280694 ], [ 2.004306, 7.280972 ], [ 2.004306, 7.28125 ], [ 2.004306, 7.281528 ], [ 2.004306, 7.281806 ], [ 2.004306, 7.282083 ], [ 2.004583, 7.282361 ], [ 2.004861, 7.282361 ], [ 2.005139, 7.282361 ], [ 2.005417, 7.282361 ] ] } },
{ "type": "Feature", "properties": { "strahler_order": 1, "longueur_km": 0.73361518969980433 }, "geometry": { "type": "LineString", "coordinates": [ [ 2.005417, 7.282361 ], [ 2.005417, 7.282639 ], [ 2.005417, 7.282917 ], [ 2.005139, 7.283194 ], [ 2.005139, 7.283472 ], [ 2.004861, 7.28375 ], [ 2.004583, 7.284028 ], [ 2.004306, 7.284306 ], [ 2.004306, 7.284583 ], [ 2.004306, 7.284861 ], [ 2.004306, 7.285139 ], [ 2.004583, 7.285417 ], [ 2.004583, 7.285694 ], [ 2.004583, 7.285972 ], [ 2.004306, 7.28625 ], [ 2.004028, 7.286528 ], [ 2.004028, 7.286806 ], [ 2.004028, 7.287083 ], [ 2.004028, 7.287361 ], [ 2.004028, 7.287639 ], [ 2.004028, 7.287917 ], [ 2.004028, 7.288194 ] ] } },
{ "type": "Feature", "properties": { "strahler_order": 1, "longueur_km": 1.1544422328725552 }, "geometry": { "type": "LineString", "coordinates": [ [ 1.990139, 7.279583 ], [ 1.990417, 7.279861 ], [ 1.990694, 7.280139 ], [ 1.990694, 7.280417 ], [ 1.990417, 7.280694 ], [ 1.990417, 7.280972 ], [ 1.990139, 7.28125 ], [ 1.989861, 7.281528 ], [ 1.989583, 7.281528 ], [ 1.989306, 7.281806 ], [ 1.989028, 7.281806 ], [ 1.98875, 7.281806 ], [ 1.988472, 7.281806 ], [ 1.988194, 7.281806 ], [ 1.987917, 7.282083 ], [ 1.987639, 7.282361 ], [ 1.987361, 7.282639 ], [ 1.987083, 7.282917 ], [ 1.986806, 7.282917 ], [ 1.986528, 7.282917 ], [ 1.98625, 7.282917 ], [ 1.985972, 7.282917 ], [ 1.985694, 7.282917 ], [ 1.985417, 7.283194 ], [ 1.985139, 7.283472 ], [ 1.984861, 7.283472 ], [ 1.984583, 7.283472 ], [ 1.984306, 7.283472 ], [ 1.984028, 7.283194 ], [ 1.98375, 7.282917 ], [ 1.983472, 7.283194 ], [ 1.983194, 7.283472 ] ] } },
{ "type": "Feature", "properties": { "strahler_order": 1, "longueur_km": 1.8885667007127236 }, "geometry": { "type": "LineString", "coordinates": [ [ 2.100417, 7.279583 ], [ 2.100694, 7.279306 ], [ 2.100972, 7.279306 ], [ 2.10125, 7.279028 ], [ 2.10125, 7.27875 ], [ 2.10125, 7.278472 ], [ 2.10125, 7.278194 ], [ 2.10125, 7.277917 ], [ 2.101528, 7.277639 ], [ 2.101528, 7.277361 ], [ 2.101528, 7.277083 ], [ 2.101528, 7.276806 ], [ 2.101806, 7.276806 ], [ 2.102083, 7.276528 ], [ 2.102361, 7.276528 ], [ 2.102639, 7.276528 ], [ 2.102639, 7.27625 ], [ 2.102917, 7.275972 ], [ 2.102917, 7.275694 ], [ 2.102917, 7.275417 ], [ 2.102917, 7.275139 ], [ 2.102917, 7.274861 ], [ 2.102917, 7.274583 ], [ 2.102917, 7.274306 ], [ 2.102917, 7.274028 ], [ 2.102917, 7.27375 ], [ 2.103194, 7.273472 ], [ 2.103194, 7.273194 ], [ 2.103194, 7.272917 ], [ 2.103472, 7.272639 ], [ 2.10375, 7.272361 ], [ 2.104028, 7.272083 ], [ 2.104306, 7.271806 ], [ 2.104583, 7.271528 ], [ 2.104583, 7.27125 ], [ 2.104583, 7.270972 ], [ 2.104861, 7.270694 ], [ 2.105139, 7.270417 ], [ 2.105417, 7.270139 ], [ 2.105694, 7.269861 ], [ 2.105417, 7.269583 ], [ 2.105139, 7.269306 ], [ 2.104861, 7.269306 ], [ 2.104583, 7.269028 ], [ 2.104306, 7.26875 ], [ 2.104028, 7.268472 ], [ 2.10375, 7.268194 ], [ 2.103472, 7.267917 ], [ 2.103472, 7.267639 ], [ 2.103472, 7.267361 ], [ 2.103472, 7.267083 ], [ 2.103194, 7.266806 ], [ 2.103194, 7.266528 ] ] } },
{ "type": "Feature", "properties": { "strahler_order": 1, "longueur_km": 0.30174838899117445 }, "geometry": { "type": "LineString", "coordinates": [ [ 2.199306, 7.279306 ], [ 2.199306, 7.279028 ], [ 2.199306, 7.27875 ], [ 2.199306, 7.278472 ], [ 2.199306, 7.278194 ], [ 2.199583, 7.277917 ], [ 2.199583, 7.277639 ], [ 2.199861, 7.277361 ], [ 2.199861, 7.277083 ], [ 2.199861, 7.276806 ] ] } },
{ "type": "Feature", "properties": { "strahler_order": 1, "longueur_km": 0.64902476354888239 }, "geometry": { "type": "LineString", "coordinates": [ [ 1.924583, 7.279028 ], [ 1.924861, 7.279028 ], [ 1.925139, 7.279028 ], [ 1.925417, 7.27875 ], [ 1.925694, 7.278472 ], [ 1.925972, 7.278194 ], [ 1.92625, 7.277917 ], [ 1.92625, 7.277639 ], [ 1.926528, 7.277361 ], [ 1.926806, 7.277083 ], [ 1.926806, 7.276806 ], [ 1.927083, 7.276528 ], [ 1.927083, 7.27625 ], [ 1.927361, 7.275972 ], [ 1.927361, 7.275694 ], [ 1.927083, 7.275417 ], [ 1.927083, 7.275139 ], [ 1.927361, 7.274861 ] ] } },
{ "type": "Feature", "properties": { "strahler_order": 1, "longueur_km": 0.40109055724548254 }, "geometry": { "type": "LineString", "coordinates": [ [ 1.89625, 7.278194 ], [ 1.895972, 7.278472 ], [ 1.895694, 7.278472 ], [ 1.895417, 7.278472 ], [ 1.895139, 7.278472 ], [ 1.895139, 7.27875 ], [ 1.894861, 7.279028 ], [ 1.894583, 7.279306 ], [ 1.894306, 7.279306 ], [ 1.894028, 7.279583 ], [ 1.89375, 7.279861 ], [ 1.893472, 7.279861 ] ] } },
{ "type": "Feature", "properties": { "strahler_order": 1, "longueur_km": 0.074019875972287416 }, "geometry": { "type": "LineString", "coordinates": [ [ 1.893472, 7.279861 ], [ 1.893194, 7.279583 ], [ 1.892917, 7.279583 ] ] } },
{ "type": "Feature", "properties": { "strahler_order": 1, "longueur_km": 3.7536058957263818 }, "geometry": { "type": "LineString", "coordinates": [ [ 2.079583, 7.278194 ], [ 2.079861, 7.277917 ], [ 2.080139, 7.277917 ], [ 2.080417, 7.277917 ], [ 2.080694, 7.278194 ], [ 2.080972, 7.278194 ], [ 2.08125, 7.277917 ], [ 2.081528, 7.277639 ], [ 2.081528, 7.277361 ], [ 2.081806, 7.277361 ], [ 2.082083, 7.277361 ], [ 2.082361, 7.277361 ], [ 2.082639, 7.277083 ], [ 2.082917, 7.277361 ], [ 2.083194, 7.277361 ], [ 2.083472, 7.277361 ], [ 2.08375, 7.277361 ], [ 2.084028, 7.277361 ], [ 2.084306, 7.277083 ], [ 2.084583, 7.276806 ], [ 2.084861, 7.276806 ], [ 2.084861, 7.276528 ], [ 2.085139, 7.27625 ], [ 2.085417, 7.275972 ], [ 2.085694, 7.275972 ], [ 2.085972, 7.275972 ], [ 2.085972, 7.275694 ], [ 2.08625, 7.275417 ], [ 2.08625, 7.275139 ], [ 2.086528, 7.274861 ], [ 2.086806, 7.274583 ], [ 2.087083, 7.274306 ], [ 2.087083, 7.274028 ], [ 2.087083, 7.27375 ], [ 2.087361, 7.273472 ], [ 2.087361, 7.273194 ], [ 2.087361, 7.272917 ], [ 2.087361, 7.272639 ], [ 2.087639, 7.272361 ], [ 2.087639, 7.272083 ], [ 2.087639, 7.271806 ], [ 2.087917, 7.271528 ], [ 2.088194, 7.27125 ], [ 2.088472, 7.270972 ], [ 2.08875, 7.270694 ], [ 2.08875, 7.270417 ], [ 2.089028, 7.270139 ], [ 2.089028, 7.269861 ], [ 2.089028, 7.269583 ], [ 2.089306, 7.269306 ], [ 2.089583, 7.269028 ], [ 2.089861, 7.26875 ], [ 2.089861, 7.268472 ], [ 2.089861, 7.268194 ], [ 2.089583, 7.267917 ], [ 2.089306, 7.267639 ], [ 2.089028, 7.267361 ], [ 2.08875, 7.267361 ], [ 2.08875, 7.267083 ], [ 2.08875, 7.266806 ], [ 2.088472, 7.266528 ], [ 2.088472, 7.26625 ], [ 2.088472, 7.265972 ], [ 2.088472, 7.265694 ], [ 2.088472, 7.265417 ], [ 2.08875, 7.265139 ], [ 2.08875, 7.264861 ], [ 2.08875, 7.264583 ], [ 2.08875, 7.264306 ], [ 2.088472, 7.264028 ], [ 2.088194, 7.264028 ], [ 2.087917, 7.26375 ], [ 2.087639, 7.263472 ], [ 2.087639, 7.263194 ], [ 2.087361, 7.262917 ], [ 2.087083, 7.262639 ], [ 2.087083, 7.262361 ], [ 2.087083, 7.262083 ], [ 2.087361, 7.261806 ], [ 2.087639, 7.261528 ], [ 2.087917, 7.261528 ], [ 2.088194, 7.26125 ], [ 2.088472, 7.260972 ], [ 2.08875, 7.260694 ], [ 2.08875, 7.260417 ], [ 2.088472, 7.260139 ], [ 2.088194, 7.259861 ], [ 2.087917, 7.259583 ], [ 2.087917, 7.259306 ], [ 2.087639, 7.259028 ], [ 2.087639, 7.25875 ], [ 2.087639, 7.258472 ], [ 2.087361, 7.258194 ], [ 2.087083, 7.257917 ], [ 2.087083, 7.257639 ], [ 2.087083, 7.257361 ], [ 2.087361, 7.257083 ], [ 2.087361, 7.256806 ], [ 2.087361, 7.256528 ], [ 2.087083, 7.25625 ], [ 2.087083, 7.255972 ], [ 2.086806, 7.255694 ], [ 2.086528, 7.255417 ] ] } },
{ "type": "Feature", "properties": { "strahler_order": 1, "longueur_km": 1.5052484327401643 }, "geometry": { "type": "LineString", "coordinates": [ [ 2.185972, 7.277917 ], [ 2.18625, 7.277917 ], [ 2.186528, 7.277917 ], [ 2.186806, 7.277917 ], [ 2.187083, 7.277917 ], [ 2.187361, 7.277917 ], [ 2.187639, 7.277917 ], [ 2.187917, 7.277639 ], [ 2.187917, 7.277361 ], [ 2.187917, 7.277083 ], [ 2.187917, 7.276806 ], [ 2.188194, 7.276528 ], [ 2.188194, 7.27625 ], [ 2.188472, 7.27625 ], [ 2.18875, 7.275972 ], [ 2.189028, 7.275694 ], [ 2.189306, 7.275694 ], [ 2.189583, 7.275694 ], [ 2.189861, 7.275417 ], [ 2.190139, 7.275417 ], [ 2.190417, 7.275417 ], [ 2.190694, 7.275139 ], [ 2.190972, 7.274861 ], [ 2.19125, 7.274583 ], [ 2.191528, 7.274306 ], [ 2.191806, 7.274028 ], [ 2.191806, 7.27375 ], [ 2.191806, 7.273472 ], [ 2.191806, 7.273194 ], [ 2.191528, 7.272917 ], [ 2.19125, 7.272639 ], [ 2.19125, 7.272361 ], [ 2.190972, 7.272083 ], [ 2.190972, 7.271806 ], [ 2.190972, 7.271528 ], [ 2.19125, 7.27125 ], [ 2.191528, 7.270972 ], [ 2.191528, 7.270694 ], [ 2.191528, 7.270417 ], [ 2.191528, 7.270139 ], [ 2.191528, 7.269861 ], [ 2.19125, 7.269583 ], [ 2.190972, 7.269306 ] ] } },
{ "type": "Feature", "properties": { "strahler_order": 1, "longueur_km": 1.1675804954331861 }, "geometry": { "type": "LineString", "coordinates": [ [ 2.175139, 7.277083 ], [ 2.175417, 7.276806 ], [ 2.175694, 7.276528 ], [ 2.175694, 7.27625 ], [ 2.175417, 7.275972 ], [ 2.175139, 7.275694 ], [ 2.174861, 7.275417 ], [ 2.174861, 7.275139 ], [ 2.174583, 7.274861 ], [ 2.174861, 7.274583 ], [ 2.175139, 7.274306 ], [ 2.175417, 7.274306 ], [ 2.175694, 7.274028 ], [ 2.175694, 7.27375 ], [ 2.175694, 7.273472 ], [ 2.175972, 7.273194 ], [ 2.17625, 7.272917 ], [ 2.17625, 7.272639 ], [ 2.175972, 7.272361 ], [ 2.175694, 7.272083 ], [ 2.175694, 7.271806 ], [ 2.175694, 7.271528 ], [ 2.175694, 7.27125 ], [ 2.175417, 7.270972 ], [ 2.175139, 7.270972 ], [ 2.174861, 7.270972 ], [ 2.174583, 7.270694 ], [ 2.174306, 7.270694 ], [ 2.174028, 7.270417 ], [ 2.17375, 7.270139 ], [ 2.17375, 7.269861 ], [ 2.17375, 7.269583 ] ] } },
{ "type": "Feature", "properties": { "strahler_order": 1, "longueur_km": 3.4390599778283253 }, "geometry": { "type": "LineString", "coordinates": [ [ 2.17375, 7.269583 ], [ 2.174028, 7.269306 ], [ 2.174306, 7.269028 ], [ 2.174583, 7.26875 ], [ 2.174861, 7.268472 ], [ 2.175139, 7.268194 ], [ 2.175417, 7.267917 ], [ 2.175694, 7.267639 ], [ 2.175972, 7.267361 ], [ 2.17625, 7.267083 ], [ 2.176528, 7.266806 ], [ 2.176806, 7.266528 ], [ 2.177083, 7.26625 ], [ 2.177361, 7.26625 ], [ 2.177639, 7.266528 ], [ 2.177917, 7.26625 ], [ 2.177917, 7.265972 ], [ 2.177917, 7.265694 ], [ 2.177917, 7.265417 ], [ 2.178194, 7.265139 ], [ 2.178472, 7.265139 ], [ 2.17875, 7.264861 ], [ 2.179028, 7.264583 ], [ 2.179306, 7.264306 ], [ 2.179583, 7.264028 ], [ 2.179583, 7.26375 ], [ 2.179861, 7.263472 ], [ 2.179583, 7.263194 ], [ 2.179306, 7.262917 ], [ 2.179306, 7.262639 ], [ 2.179306, 7.262361 ], [ 2.179306, 7.262083 ], [ 2.179306, 7.261806 ], [ 2.179306, 7.261528 ], [ 2.179306, 7.26125 ], [ 2.179583, 7.260972 ], [ 2.179861, 7.260972 ], [ 2.180139, 7.260694 ], [ 2.180417, 7.260417 ], [ 2.180694, 7.260417 ], [ 2.180694, 7.260139 ], [ 2.180694, 7.259861 ], [ 2.180972, 7.259583 ], [ 2.18125, 7.259306 ], [ 2.181528, 7.259306 ], [ 2.181806, 7.259306 ], [ 2.182083, 7.259028 ], [ 2.182361, 7.25875 ], [ 2.182361, 7.258472 ], [ 2.182361, 7.258194 ], [ 2.182639, 7.258194 ], [ 2.182917, 7.257917 ], [ 2.183194, 7.257639 ], [ 2.183472, 7.257361 ], [ 2.18375, 7.257361 ], [ 2.184028, 7.257361 ], [ 2.184306, 7.257361 ], [ 2.184583, 7.257361 ], [ 2.184861, 7.257361 ], [ 2.185139, 7.257361 ], [ 2.185417, 7.257361 ], [ 2.185694, 7.257083 ], [ 2.185972, 7.256806 ], [ 2.185972, 7.256528 ], [ 2.185972, 7.25625 ], [ 2.185972, 7.255972 ], [ 2.185972, 7.255694 ], [ 2.18625, 7.255417 ], [ 2.186528, 7.255139 ], [ 2.186806, 7.254861 ], [ 2.187083, 7.254861 ], [ 2.187361, 7.255139 ], [ 2.187639, 7.255139 ], [ 2.187917, 7.255417 ], [ 2.188194, 7.255139 ], [ 2.188472, 7.254861 ], [ 2.18875, 7.254583 ], [ 2.18875, 7.254306 ], [ 2.18875, 7.254028 ], [ 2.189028, 7.25375 ], [ 2.189306, 7.253472 ], [ 2.189583, 7.253472 ], [ 2.189861, 7.253472 ], [ 2.189861, 7.253194 ], [ 2.189861, 7.252917 ], [ 2.189861, 7.252639 ], [ 2.189861, 7.252361 ], [ 2.190139, 7.252361 ], [ 2.190417, 7.252083 ], [ 2.190694, 7.251806 ], [ 2.190694, 7.251528 ], [ 2.190694, 7.25125 ], [ 2.190694, 7.250972 ], [ 2.190694, 7.250694 ] ] } },
{ "type": "Feature", "properties": { "strahler_order": 1, "longueur_km": 0.030689900571391569 }, "geometry": { "type": "LineString", "coordinates": [ [ 2.199583, 7.276806 ], [ 2.199861, 7.276806 ] ] } },
{ "type": "Feature", "properties": { "strahler_order": 1, "longueur_km": 1.177643400656049 }, "geometry": { "type": "LineString", "coordinates": [ [ 2.199861, 7.276806 ], [ 2.200139, 7.276528 ], [ 2.200417, 7.27625 ], [ 2.200694, 7.27625 ], [ 2.200972, 7.275972 ], [ 2.20125, 7.275972 ], [ 2.201528, 7.275972 ], [ 2.201806, 7.275972 ], [ 2.202083, 7.275694 ], [ 2.202361, 7.275694 ], [ 2.202639, 7.275694 ], [ 2.202917, 7.275694 ], [ 2.203194, 7.275972 ], [ 2.203472, 7.275972 ], [ 2.20375, 7.275972 ], [ 2.204028, 7.275972 ], [ 2.204306, 7.275972 ], [ 2.204583, 7.275972 ], [ 2.204861, 7.275972 ], [ 2.205139, 7.275694 ], [ 2.205417, 7.275417 ], [ 2.205694, 7.275139 ], [ 2.205972, 7.275139 ], [ 2.20625, 7.275139 ], [ 2.206528, 7.275417 ], [ 2.206806, 7.275694 ], [ 2.207083, 7.275694 ], [ 2.207361, 7.275972 ], [ 2.207639, 7.275972 ], [ 2.207917, 7.275972 ], [ 2.208194, 7.27625 ], [ 2.208472, 7.276528 ], [ 2.20875, 7.276528 ], [ 2.209028, 7.276528 ] ] } },
{ "type": "Feature", "properties": { "strahler_order": 1, "longueur_km": 2.6801665182889596 }, "geometry": { "type": "LineString", "coordinates": [ [ 1.965972, 7.276528 ], [ 1.965694, 7.276528 ], [ 1.965417, 7.276528 ], [ 1.965139, 7.276528 ], [ 1.964861, 7.276528 ], [ 1.964583, 7.276528 ], [ 1.964306, 7.276528 ], [ 1.964028, 7.276528 ], [ 1.96375, 7.276528 ], [ 1.963472, 7.276528 ], [ 1.963194, 7.276528 ], [ 1.962917, 7.276528 ], [ 1.962639, 7.276528 ], [ 1.962361, 7.276528 ], [ 1.962083, 7.276528 ], [ 1.961806, 7.276528 ], [ 1.961528, 7.276528 ], [ 1.96125, 7.276806 ], [ 1.960972, 7.276806 ], [ 1.960694, 7.276528 ], [ 1.960417, 7.276528 ], [ 1.960139, 7.27625 ], [ 1.959861, 7.275972 ], [ 1.959583, 7.275694 ], [ 1.959306, 7.275972 ], [ 1.959028, 7.275972 ], [ 1.95875, 7.275694 ], [ 1.958472, 7.275417 ], [ 1.958194, 7.275139 ], [ 1.957917, 7.275139 ], [ 1.957639, 7.275139 ], [ 1.957361, 7.275139 ], [ 1.957083, 7.275139 ], [ 1.956806, 7.275139 ], [ 1.956528, 7.275139 ], [ 1.95625, 7.275139 ], [ 1.955972, 7.275417 ], [ 1.955694, 7.275417 ], [ 1.955417, 7.275417 ], [ 1.955139, 7.275417 ], [ 1.954861, 7.275417 ], [ 1.954861, 7.275139 ], [ 1.954861, 7.274861 ], [ 1.954583, 7.274583 ], [ 1.954306, 7.274306 ], [ 1.954028, 7.274306 ], [ 1.954028, 7.274028 ], [ 1.95375, 7.27375 ], [ 1.953472, 7.273472 ], [ 1.953194, 7.273472 ], [ 1.952917, 7.273194 ], [ 1.952639, 7.272917 ], [ 1.952361, 7.272917 ], [ 1.952083, 7.272917 ], [ 1.951806, 7.272917 ], [ 1.951528, 7.272639 ], [ 1.95125, 7.272361 ], [ 1.95125, 7.272083 ], [ 1.950972, 7.271806 ], [ 1.950972, 7.271528 ], [ 1.950972, 7.27125 ], [ 1.950972, 7.270972 ], [ 1.950694, 7.270694 ], [ 1.950417, 7.270417 ], [ 1.950139, 7.270139 ], [ 1.949861, 7.270139 ], [ 1.949583, 7.269861 ], [ 1.949306, 7.269861 ], [ 1.949028, 7.269861 ], [ 1.94875, 7.269861 ], [ 1.948472, 7.269861 ], [ 1.948194, 7.269583 ], [ 1.947917, 7.269306 ], [ 1.947639, 7.269306 ], [ 1.947361, 7.269306 ], [ 1.947083, 7.269306 ], [ 1.946806, 7.269306 ], [ 1.946528, 7.269306 ] ] } },
{ "type": "Feature", "properties": { "strahler_order": 1, "longueur_km": 0.55670716008351262 }, "geometry": { "type": "LineString", "coordinates": [ [ 2.095694, 7.27625 ], [ 2.095417, 7.275972 ], [ 2.095139, 7.275694 ], [ 2.094861, 7.275417 ], [ 2.094583, 7.275139 ], [ 2.094306, 7.274861 ], [ 2.094306, 7.274583 ], [ 2.094583, 7.274306 ], [ 2.094861, 7.274028 ], [ 2.095139, 7.27375 ], [ 2.095139, 7.273472 ], [ 2.095139, 7.273194 ], [ 2.095417, 7.273194 ], [ 2.095694, 7.272917 ], [ 2.095972, 7.272639 ] ] } },
{ "type": "Feature", "properties": { "strahler_order": 1, "longueur_km": 1.4562897918949109 }, "geometry": { "type": "LineString", "coordinates": [ [ 2.095972, 7.272639 ], [ 2.09625, 7.272361 ], [ 2.096528, 7.272083 ], [ 2.096528, 7.271806 ], [ 2.096806, 7.271528 ], [ 2.096528, 7.27125 ], [ 2.09625, 7.270972 ], [ 2.09625, 7.270694 ], [ 2.095972, 7.270417 ], [ 2.095972, 7.270139 ], [ 2.095972, 7.269861 ], [ 2.09625, 7.269583 ], [ 2.09625, 7.269306 ], [ 2.096528, 7.269028 ], [ 2.096806, 7.26875 ], [ 2.097083, 7.26875 ], [ 2.097361, 7.269028 ], [ 2.097639, 7.269028 ], [ 2.097917, 7.269028 ], [ 2.098194, 7.269028 ], [ 2.098472, 7.269028 ], [ 2.09875, 7.269028 ], [ 2.099028, 7.269028 ], [ 2.099306, 7.269306 ], [ 2.099583, 7.269306 ], [ 2.099861, 7.269306 ], [ 2.100139, 7.269028 ], [ 2.100139, 7.26875 ], [ 2.100417, 7.268472 ], [ 2.100694, 7.268472 ], [ 2.100694, 7.268194 ], [ 2.100694, 7.267917 ], [ 2.100972, 7.267639 ], [ 2.10125, 7.267361 ], [ 2.101528, 7.267361 ], [ 2.101806, 7.267083 ], [ 2.102083, 7.267083 ], [ 2.102361, 7.267083 ], [ 2.102639, 7.267083 ], [ 2.102917, 7.266806 ], [ 2.103194, 7.266528 ] ] } },
{ "type": "Feature", "properties": { "strahler_order": 1, "longueur_km": 0.93280981305973953 }, "geometry": { "type": "LineString", "coordinates": [ [ 2.103194, 7.266528 ], [ 2.103194, 7.26625 ], [ 2.103194, 7.265972 ], [ 2.102917, 7.265694 ], [ 2.102917, 7.265417 ], [ 2.102639, 7.265139 ], [ 2.102361, 7.264861 ], [ 2.102083, 7.264583 ], [ 2.102083, 7.264306 ], [ 2.102083, 7.264028 ], [ 2.102083, 7.26375 ], [ 2.101806, 7.263472 ], [ 2.101528, 7.263194 ], [ 2.10125, 7.262917 ], [ 2.10125, 7.262639 ], [ 2.10125, 7.262361 ], [ 2.100972, 7.262083 ], [ 2.100694, 7.261806 ], [ 2.100972, 7.261528 ], [ 2.100972, 7.26125 ], [ 2.100972, 7.260972 ], [ 2.100972, 7.260694 ], [ 2.100694, 7.260417 ], [ 2.100417, 7.260139 ], [ 2.100417, 7.259861 ], [ 2.100139, 7.259583 ] ] } },
{ "type": "Feature", "properties": { "strahler_order": 1, "longueur_km": 1.7474738627113815 }, "geometry": { "type": "LineString", "coordinates": [ [ 2.122639, 7.275972 ], [ 2.122917, 7.275694 ], [ 2.123194, 7.275417 ], [ 2.123472, 7.275139 ], [ 2.12375, 7.274861 ], [ 2.124028, 7.274861 ], [ 2.124306, 7.274583 ], [ 2.124583, 7.274306 ], [ 2.124583, 7.274028 ], [ 2.124583, 7.27375 ], [ 2.124583, 7.273472 ], [ 2.124583, 7.273194 ], [ 2.124583, 7.272917 ], [ 2.124861, 7.272639 ], [ 2.125139, 7.272361 ], [ 2.125417, 7.272083 ], [ 2.125417, 7.271806 ], [ 2.125417, 7.271528 ], [ 2.125139, 7.27125 ], [ 2.124861, 7.270972 ], [ 2.124861, 7.270694 ], [ 2.125139, 7.270417 ], [ 2.125417, 7.270139 ], [ 2.125694, 7.270139 ], [ 2.125972, 7.270417 ], [ 2.125972, 7.270694 ], [ 2.12625, 7.270972 ], [ 2.12625, 7.27125 ], [ 2.12625, 7.271528 ], [ 2.126528, 7.271806 ], [ 2.126806, 7.272083 ], [ 2.126806, 7.272361 ], [ 2.127083, 7.272639 ], [ 2.127361, 7.272917 ], [ 2.127639, 7.272917 ], [ 2.127917, 7.272917 ], [ 2.128194, 7.272639 ], [ 2.128194, 7.272361 ], [ 2.128472, 7.272083 ], [ 2.12875, 7.272083 ], [ 2.129028, 7.272083 ], [ 2.129306, 7.272083 ], [ 2.129583, 7.272083 ], [ 2.129861, 7.271806 ], [ 2.130139, 7.272083 ], [ 2.130417, 7.272083 ], [ 2.130694, 7.272083 ], [ 2.130972, 7.272361 ] ] } },
{ "type": "Feature", "properties": { "strahler_order": 1, "longueur_km": 3.0885877911553212 }, "geometry": { "type": "LineString", "coordinates": [ [ 2.130972, 7.272361 ], [ 2.13125, 7.272083 ], [ 2.131528, 7.271806 ], [ 2.131528, 7.271528 ], [ 2.131806, 7.27125 ], [ 2.132083, 7.270972 ], [ 2.132361, 7.270972 ], [ 2.132639, 7.270972 ], [ 2.132917, 7.270972 ], [ 2.133194, 7.270972 ], [ 2.133472, 7.270972 ], [ 2.13375, 7.270694 ], [ 2.134028, 7.270417 ], [ 2.134306, 7.270139 ], [ 2.134583, 7.269861 ], [ 2.134861, 7.269861 ], [ 2.135139, 7.269583 ], [ 2.135417, 7.269306 ], [ 2.135417, 7.269028 ], [ 2.135417, 7.26875 ], [ 2.135694, 7.268472 ], [ 2.135694, 7.268194 ], [ 2.135694, 7.267917 ], [ 2.135694, 7.267639 ], [ 2.135972, 7.267361 ], [ 2.13625, 7.267083 ], [ 2.13625, 7.266806 ], [ 2.13625, 7.266528 ], [ 2.13625, 7.26625 ], [ 2.13625, 7.265972 ], [ 2.13625, 7.265694 ], [ 2.135972, 7.265417 ], [ 2.135694, 7.265139 ], [ 2.135694, 7.264861 ], [ 2.135417, 7.264861 ], [ 2.135139, 7.264861 ], [ 2.134861, 7.264583 ], [ 2.134583, 7.264306 ], [ 2.134306, 7.264028 ], [ 2.134028, 7.26375 ], [ 2.13375, 7.263472 ], [ 2.13375, 7.263194 ], [ 2.13375, 7.262917 ], [ 2.134028, 7.262639 ], [ 2.134306, 7.262361 ], [ 2.134583, 7.262083 ], [ 2.134583, 7.261806 ], [ 2.134306, 7.261528 ], [ 2.134306, 7.26125 ], [ 2.134028, 7.260972 ], [ 2.134028, 7.260694 ], [ 2.134028, 7.260417 ], [ 2.134306, 7.260139 ], [ 2.134306, 7.259861 ], [ 2.134306, 7.259583 ], [ 2.134306, 7.259306 ], [ 2.134583, 7.259028 ], [ 2.134861, 7.25875 ], [ 2.135139, 7.258472 ], [ 2.135417, 7.258194 ], [ 2.135694, 7.257917 ], [ 2.135972, 7.257639 ], [ 2.13625, 7.257361 ], [ 2.136528, 7.257083 ], [ 2.136806, 7.256806 ], [ 2.137083, 7.256806 ], [ 2.137361, 7.256528 ], [ 2.137639, 7.25625 ], [ 2.137917, 7.256528 ], [ 2.138194, 7.256806 ], [ 2.138472, 7.257083 ], [ 2.138472, 7.257361 ], [ 2.138472, 7.257639 ], [ 2.13875, 7.257917 ], [ 2.139028, 7.258194 ], [ 2.139306, 7.258472 ], [ 2.139583, 7.258472 ], [ 2.139861, 7.258472 ], [ 2.140139, 7.258472 ], [ 2.140417, 7.258194 ], [ 2.140417, 7.257917 ], [ 2.140694, 7.257639 ], [ 2.140694, 7.257361 ] ] } },
{ "type": "Feature", "properties": { "strahler_order": 1, "longueur_km": 0.10490452660622014 }, "geometry": { "type": "LineString", "coordinates": [ [ 2.20875, 7.275694 ], [ 2.209028, 7.275972 ], [ 2.209028, 7.27625 ], [ 2.209028, 7.276528 ] ] } },
{ "type": "Feature", "properties": { "strahler_order": 1, "longueur_km": 0.37556690985229263 }, "geometry": { "type": "LineString", "coordinates": [ [ 2.209028, 7.276528 ], [ 2.209028, 7.276806 ], [ 2.209306, 7.277083 ], [ 2.209583, 7.277083 ], [ 2.209861, 7.277083 ], [ 2.210139, 7.277083 ], [ 2.210417, 7.277083 ], [ 2.210694, 7.277083 ], [ 2.210972, 7.277361 ], [ 2.21125, 7.277639 ], [ 2.211528, 7.277639 ], [ 2.211806, 7.277639 ] ] } },
{ "type": "Feature", "properties": { "strahler_order": 1, "longueur_km": 0.44436526335788301 }, "geometry": { "type": "LineString", "coordinates": [ [ 2.211806, 7.277639 ], [ 2.212083, 7.277639 ], [ 2.212361, 7.277639 ], [ 2.212639, 7.277639 ], [ 2.212917, 7.277361 ], [ 2.213194, 7.277361 ], [ 2.213472, 7.277639 ], [ 2.21375, 7.277917 ], [ 2.214028, 7.278194 ], [ 2.214306, 7.278472 ], [ 2.214583, 7.27875 ], [ 2.214861, 7.27875 ], [ 2.215139, 7.27875 ] ] } },
{ "type": "Feature", "properties": { "strahler_order": 1, "longueur_km": 0.91470471306789136 }, "geometry": { "type": "LineString", "coordinates": [ [ 2.040417, 7.275139 ], [ 2.040694, 7.274861 ], [ 2.040694, 7.274583 ], [ 2.040972, 7.274306 ], [ 2.04125, 7.274028 ], [ 2.04125, 7.27375 ], [ 2.041528, 7.273472 ], [ 2.041806, 7.273194 ], [ 2.042083, 7.272917 ], [ 2.042361, 7.272639 ], [ 2.042361, 7.272361 ], [ 2.042639, 7.272083 ], [ 2.042917, 7.271806 ], [ 2.043194, 7.271528 ], [ 2.043194, 7.27125 ], [ 2.042917, 7.270972 ], [ 2.042639, 7.270694 ], [ 2.042639, 7.270417 ], [ 2.042639, 7.270139 ], [ 2.042361, 7.269861 ], [ 2.042361, 7.269583 ], [ 2.042361, 7.269306 ], [ 2.042361, 7.269028 ], [ 2.042361, 7.26875 ], [ 2.042639, 7.268472 ] ] } },
{ "type": "Feature", "properties": { "strahler_order": 1, "longueur_km": 2.381567055530232 }, "geometry": { "type": "LineString", "coordinates": [ [ 2.137083, 7.272639 ], [ 2.136806, 7.272361 ], [ 2.136806, 7.272083 ], [ 2.137083, 7.271806 ], [ 2.137361, 7.271806 ], [ 2.137639, 7.271806 ], [ 2.137917, 7.271806 ], [ 2.138194, 7.271806 ], [ 2.138194, 7.271528 ], [ 2.137917, 7.27125 ], [ 2.137917, 7.270972 ], [ 2.137917, 7.270694 ], [ 2.138194, 7.270417 ], [ 2.138194, 7.270139 ], [ 2.138472, 7.269861 ], [ 2.13875, 7.269583 ], [ 2.139028, 7.269306 ], [ 2.139306, 7.269306 ], [ 2.139583, 7.269306 ], [ 2.139861, 7.269306 ], [ 2.140139, 7.269306 ], [ 2.140417, 7.269306 ], [ 2.140694, 7.269028 ], [ 2.140972, 7.26875 ], [ 2.14125, 7.268472 ], [ 2.14125, 7.268194 ], [ 2.14125, 7.267917 ], [ 2.14125, 7.267639 ], [ 2.14125, 7.267361 ], [ 2.14125, 7.267083 ], [ 2.140972, 7.266806 ], [ 2.140694, 7.266806 ], [ 2.140417, 7.266806 ], [ 2.140139, 7.266528 ], [ 2.139861, 7.26625 ], [ 2.139583, 7.265972 ], [ 2.139583, 7.265694 ], [ 2.139583, 7.265417 ], [ 2.139583, 7.265139 ], [ 2.139583, 7.264861 ], [ 2.139861, 7.264583 ], [ 2.139861, 7.264306 ], [ 2.139861, 7.264028 ], [ 2.139861, 7.26375 ], [ 2.139583, 7.263472 ], [ 2.139583, 7.263194 ], [ 2.139583, 7.262917 ], [ 2.139306, 7.262639 ], [ 2.139306, 7.262361 ], [ 2.139306, 7.262083 ], [ 2.139583, 7.261806 ], [ 2.139861, 7.261528 ], [ 2.140139, 7.26125 ], [ 2.140139, 7.260972 ], [ 2.140139, 7.260694 ], [ 2.140139, 7.260417 ], [ 2.140139, 7.260139 ], [ 2.140417, 7.259861 ], [ 2.140694, 7.259583 ], [ 2.140694, 7.259306 ], [ 2.140972, 7.259028 ], [ 2.14125, 7.25875 ], [ 2.141528, 7.258472 ], [ 2.141528, 7.258194 ], [ 2.14125, 7.257917 ], [ 2.140972, 7.257639 ], [ 2.140694, 7.257361 ] ] } },
{ "type": "Feature", "properties": { "strahler_order": 1, "longueur_km": 3.8443205627245791 }, "geometry": { "type": "LineString", "coordinates": [ [ 2.140694, 7.257361 ], [ 2.140972, 7.257083 ], [ 2.14125, 7.256806 ], [ 2.141528, 7.256528 ], [ 2.141806, 7.256528 ], [ 2.142083, 7.25625 ], [ 2.142361, 7.255972 ], [ 2.142639, 7.255694 ], [ 2.142917, 7.255417 ], [ 2.143194, 7.255139 ], [ 2.143194, 7.254861 ], [ 2.142917, 7.254583 ], [ 2.142639, 7.254306 ], [ 2.142917, 7.254028 ], [ 2.143194, 7.25375 ], [ 2.143472, 7.253472 ], [ 2.14375, 7.253194 ], [ 2.144028, 7.252917 ], [ 2.144306, 7.252639 ], [ 2.144583, 7.252361 ], [ 2.144861, 7.252083 ], [ 2.145139, 7.251806 ], [ 2.145417, 7.251806 ], [ 2.145694, 7.251806 ], [ 2.145972, 7.251528 ], [ 2.14625, 7.251528 ], [ 2.146528, 7.251528 ], [ 2.146806, 7.251806 ], [ 2.147083, 7.251806 ], [ 2.147361, 7.251806 ], [ 2.147639, 7.251806 ], [ 2.147917, 7.252083 ], [ 2.147917, 7.252361 ], [ 2.148194, 7.252639 ], [ 2.148472, 7.252639 ], [ 2.14875, 7.252361 ], [ 2.14875, 7.252083 ], [ 2.149028, 7.251806 ], [ 2.149306, 7.251528 ], [ 2.149583, 7.251528 ], [ 2.149583, 7.25125 ], [ 2.149583, 7.250972 ], [ 2.149583, 7.250694 ], [ 2.149583, 7.250417 ], [ 2.149583, 7.250139 ], [ 2.149861, 7.250139 ], [ 2.150139, 7.250139 ], [ 2.150417, 7.250139 ], [ 2.150694, 7.250139 ], [ 2.150972, 7.250139 ], [ 2.15125, 7.250139 ], [ 2.151528, 7.250139 ], [ 2.151806, 7.250139 ], [ 2.151806, 7.249861 ], [ 2.151806, 7.249583 ], [ 2.152083, 7.249306 ], [ 2.152361, 7.249306 ], [ 2.152639, 7.249306 ], [ 2.152917, 7.249306 ], [ 2.153194, 7.249306 ], [ 2.153472, 7.249028 ], [ 2.15375, 7.24875 ], [ 2.154028, 7.248472 ], [ 2.154306, 7.248194 ], [ 2.154583, 7.248194 ], [ 2.154861, 7.248194 ], [ 2.155139, 7.248194 ], [ 2.155417, 7.247917 ], [ 2.155694, 7.247917 ], [ 2.155972, 7.247917 ], [ 2.15625, 7.247917 ], [ 2.156528, 7.247917 ], [ 2.156806, 7.247917 ], [ 2.157083, 7.247917 ], [ 2.157361, 7.247639 ], [ 2.157639, 7.247639 ], [ 2.157917, 7.247639 ], [ 2.158194, 7.247917 ], [ 2.158472, 7.248194 ], [ 2.15875, 7.248194 ], [ 2.159028, 7.248194 ], [ 2.159306, 7.248194 ], [ 2.159583, 7.248194 ], [ 2.159861, 7.247917 ], [ 2.160139, 7.247639 ], [ 2.160417, 7.247361 ], [ 2.160417, 7.247083 ], [ 2.160694, 7.246806 ], [ 2.160972, 7.246528 ], [ 2.16125, 7.24625 ], [ 2.161528, 7.245972 ], [ 2.161806, 7.245972 ], [ 2.162083, 7.245972 ], [ 2.162361, 7.245694 ], [ 2.162639, 7.245694 ], [ 2.162917, 7.245417 ], [ 2.163194, 7.245417 ], [ 2.163472, 7.245417 ], [ 2.16375, 7.245417 ], [ 2.164028, 7.245417 ], [ 2.164306, 7.245694 ], [ 2.164583, 7.245972 ], [ 2.164861, 7.24625 ], [ 2.165139, 7.246528 ], [ 2.165417, 7.246528 ], [ 2.165694, 7.246806 ] ] } },
{ "type": "Feature", "properties": { "strahler_order": 1, "longueur_km": 0.49328609240412158 }, "geometry": { "type": "LineString", "coordinates": [ [ 1.905694, 7.272361 ], [ 1.905972, 7.272083 ], [ 1.90625, 7.271806 ], [ 1.90625, 7.271528 ], [ 1.906528, 7.271528 ], [ 1.906806, 7.27125 ], [ 1.907083, 7.27125 ], [ 1.907361, 7.27125 ], [ 1.907639, 7.270972 ], [ 1.907639, 7.270694 ], [ 1.907639, 7.270417 ], [ 1.907639, 7.270139 ], [ 1.907917, 7.269861 ], [ 1.907917, 7.269583 ], [ 1.907917, 7.269306 ] ] } },
{ "type": "Feature", "properties": { "strahler_order": 1, "longueur_km": 1.0113938309649537 }, "geometry": { "type": "LineString", "coordinates": [ [ 2.18375, 7.272083 ], [ 2.184028, 7.271806 ], [ 2.184306, 7.271806 ], [ 2.184583, 7.271806 ], [ 2.184861, 7.271806 ], [ 2.185139, 7.271806 ], [ 2.185417, 7.271806 ], [ 2.185694, 7.272083 ], [ 2.185972, 7.272083 ], [ 2.18625, 7.272083 ], [ 2.186528, 7.272083 ], [ 2.186806, 7.272361 ], [ 2.187083, 7.272361 ], [ 2.187361, 7.272361 ], [ 2.187639, 7.272361 ], [ 2.187917, 7.272361 ], [ 2.188194, 7.272361 ], [ 2.188472, 7.272083 ], [ 2.18875, 7.271806 ], [ 2.189028, 7.271528 ], [ 2.189028, 7.27125 ], [ 2.189028, 7.270972 ], [ 2.189306, 7.270694 ], [ 2.189583, 7.270417 ], [ 2.189861, 7.270139 ], [ 2.190139, 7.269861 ], [ 2.190417, 7.269583 ], [ 2.190694, 7.269306 ], [ 2.190972, 7.269306 ] ] } },
{ "type": "Feature", "properties": { "strahler_order": 1, "longueur_km": 1.7529179836569526 }, "geometry": { "type": "LineString", "coordinates": [ [ 2.190972, 7.269306 ], [ 2.19125, 7.269028 ], [ 2.191528, 7.26875 ], [ 2.191806, 7.268472 ], [ 2.191806, 7.268194 ], [ 2.192083, 7.267917 ], [ 2.192083, 7.267639 ], [ 2.191806, 7.267361 ], [ 2.191806, 7.267083 ], [ 2.191528, 7.266806 ], [ 2.191528, 7.266528 ], [ 2.191528, 7.26625 ], [ 2.191528, 7.265972 ], [ 2.191528, 7.265694 ], [ 2.191806, 7.265417 ], [ 2.191806, 7.265139 ], [ 2.191806, 7.264861 ], [ 2.191806, 7.264583 ], [ 2.191806, 7.264306 ], [ 2.192083, 7.264028 ], [ 2.191806, 7.26375 ], [ 2.191806, 7.263472 ], [ 2.191806, 7.263194 ], [ 2.191806, 7.262917 ], [ 2.192083, 7.262639 ], [ 2.192083, 7.262361 ], [ 2.192361, 7.262361 ], [ 2.192639, 7.262083 ], [ 2.192917, 7.262083 ], [ 2.192917, 7.261806 ], [ 2.193194, 7.261528 ], [ 2.193472, 7.261528 ], [ 2.19375, 7.261528 ], [ 2.194028, 7.261806 ], [ 2.194306, 7.261806 ], [ 2.194583, 7.261806 ], [ 2.194861, 7.261806 ], [ 2.195139, 7.261528 ], [ 2.195417, 7.26125 ], [ 2.195694, 7.260972 ], [ 2.195972, 7.260694 ], [ 2.19625, 7.260417 ], [ 2.19625, 7.260139 ], [ 2.195972, 7.259861 ], [ 2.195694, 7.259583 ], [ 2.195417, 7.259306 ], [ 2.195139, 7.259028 ], [ 2.195139, 7.25875 ], [ 2.195139, 7.258472 ] ] } },
{ "type": "Feature", "properties": { "strahler_order": 1, "longueur_km": 3.2143398065417177 }, "geometry": { "type": "LineString", "coordinates": [ [ 2.019583, 7.271806 ], [ 2.019306, 7.272083 ], [ 2.019306, 7.272361 ], [ 2.019306, 7.272639 ], [ 2.019583, 7.272917 ], [ 2.019583, 7.273194 ], [ 2.019861, 7.273472 ], [ 2.019861, 7.27375 ], [ 2.020139, 7.274028 ], [ 2.020139, 7.274306 ], [ 2.020139, 7.274583 ], [ 2.019861, 7.274861 ], [ 2.019583, 7.274861 ], [ 2.019306, 7.274861 ], [ 2.019306, 7.275139 ], [ 2.019306, 7.275417 ], [ 2.019306, 7.275694 ], [ 2.019306, 7.275972 ], [ 2.019028, 7.27625 ], [ 2.01875, 7.276528 ], [ 2.01875, 7.276806 ], [ 2.018472, 7.277083 ], [ 2.018194, 7.277361 ], [ 2.017917, 7.277639 ], [ 2.017639, 7.277639 ], [ 2.017361, 7.277917 ], [ 2.017083, 7.278194 ], [ 2.016806, 7.278472 ], [ 2.016806, 7.27875 ], [ 2.016528, 7.279028 ], [ 2.01625, 7.279306 ], [ 2.01625, 7.279583 ], [ 2.015972, 7.279861 ], [ 2.015694, 7.280139 ], [ 2.015694, 7.280417 ], [ 2.015694, 7.280694 ], [ 2.015694, 7.280972 ], [ 2.015694, 7.28125 ], [ 2.015417, 7.281528 ], [ 2.015139, 7.281806 ], [ 2.014861, 7.281806 ], [ 2.014583, 7.281806 ], [ 2.014306, 7.282083 ], [ 2.014028, 7.282083 ], [ 2.01375, 7.282083 ], [ 2.013472, 7.282083 ], [ 2.013194, 7.282083 ], [ 2.012917, 7.282361 ], [ 2.012639, 7.282639 ], [ 2.012361, 7.282639 ], [ 2.012083, 7.282639 ], [ 2.011806, 7.282361 ], [ 2.011528, 7.282361 ], [ 2.01125, 7.282361 ], [ 2.010972, 7.282361 ], [ 2.010694, 7.282361 ], [ 2.010417, 7.282639 ], [ 2.010139, 7.282917 ], [ 2.009861, 7.283194 ], [ 2.009583, 7.283194 ], [ 2.009306, 7.283194 ], [ 2.009028, 7.283472 ], [ 2.00875, 7.28375 ], [ 2.008472, 7.284028 ], [ 2.008472, 7.284306 ], [ 2.00875, 7.284583 ], [ 2.00875, 7.284861 ], [ 2.008472, 7.285139 ], [ 2.008472, 7.285417 ], [ 2.008194, 7.285694 ], [ 2.008194, 7.285972 ], [ 2.008194, 7.28625 ], [ 2.007917, 7.286528 ], [ 2.007639, 7.286806 ], [ 2.007639, 7.287083 ], [ 2.007361, 7.287361 ], [ 2.007083, 7.287361 ], [ 2.006806, 7.287361 ], [ 2.006528, 7.287639 ], [ 2.006528, 7.287917 ], [ 2.00625, 7.288194 ], [ 2.00625, 7.288472 ], [ 2.005972, 7.288472 ], [ 2.005694, 7.288472 ], [ 2.005417, 7.288472 ], [ 2.005139, 7.288472 ], [ 2.004861, 7.288472 ], [ 2.004583, 7.288472 ], [ 2.004306, 7.288472 ], [ 2.004028, 7.288194 ] ] } },
{ "type": "Feature", "properties": { "strahler_order": 1, "longueur_km": 1.1058472553378194 }, "geometry": { "type": "LineString", "coordinates": [ [ 2.004028, 7.288194 ], [ 2.00375, 7.288472 ], [ 2.003472, 7.288472 ], [ 2.003194, 7.28875 ], [ 2.002917, 7.289028 ], [ 2.002639, 7.289306 ], [ 2.002361, 7.289583 ], [ 2.002083, 7.289861 ], [ 2.001806, 7.289861 ], [ 2.001528, 7.289861 ], [ 2.00125, 7.289861 ], [ 2.000972, 7.290139 ], [ 2.000694, 7.290417 ], [ 2.000417, 7.290417 ], [ 2.000139, 7.290417 ], [ 1.999861, 7.290417 ], [ 1.999583, 7.290694 ], [ 1.999306, 7.290972 ], [ 1.999028, 7.29125 ], [ 1.99875, 7.291528 ], [ 1.99875, 7.291806 ], [ 1.998472, 7.292083 ], [ 1.998194, 7.292361 ], [ 1.997917, 7.292361 ], [ 1.997639, 7.292639 ], [ 1.997361, 7.292917 ], [ 1.997361, 7.293194 ], [ 1.997083, 7.293472 ], [ 1.996806, 7.293472 ], [ 1.996528, 7.293472 ] ] } },
{ "type": "Feature", "properties": { "strahler_order": 1, "longueur_km": 0.37056470181050616 }, "geometry": { "type": "LineString", "coordinates": [ [ 1.996528, 7.293472 ], [ 1.99625, 7.29375 ], [ 1.995972, 7.294028 ], [ 1.995972, 7.294306 ], [ 1.995972, 7.294583 ], [ 1.995694, 7.294861 ], [ 1.995417, 7.295139 ], [ 1.995139, 7.295417 ], [ 1.995139, 7.295694 ], [ 1.995139, 7.295972 ], [ 1.995139, 7.29625 ] ] } },
{ "type": "Feature", "properties": { "strahler_order": 1, "longueur_km": 0.50051395748693761 }, "geometry": { "type": "LineString", "coordinates": [ [ 1.995139, 7.29625 ], [ 1.994861, 7.296528 ], [ 1.994583, 7.296806 ], [ 1.994306, 7.297083 ], [ 1.994028, 7.297361 ], [ 1.99375, 7.297361 ], [ 1.993472, 7.297083 ], [ 1.993194, 7.296806 ], [ 1.992917, 7.296528 ], [ 1.992639, 7.296528 ], [ 1.992361, 7.296528 ], [ 1.992083, 7.296528 ], [ 1.991806, 7.296528 ], [ 1.991528, 7.296806 ] ] } },
{ "type": "Feature", "properties": { "strahler_order": 1, "longueur_km": 2.5595143574331916 }, "geometry": { "type": "LineString", "coordinates": [ [ 1.991528, 7.296806 ], [ 1.99125, 7.297083 ], [ 1.990972, 7.297361 ], [ 1.990694, 7.297361 ], [ 1.990417, 7.297083 ], [ 1.990139, 7.296806 ], [ 1.989861, 7.296806 ], [ 1.989583, 7.296806 ], [ 1.989306, 7.296528 ], [ 1.989028, 7.29625 ], [ 1.98875, 7.296528 ], [ 1.988472, 7.29625 ], [ 1.988194, 7.296528 ], [ 1.988194, 7.296806 ], [ 1.987917, 7.297083 ], [ 1.987639, 7.297083 ], [ 1.987361, 7.297083 ], [ 1.987083, 7.297361 ], [ 1.986806, 7.297639 ], [ 1.986528, 7.297639 ], [ 1.98625, 7.297639 ], [ 1.985972, 7.297917 ], [ 1.985694, 7.297917 ], [ 1.985417, 7.298194 ], [ 1.985139, 7.298472 ], [ 1.984861, 7.29875 ], [ 1.984583, 7.299028 ], [ 1.984306, 7.299028 ], [ 1.984028, 7.299306 ], [ 1.98375, 7.299583 ], [ 1.98375, 7.299861 ], [ 1.98375, 7.300139 ], [ 1.983472, 7.300417 ], [ 1.983194, 7.300694 ], [ 1.983194, 7.300972 ], [ 1.982917, 7.30125 ], [ 1.982639, 7.301528 ], [ 1.982361, 7.301806 ], [ 1.982083, 7.302083 ], [ 1.981806, 7.302361 ], [ 1.981528, 7.302639 ], [ 1.98125, 7.302917 ], [ 1.980972, 7.303194 ], [ 1.980694, 7.303472 ], [ 1.980417, 7.30375 ], [ 1.980139, 7.304028 ], [ 1.979861, 7.304306 ], [ 1.979583, 7.304583 ], [ 1.979306, 7.304861 ], [ 1.979028, 7.305139 ], [ 1.97875, 7.305417 ], [ 1.978472, 7.305417 ], [ 1.978472, 7.305694 ], [ 1.978194, 7.305972 ], [ 1.978194, 7.30625 ], [ 1.978194, 7.306528 ], [ 1.978194, 7.306806 ], [ 1.978194, 7.307083 ], [ 1.978194, 7.307361 ], [ 1.977917, 7.307639 ], [ 1.977639, 7.307917 ], [ 1.977361, 7.308194 ], [ 1.977361, 7.308472 ], [ 1.977639, 7.30875 ], [ 1.977639, 7.309028 ], [ 1.977639, 7.309306 ], [ 1.977639, 7.309583 ] ] } },
{ "type": "Feature", "properties": { "strahler_order": 1, "longueur_km": 0.57477333345324566 }, "geometry": { "type": "LineString", "coordinates": [ [ 2.060139, 7.27125 ], [ 2.060417, 7.270972 ], [ 2.060694, 7.270694 ], [ 2.060972, 7.270417 ], [ 2.06125, 7.270139 ], [ 2.061528, 7.269861 ], [ 2.061806, 7.269861 ], [ 2.062083, 7.269583 ], [ 2.062361, 7.269583 ], [ 2.062639, 7.269306 ], [ 2.062639, 7.269028 ], [ 2.062917, 7.26875 ], [ 2.062917, 7.268472 ], [ 2.063194, 7.268194 ], [ 2.063472, 7.268194 ], [ 2.06375, 7.268194 ] ] } },
{ "type": "Feature", "properties": { "strahler_order": 1, "longueur_km": 1.923863029287491 }, "geometry": { "type": "LineString", "coordinates": [ [ 2.06375, 7.268194 ], [ 2.064028, 7.268194 ], [ 2.064306, 7.267917 ], [ 2.064583, 7.267639 ], [ 2.064861, 7.267361 ], [ 2.065139, 7.267083 ], [ 2.065417, 7.266806 ], [ 2.065417, 7.266528 ], [ 2.065417, 7.26625 ], [ 2.065417, 7.265972 ], [ 2.065417, 7.265694 ], [ 2.065417, 7.265417 ], [ 2.065694, 7.265139 ], [ 2.065972, 7.264861 ], [ 2.06625, 7.264861 ], [ 2.066528, 7.264583 ], [ 2.066806, 7.264306 ], [ 2.067083, 7.264028 ], [ 2.067083, 7.26375 ], [ 2.067083, 7.263472 ], [ 2.067361, 7.263472 ], [ 2.067639, 7.263194 ], [ 2.067917, 7.263194 ], [ 2.068194, 7.262917 ], [ 2.068194, 7.262639 ], [ 2.068472, 7.262361 ], [ 2.06875, 7.262083 ], [ 2.069028, 7.262083 ], [ 2.069306, 7.261806 ], [ 2.069583, 7.261528 ], [ 2.069861, 7.26125 ], [ 2.070139, 7.26125 ], [ 2.070417, 7.260972 ], [ 2.070694, 7.260694 ], [ 2.070972, 7.260694 ], [ 2.07125, 7.260694 ], [ 2.071528, 7.260694 ], [ 2.071806, 7.260694 ], [ 2.072083, 7.260694 ], [ 2.072361, 7.260694 ], [ 2.072639, 7.260694 ], [ 2.072917, 7.260694 ], [ 2.073194, 7.260694 ], [ 2.073472, 7.260417 ], [ 2.07375, 7.260139 ], [ 2.074028, 7.260139 ], [ 2.074306, 7.260139 ], [ 2.074583, 7.260139 ], [ 2.074861, 7.260139 ], [ 2.075139, 7.260139 ], [ 2.075417, 7.260139 ], [ 2.075694, 7.260139 ], [ 2.075972, 7.260139 ], [ 2.07625, 7.260139 ], [ 2.076528, 7.260139 ] ] } },
{ "type": "Feature", "properties": { "strahler_order": 1, "longueur_km": 0.70998001001105537 }, "geometry": { "type": "LineString", "coordinates": [ [ 2.076528, 7.260139 ], [ 2.076806, 7.259861 ], [ 2.077083, 7.259861 ], [ 2.077361, 7.259861 ], [ 2.077639, 7.259861 ], [ 2.077917, 7.259861 ], [ 2.078194, 7.259583 ], [ 2.078472, 7.259306 ], [ 2.07875, 7.259306 ], [ 2.079028, 7.259306 ], [ 2.079306, 7.259306 ], [ 2.079583, 7.259583 ], [ 2.079861, 7.259583 ], [ 2.080139, 7.259861 ], [ 2.080417, 7.260139 ], [ 2.080694, 7.260139 ], [ 2.080972, 7.260417 ], [ 2.08125, 7.260694 ], [ 2.081528, 7.260972 ], [ 2.081806, 7.26125 ] ] } },
{ "type": "Feature", "properties": { "strahler_order": 1, "longueur_km": 0.97600997181275273 }, "geometry": { "type": "LineString", "coordinates": [ [ 2.081806, 7.26125 ], [ 2.082083, 7.26125 ], [ 2.082361, 7.261528 ], [ 2.082639, 7.261528 ], [ 2.082917, 7.26125 ], [ 2.082917, 7.260972 ], [ 2.082917, 7.260694 ], [ 2.082917, 7.260417 ], [ 2.082917, 7.260139 ], [ 2.082917, 7.259861 ], [ 2.083194, 7.259583 ], [ 2.083472, 7.259306 ], [ 2.08375, 7.259028 ], [ 2.084028, 7.25875 ], [ 2.084306, 7.258472 ], [ 2.084583, 7.258194 ], [ 2.084861, 7.258194 ], [ 2.085139, 7.257917 ], [ 2.085417, 7.257639 ], [ 2.085694, 7.257361 ], [ 2.085972, 7.257083 ], [ 2.08625, 7.256806 ], [ 2.08625, 7.256528 ], [ 2.086528, 7.25625 ], [ 2.086528, 7.255972 ], [ 2.086528, 7.255694 ], [ 2.086528, 7.255417 ] ] } },
{ "type": "Feature", "properties": { "strahler_order": 1, "longueur_km": 0.061472287687634977 }, "geometry": { "type": "LineString", "coordinates": [ [ 2.086528, 7.255417 ], [ 2.086528, 7.255139 ], [ 2.086528, 7.254861 ] ] } },
{ "type": "Feature", "properties": { "strahler_order": 1, "longueur_km": 0.14818365055684868 }, "geometry": { "type": "LineString", "coordinates": [ [ 1.912917, 7.270972 ], [ 1.912639, 7.270972 ], [ 1.912361, 7.270972 ], [ 1.912083, 7.27125 ], [ 1.911806, 7.271528 ] ] } },
{ "type": "Feature", "properties": { "strahler_order": 1, "longueur_km": 1.1040854809299725 }, "geometry": { "type": "LineString", "coordinates": [ [ 2.213194, 7.270972 ], [ 2.213194, 7.27125 ], [ 2.213194, 7.271528 ], [ 2.212917, 7.271806 ], [ 2.212917, 7.272083 ], [ 2.213194, 7.272361 ], [ 2.213472, 7.272639 ], [ 2.213472, 7.272917 ], [ 2.21375, 7.273194 ], [ 2.214028, 7.273472 ], [ 2.214306, 7.273472 ], [ 2.214583, 7.273472 ], [ 2.214583, 7.27375 ], [ 2.214583, 7.274028 ], [ 2.214583, 7.274306 ], [ 2.214583, 7.274583 ], [ 2.214583, 7.274861 ], [ 2.214583, 7.275139 ], [ 2.214583, 7.275417 ], [ 2.214861, 7.275694 ], [ 2.215139, 7.275972 ], [ 2.215139, 7.27625 ], [ 2.215139, 7.276528 ], [ 2.215139, 7.276806 ], [ 2.214861, 7.276806 ], [ 2.214583, 7.277083 ], [ 2.214306, 7.277361 ], [ 2.214306, 7.277639 ], [ 2.214306, 7.277917 ], [ 2.214583, 7.278194 ], [ 2.214861, 7.278472 ], [ 2.215139, 7.27875 ] ] } },
{ "type": "Feature", "properties": { "strahler_order": 1, "longueur_km": 0.91933861378523885 }, "geometry": { "type": "LineString", "coordinates": [ [ 2.215139, 7.27875 ], [ 2.215417, 7.27875 ], [ 2.215694, 7.27875 ], [ 2.215972, 7.27875 ], [ 2.21625, 7.27875 ], [ 2.216528, 7.27875 ], [ 2.216806, 7.27875 ], [ 2.217083, 7.27875 ], [ 2.217361, 7.27875 ], [ 2.217639, 7.27875 ], [ 2.217917, 7.27875 ], [ 2.218194, 7.27875 ], [ 2.218472, 7.27875 ], [ 2.21875, 7.279028 ], [ 2.219028, 7.279306 ], [ 2.219306, 7.279583 ], [ 2.219583, 7.279861 ], [ 2.219861, 7.280139 ], [ 2.220139, 7.280417 ], [ 2.220417, 7.280694 ], [ 2.220694, 7.280972 ], [ 2.220972, 7.28125 ], [ 2.22125, 7.281528 ], [ 2.221528, 7.281806 ], [ 2.221806, 7.282083 ], [ 2.222083, 7.282083 ] ] } },
{ "type": "Feature", "properties": { "strahler_order": 1, "longueur_km": 0.431762132248383 }, "geometry": { "type": "LineString", "coordinates": [ [ 1.927083, 7.270694 ], [ 1.927083, 7.270972 ], [ 1.926806, 7.27125 ], [ 1.927083, 7.271528 ], [ 1.927083, 7.271806 ], [ 1.927083, 7.272083 ], [ 1.927083, 7.272361 ], [ 1.926806, 7.272639 ], [ 1.926528, 7.272917 ], [ 1.92625, 7.272639 ], [ 1.925972, 7.272639 ], [ 1.925694, 7.272639 ], [ 1.925417, 7.272639 ] ] } },
{ "type": "Feature", "properties": { "strahler_order": 1, "longueur_km": 0.4010655041861384 }, "geometry": { "type": "LineString", "coordinates": [ [ 2.039583, 7.269861 ], [ 2.039861, 7.269861 ], [ 2.040139, 7.269861 ], [ 2.040417, 7.269583 ], [ 2.040694, 7.269306 ], [ 2.040972, 7.269028 ], [ 2.04125, 7.26875 ], [ 2.041528, 7.268472 ], [ 2.041806, 7.268472 ], [ 2.042083, 7.268472 ], [ 2.042361, 7.268472 ], [ 2.042639, 7.268472 ] ] } },
{ "type": "Feature", "properties": { "strahler_order": 1, "longueur_km": 1.1730113718107722 }, "geometry": { "type": "LineString", "coordinates": [ [ 2.042639, 7.268472 ], [ 2.042917, 7.268194 ], [ 2.043194, 7.268194 ], [ 2.043472, 7.268194 ], [ 2.04375, 7.267917 ], [ 2.044028, 7.267639 ], [ 2.044306, 7.267361 ], [ 2.044583, 7.267083 ], [ 2.044861, 7.266806 ], [ 2.045139, 7.266806 ], [ 2.045139, 7.266528 ], [ 2.045139, 7.26625 ], [ 2.045139, 7.265972 ], [ 2.045139, 7.265694 ], [ 2.045139, 7.265417 ], [ 2.045139, 7.265139 ], [ 2.045139, 7.264861 ], [ 2.044861, 7.264583 ], [ 2.045139, 7.264306 ], [ 2.045417, 7.264028 ], [ 2.045694, 7.26375 ], [ 2.045972, 7.264028 ], [ 2.04625, 7.264028 ], [ 2.046528, 7.26375 ], [ 2.046528, 7.263472 ], [ 2.046528, 7.263194 ], [ 2.046528, 7.262917 ], [ 2.046528, 7.262639 ], [ 2.046806, 7.262361 ], [ 2.047083, 7.262083 ], [ 2.047361, 7.261806 ], [ 2.047361, 7.261528 ], [ 2.047361, 7.26125 ] ] } },
{ "type": "Feature", "properties": { "strahler_order": 1, "longueur_km": 0.17884298646824867 }, "geometry": { "type": "LineString", "coordinates": [ [ 1.94125, 7.268472 ], [ 1.940972, 7.26875 ], [ 1.940694, 7.269028 ], [ 1.940417, 7.269028 ], [ 1.940139, 7.269028 ], [ 1.939861, 7.269028 ] ] } },
{ "type": "Feature", "properties": { "strahler_order": 1, "longueur_km": 0.59774951653371411 }, "geometry": { "type": "LineString", "coordinates": [ [ 2.003194, 7.267361 ], [ 2.002917, 7.267083 ], [ 2.002639, 7.266806 ], [ 2.002361, 7.266806 ], [ 2.002083, 7.266528 ], [ 2.001806, 7.266528 ], [ 2.001528, 7.266528 ], [ 2.00125, 7.26625 ], [ 2.000972, 7.26625 ], [ 2.000694, 7.266528 ], [ 2.000417, 7.266528 ], [ 2.000139, 7.266528 ], [ 1.999861, 7.26625 ], [ 1.999583, 7.26625 ], [ 1.999306, 7.26625 ], [ 1.999028, 7.26625 ], [ 1.99875, 7.26625 ], [ 1.998472, 7.26625 ] ] } },
{ "type": "Feature", "properties": { "strahler_order": 1, "longueur_km": 1.8393539968337154 }, "geometry": { "type": "LineString", "coordinates": [ [ 2.032361, 7.267361 ], [ 2.032361, 7.267083 ], [ 2.032361, 7.266806 ], [ 2.032639, 7.266528 ], [ 2.032917, 7.26625 ], [ 2.033194, 7.265972 ], [ 2.033472, 7.265694 ], [ 2.033472, 7.265417 ], [ 2.033472, 7.265139 ], [ 2.03375, 7.264861 ], [ 2.034028, 7.264583 ], [ 2.034306, 7.264583 ], [ 2.034583, 7.264861 ], [ 2.034861, 7.264861 ], [ 2.035139, 7.264583 ], [ 2.035417, 7.264583 ], [ 2.035694, 7.264583 ], [ 2.035972, 7.264861 ], [ 2.03625, 7.264861 ], [ 2.036528, 7.264861 ], [ 2.036806, 7.264861 ], [ 2.037083, 7.265139 ], [ 2.037361, 7.265139 ], [ 2.037639, 7.264861 ], [ 2.037917, 7.264861 ], [ 2.038194, 7.264861 ], [ 2.038472, 7.264861 ], [ 2.03875, 7.264861 ], [ 2.039028, 7.265139 ], [ 2.039306, 7.265417 ], [ 2.039583, 7.265417 ], [ 2.039861, 7.265139 ], [ 2.040139, 7.264861 ], [ 2.040417, 7.264583 ], [ 2.040417, 7.264306 ], [ 2.040417, 7.264028 ], [ 2.040694, 7.264028 ], [ 2.040972, 7.264028 ], [ 2.04125, 7.26375 ], [ 2.041528, 7.263472 ], [ 2.041806, 7.263194 ], [ 2.041806, 7.262917 ], [ 2.042083, 7.262639 ], [ 2.042361, 7.262639 ], [ 2.042639, 7.262639 ], [ 2.042917, 7.262917 ], [ 2.043194, 7.263194 ], [ 2.043472, 7.262917 ], [ 2.04375, 7.262639 ], [ 2.044028, 7.262639 ], [ 2.044306, 7.262639 ] ] } },
{ "type": "Feature", "properties": { "strahler_order": 1, "longueur_km": 3.7554315874695581 }, "geometry": { "type": "LineString", "coordinates": [ [ 1.986806, 7.267083 ], [ 1.986528, 7.267361 ], [ 1.98625, 7.267361 ], [ 1.985972, 7.267361 ], [ 1.985694, 7.267361 ], [ 1.985417, 7.267361 ], [ 1.985139, 7.267361 ], [ 1.984861, 7.267361 ], [ 1.984583, 7.267639 ], [ 1.984306, 7.267639 ], [ 1.984028, 7.267639 ], [ 1.98375, 7.267361 ], [ 1.983472, 7.267083 ], [ 1.983194, 7.267083 ], [ 1.982917, 7.267083 ], [ 1.982639, 7.267083 ], [ 1.982361, 7.267361 ], [ 1.982083, 7.267639 ], [ 1.982361, 7.267917 ], [ 1.982361, 7.268194 ], [ 1.982361, 7.268472 ], [ 1.982083, 7.26875 ], [ 1.982083, 7.269028 ], [ 1.982361, 7.269306 ], [ 1.982083, 7.269583 ], [ 1.981806, 7.269861 ], [ 1.981528, 7.269861 ], [ 1.98125, 7.269861 ], [ 1.980972, 7.270139 ], [ 1.980694, 7.270417 ], [ 1.980417, 7.270417 ], [ 1.980139, 7.270417 ], [ 1.979861, 7.270417 ], [ 1.979583, 7.270417 ], [ 1.979306, 7.270139 ], [ 1.979028, 7.270139 ], [ 1.97875, 7.270139 ], [ 1.978472, 7.270417 ], [ 1.978194, 7.270694 ], [ 1.978194, 7.270972 ], [ 1.978194, 7.27125 ], [ 1.977917, 7.271528 ], [ 1.977639, 7.271528 ], [ 1.977361, 7.271528 ], [ 1.977083, 7.271528 ], [ 1.976806, 7.271528 ], [ 1.976528, 7.271528 ], [ 1.97625, 7.27125 ], [ 1.975972, 7.270972 ], [ 1.975694, 7.270694 ], [ 1.975417, 7.270694 ], [ 1.975139, 7.270694 ], [ 1.974861, 7.270694 ], [ 1.974583, 7.270417 ], [ 1.974306, 7.270139 ], [ 1.974028, 7.269861 ], [ 1.974028, 7.269583 ], [ 1.97375, 7.269583 ], [ 1.973472, 7.269861 ], [ 1.973194, 7.270139 ], [ 1.973194, 7.270417 ], [ 1.972917, 7.270417 ], [ 1.972639, 7.270694 ], [ 1.972361, 7.270972 ], [ 1.972083, 7.270972 ], [ 1.971806, 7.270972 ], [ 1.971528, 7.270972 ], [ 1.97125, 7.270694 ], [ 1.970972, 7.270417 ], [ 1.970694, 7.270417 ], [ 1.970417, 7.270417 ], [ 1.970139, 7.270417 ], [ 1.969861, 7.270417 ], [ 1.969583, 7.270694 ], [ 1.969306, 7.270694 ], [ 1.969028, 7.270694 ], [ 1.96875, 7.270694 ], [ 1.968472, 7.270417 ], [ 1.968194, 7.270417 ], [ 1.967917, 7.270417 ], [ 1.967639, 7.270417 ], [ 1.967361, 7.270417 ], [ 1.967083, 7.270139 ], [ 1.966806, 7.270139 ], [ 1.966528, 7.269861 ], [ 1.96625, 7.269583 ], [ 1.965972, 7.269583 ], [ 1.965694, 7.269583 ], [ 1.965417, 7.269583 ], [ 1.965139, 7.269583 ], [ 1.964861, 7.269306 ], [ 1.964583, 7.269028 ], [ 1.964306, 7.269028 ], [ 1.964028, 7.269028 ], [ 1.96375, 7.269028 ], [ 1.963472, 7.269028 ], [ 1.963194, 7.269028 ], [ 1.962917, 7.269028 ], [ 1.962639, 7.269028 ], [ 1.962361, 7.26875 ], [ 1.962083, 7.26875 ], [ 1.961806, 7.268472 ], [ 1.961528, 7.268194 ], [ 1.96125, 7.267917 ], [ 1.960972, 7.267639 ], [ 1.960694, 7.267361 ] ] } },
{ "type": "Feature", "properties": { "strahler_order": 1, "longueur_km": 0.49309031144870602 }, "geometry": { "type": "LineString", "coordinates": [ [ 1.96875, 7.265417 ], [ 1.968472, 7.265139 ], [ 1.968194, 7.265417 ], [ 1.967917, 7.265417 ], [ 1.967639, 7.265417 ], [ 1.967361, 7.265417 ], [ 1.967083, 7.265417 ], [ 1.966806, 7.265417 ], [ 1.966528, 7.265139 ], [ 1.96625, 7.265139 ], [ 1.965972, 7.265139 ], [ 1.965694, 7.265139 ], [ 1.965417, 7.265139 ], [ 1.965139, 7.264861 ], [ 1.964861, 7.264583 ] ] } },
{ "type": "Feature", "properties": { "strahler_order": 1, "longueur_km": 0.73374686092694952 }, "geometry": { "type": "LineString", "coordinates": [ [ 1.934861, 7.265139 ], [ 1.934861, 7.265417 ], [ 1.935139, 7.265694 ], [ 1.935139, 7.265972 ], [ 1.935139, 7.26625 ], [ 1.935139, 7.266528 ], [ 1.935417, 7.266806 ], [ 1.935417, 7.267083 ], [ 1.935139, 7.267361 ], [ 1.935139, 7.267639 ], [ 1.935139, 7.267917 ], [ 1.935139, 7.268194 ], [ 1.935139, 7.268472 ], [ 1.935139, 7.26875 ], [ 1.935139, 7.269028 ], [ 1.935417, 7.269306 ], [ 1.935417, 7.269583 ], [ 1.935417, 7.269861 ], [ 1.935139, 7.270139 ], [ 1.934861, 7.270417 ], [ 1.934583, 7.270694 ], [ 1.934306, 7.270694 ] ] } },
{ "type": "Feature", "properties": { "strahler_order": 1, "longueur_km": 0.7918070900293307 }, "geometry": { "type": "LineString", "coordinates": [ [ 1.950139, 7.264583 ], [ 1.949861, 7.264861 ], [ 1.949583, 7.265139 ], [ 1.949306, 7.265417 ], [ 1.949306, 7.265694 ], [ 1.949306, 7.265972 ], [ 1.949028, 7.26625 ], [ 1.94875, 7.26625 ], [ 1.948472, 7.266528 ], [ 1.948194, 7.266528 ], [ 1.947917, 7.266528 ], [ 1.947639, 7.266806 ], [ 1.947361, 7.267083 ], [ 1.947083, 7.267361 ], [ 1.946806, 7.267639 ], [ 1.946528, 7.267917 ], [ 1.94625, 7.268194 ], [ 1.945972, 7.268472 ], [ 1.945694, 7.26875 ], [ 1.945694, 7.269028 ], [ 1.945417, 7.269306 ] ] } },
{ "type": "Feature", "properties": { "strahler_order": 1, "longueur_km": 1.1496464121698999 }, "geometry": { "type": "LineString", "coordinates": [ [ 2.094028, 7.264583 ], [ 2.094306, 7.264306 ], [ 2.094583, 7.264028 ], [ 2.094861, 7.26375 ], [ 2.095139, 7.26375 ], [ 2.095417, 7.263472 ], [ 2.095694, 7.263472 ], [ 2.095972, 7.263472 ], [ 2.09625, 7.263472 ], [ 2.096528, 7.263194 ], [ 2.096806, 7.262917 ], [ 2.097083, 7.262639 ], [ 2.097083, 7.262361 ], [ 2.097361, 7.262083 ], [ 2.097639, 7.262361 ], [ 2.097917, 7.262639 ], [ 2.098194, 7.262917 ], [ 2.098472, 7.262917 ], [ 2.09875, 7.262917 ], [ 2.099028, 7.262639 ], [ 2.099306, 7.262361 ], [ 2.099583, 7.262083 ], [ 2.099583, 7.261806 ], [ 2.099583, 7.261528 ], [ 2.099861, 7.26125 ], [ 2.100139, 7.260972 ], [ 2.100417, 7.260694 ], [ 2.100139, 7.260417 ], [ 2.100139, 7.260139 ], [ 2.100139, 7.259861 ], [ 2.100139, 7.259583 ] ] } },
{ "type": "Feature", "properties": { "strahler_order": 1, "longueur_km": 0.5926781622687749 }, "geometry": { "type": "LineString", "coordinates": [ [ 2.100139, 7.259583 ], [ 2.100139, 7.259306 ], [ 2.100139, 7.259028 ], [ 2.100139, 7.25875 ], [ 2.099861, 7.258472 ], [ 2.099861, 7.258194 ], [ 2.099861, 7.257917 ], [ 2.099861, 7.257639 ], [ 2.100139, 7.257361 ], [ 2.100417, 7.257083 ], [ 2.100694, 7.256806 ], [ 2.100972, 7.256806 ], [ 2.10125, 7.257083 ], [ 2.101528, 7.257083 ], [ 2.101806, 7.256806 ], [ 2.102083, 7.256528 ], [ 2.102361, 7.25625 ] ] } },
{ "type": "Feature", "properties": { "strahler_order": 1, "longueur_km": 2.9689206962581407 }, "geometry": { "type": "LineString", "coordinates": [ [ 2.115694, 7.264028 ], [ 2.115972, 7.264028 ], [ 2.11625, 7.264028 ], [ 2.116528, 7.264028 ], [ 2.116806, 7.26375 ], [ 2.117083, 7.263472 ], [ 2.117083, 7.263194 ], [ 2.117361, 7.262917 ], [ 2.117639, 7.262639 ], [ 2.117917, 7.262639 ], [ 2.118194, 7.262361 ], [ 2.118472, 7.262361 ], [ 2.11875, 7.262083 ], [ 2.119028, 7.261806 ], [ 2.119306, 7.261528 ], [ 2.119583, 7.26125 ], [ 2.119861, 7.260972 ], [ 2.120139, 7.260694 ], [ 2.120417, 7.260417 ], [ 2.120417, 7.260139 ], [ 2.120417, 7.259861 ], [ 2.120417, 7.259583 ], [ 2.120417, 7.259306 ], [ 2.120694, 7.259028 ], [ 2.120694, 7.25875 ], [ 2.120694, 7.258472 ], [ 2.120694, 7.258194 ], [ 2.120972, 7.257917 ], [ 2.12125, 7.257639 ], [ 2.121528, 7.257361 ], [ 2.121528, 7.257083 ], [ 2.121528, 7.256806 ], [ 2.121528, 7.256528 ], [ 2.121528, 7.25625 ], [ 2.121806, 7.255972 ], [ 2.122083, 7.255694 ], [ 2.122083, 7.255417 ], [ 2.121806, 7.255139 ], [ 2.121806, 7.254861 ], [ 2.122083, 7.254583 ], [ 2.122361, 7.254306 ], [ 2.122639, 7.254028 ], [ 2.122917, 7.254028 ], [ 2.123194, 7.254028 ], [ 2.123472, 7.254028 ], [ 2.12375, 7.25375 ], [ 2.12375, 7.253472 ], [ 2.12375, 7.253194 ], [ 2.12375, 7.252917 ], [ 2.124028, 7.252639 ], [ 2.124306, 7.252361 ], [ 2.124583, 7.252361 ], [ 2.124861, 7.252083 ], [ 2.125139, 7.252083 ], [ 2.125417, 7.252083 ], [ 2.125694, 7.252083 ], [ 2.125972, 7.251806 ], [ 2.12625, 7.251528 ], [ 2.126528, 7.25125 ], [ 2.126806, 7.250972 ], [ 2.127083, 7.250972 ], [ 2.127361, 7.250972 ], [ 2.127639, 7.250694 ], [ 2.127917, 7.250417 ], [ 2.128194, 7.250417 ], [ 2.128194, 7.250139 ], [ 2.128472, 7.249861 ], [ 2.128472, 7.249583 ], [ 2.12875, 7.249306 ], [ 2.129028, 7.249028 ], [ 2.129306, 7.249028 ], [ 2.129583, 7.249028 ], [ 2.129583, 7.24875 ], [ 2.129861, 7.248472 ], [ 2.129861, 7.248194 ], [ 2.129861, 7.247917 ], [ 2.129861, 7.247639 ], [ 2.129861, 7.247361 ], [ 2.129583, 7.247083 ], [ 2.129306, 7.246806 ], [ 2.129306, 7.246528 ], [ 2.129306, 7.24625 ] ] } },
{ "type": "Feature", "properties": { "strahler_order": 1, "longueur_km": 2.559507932992779 }, "geometry": { "type": "LineString", "coordinates": [ [ 2.024861, 7.262361 ], [ 2.025139, 7.262083 ], [ 2.025417, 7.262083 ], [ 2.025694, 7.261806 ], [ 2.025972, 7.261528 ], [ 2.02625, 7.261528 ], [ 2.026528, 7.261528 ], [ 2.026806, 7.261528 ], [ 2.027083, 7.26125 ], [ 2.027361, 7.26125 ], [ 2.027639, 7.260972 ], [ 2.027917, 7.260972 ], [ 2.028194, 7.26125 ], [ 2.028472, 7.260972 ], [ 2.02875, 7.260972 ], [ 2.029028, 7.26125 ], [ 2.029306, 7.261528 ], [ 2.029583, 7.261528 ], [ 2.029861, 7.261806 ], [ 2.030139, 7.261806 ], [ 2.030417, 7.261806 ], [ 2.030694, 7.261806 ], [ 2.030972, 7.261806 ], [ 2.03125, 7.261806 ], [ 2.031528, 7.262083 ], [ 2.031806, 7.262361 ], [ 2.032083, 7.262639 ], [ 2.032361, 7.262917 ], [ 2.032639, 7.263194 ], [ 2.032917, 7.262917 ], [ 2.033194, 7.262639 ], [ 2.033472, 7.262361 ], [ 2.03375, 7.262083 ], [ 2.034028, 7.262083 ], [ 2.034306, 7.262083 ], [ 2.034583, 7.262083 ], [ 2.034861, 7.262083 ], [ 2.035139, 7.262083 ], [ 2.035417, 7.262083 ], [ 2.035694, 7.262083 ], [ 2.035972, 7.262083 ], [ 2.03625, 7.262083 ], [ 2.036528, 7.262083 ], [ 2.036806, 7.262361 ], [ 2.036806, 7.262639 ], [ 2.037083, 7.262917 ], [ 2.037361, 7.262917 ], [ 2.037639, 7.262917 ], [ 2.037917, 7.262917 ], [ 2.038194, 7.262639 ], [ 2.038472, 7.262639 ], [ 2.03875, 7.262639 ], [ 2.039028, 7.262639 ], [ 2.039306, 7.262639 ], [ 2.039583, 7.262639 ], [ 2.039861, 7.262639 ], [ 2.040139, 7.262639 ], [ 2.040417, 7.262361 ], [ 2.040694, 7.262361 ], [ 2.040972, 7.262083 ], [ 2.04125, 7.261806 ], [ 2.041528, 7.261806 ], [ 2.041806, 7.261806 ], [ 2.042083, 7.262083 ], [ 2.042361, 7.262083 ], [ 2.042639, 7.261806 ], [ 2.042917, 7.261806 ], [ 2.043194, 7.261806 ], [ 2.043472, 7.262083 ], [ 2.04375, 7.262361 ], [ 2.044028, 7.262361 ], [ 2.044306, 7.262639 ] ] } },
{ "type": "Feature", "properties": { "strahler_order": 1, "longueur_km": 0.41895143499649451 }, "geometry": { "type": "LineString", "coordinates": [ [ 2.044306, 7.262639 ], [ 2.044583, 7.262361 ], [ 2.044861, 7.262361 ], [ 2.045139, 7.262361 ], [ 2.045417, 7.262361 ], [ 2.045694, 7.262083 ], [ 2.045694, 7.261806 ], [ 2.045972, 7.261528 ], [ 2.04625, 7.26125 ], [ 2.046528, 7.26125 ], [ 2.046806, 7.26125 ], [ 2.047083, 7.26125 ], [ 2.047361, 7.26125 ] ] } },
{ "type": "Feature", "properties": { "strahler_order": 1, "longueur_km": 2.110354694190248 }, "geometry": { "type": "LineString", "coordinates": [ [ 2.047361, 7.26125 ], [ 2.047361, 7.260972 ], [ 2.047639, 7.260694 ], [ 2.047917, 7.260417 ], [ 2.048194, 7.260417 ], [ 2.048472, 7.260417 ], [ 2.04875, 7.260417 ], [ 2.049028, 7.260417 ], [ 2.049306, 7.260139 ], [ 2.049583, 7.259861 ], [ 2.049861, 7.259583 ], [ 2.050139, 7.259306 ], [ 2.050417, 7.259028 ], [ 2.050694, 7.259028 ], [ 2.050972, 7.259028 ], [ 2.05125, 7.259306 ], [ 2.051528, 7.259306 ], [ 2.051806, 7.259306 ], [ 2.052083, 7.259306 ], [ 2.052361, 7.259028 ], [ 2.052639, 7.25875 ], [ 2.052639, 7.258472 ], [ 2.052639, 7.258194 ], [ 2.052917, 7.257917 ], [ 2.052917, 7.257639 ], [ 2.053194, 7.257361 ], [ 2.053472, 7.257361 ], [ 2.05375, 7.257361 ], [ 2.054028, 7.257361 ], [ 2.054306, 7.257639 ], [ 2.054583, 7.257639 ], [ 2.054861, 7.257917 ], [ 2.055139, 7.257917 ], [ 2.055417, 7.257639 ], [ 2.055694, 7.257361 ], [ 2.055972, 7.257083 ], [ 2.05625, 7.256806 ], [ 2.056528, 7.256528 ], [ 2.056806, 7.25625 ], [ 2.056806, 7.255972 ], [ 2.056806, 7.255694 ], [ 2.057083, 7.255417 ], [ 2.057083, 7.255139 ], [ 2.057361, 7.254861 ], [ 2.057639, 7.254583 ], [ 2.057917, 7.254583 ], [ 2.058194, 7.254583 ], [ 2.058472, 7.254583 ], [ 2.05875, 7.254306 ], [ 2.059028, 7.254306 ], [ 2.059306, 7.254306 ], [ 2.059583, 7.254306 ], [ 2.059861, 7.254028 ], [ 2.060139, 7.254028 ], [ 2.060417, 7.254028 ], [ 2.060694, 7.254028 ], [ 2.060694, 7.25375 ], [ 2.060694, 7.253472 ], [ 2.060972, 7.253194 ] ] } },
{ "type": "Feature", "properties": { "strahler_order": 1, "longueur_km": 1.3997523009225623 }, "geometry": { "type": "LineString", "coordinates": [ [ 1.915139, 7.261806 ], [ 1.914861, 7.261806 ], [ 1.914583, 7.262083 ], [ 1.914306, 7.262361 ], [ 1.914028, 7.262361 ], [ 1.91375, 7.262361 ], [ 1.913472, 7.262361 ], [ 1.913194, 7.262361 ], [ 1.912917, 7.262361 ], [ 1.912639, 7.262361 ], [ 1.912361, 7.262639 ], [ 1.912083, 7.262917 ], [ 1.911806, 7.262917 ], [ 1.911528, 7.262917 ], [ 1.91125, 7.263194 ], [ 1.910972, 7.263472 ], [ 1.910694, 7.26375 ], [ 1.910417, 7.264028 ], [ 1.910139, 7.264306 ], [ 1.909861, 7.264306 ], [ 1.909583, 7.264583 ], [ 1.909306, 7.264583 ], [ 1.909028, 7.264306 ], [ 1.90875, 7.264028 ], [ 1.908472, 7.26375 ], [ 1.908194, 7.26375 ], [ 1.907917, 7.26375 ], [ 1.907639, 7.26375 ], [ 1.907361, 7.26375 ], [ 1.907083, 7.264028 ], [ 1.906806, 7.264028 ], [ 1.906528, 7.264028 ], [ 1.90625, 7.264028 ], [ 1.905972, 7.264028 ], [ 1.905694, 7.264028 ], [ 1.905417, 7.26375 ], [ 1.905139, 7.26375 ], [ 1.904861, 7.264028 ], [ 1.904583, 7.264028 ], [ 1.904306, 7.264028 ] ] } },
{ "type": "Feature", "properties": { "strahler_order": 1, "longueur_km": 1.4133101680786 }, "geometry": { "type": "LineString", "coordinates": [ [ 2.156806, 7.261806 ], [ 2.156806, 7.261528 ], [ 2.157083, 7.26125 ], [ 2.157361, 7.260972 ], [ 2.157361, 7.260694 ], [ 2.157639, 7.260417 ], [ 2.157639, 7.260139 ], [ 2.157917, 7.259861 ], [ 2.158194, 7.259861 ], [ 2.158472, 7.259583 ], [ 2.15875, 7.259306 ], [ 2.159028, 7.259306 ], [ 2.159306, 7.259306 ], [ 2.159583, 7.259306 ], [ 2.159861, 7.259028 ], [ 2.159861, 7.25875 ], [ 2.160139, 7.258472 ], [ 2.160139, 7.258194 ], [ 2.160417, 7.257917 ], [ 2.160417, 7.257639 ], [ 2.160139, 7.257361 ], [ 2.159861, 7.257083 ], [ 2.159583, 7.256806 ], [ 2.159306, 7.256528 ], [ 2.159028, 7.25625 ], [ 2.159028, 7.255972 ], [ 2.159028, 7.255694 ], [ 2.159028, 7.255417 ], [ 2.159028, 7.255139 ], [ 2.159028, 7.254861 ], [ 2.159028, 7.254583 ], [ 2.159028, 7.254306 ], [ 2.159028, 7.254028 ], [ 2.159306, 7.25375 ], [ 2.159306, 7.253472 ], [ 2.159306, 7.253194 ], [ 2.159306, 7.252917 ], [ 2.159306, 7.252639 ], [ 2.159583, 7.252361 ], [ 2.159861, 7.252083 ] ] } },
{ "type": "Feature", "properties": { "strahler_order": 1, "longueur_km": 1.5663589880328672 }, "geometry": { "type": "LineString", "coordinates": [ [ 2.185417, 7.261806 ], [ 2.185694, 7.261528 ], [ 2.185694, 7.26125 ], [ 2.185694, 7.260972 ], [ 2.185694, 7.260694 ], [ 2.185694, 7.260417 ], [ 2.185972, 7.260139 ], [ 2.185972, 7.259861 ], [ 2.18625, 7.259583 ], [ 2.186528, 7.259306 ], [ 2.186528, 7.259028 ], [ 2.186528, 7.25875 ], [ 2.186528, 7.258472 ], [ 2.186806, 7.258472 ], [ 2.187083, 7.258472 ], [ 2.187361, 7.258472 ], [ 2.187639, 7.258472 ], [ 2.187917, 7.258194 ], [ 2.188194, 7.258194 ], [ 2.188472, 7.258194 ], [ 2.18875, 7.258194 ], [ 2.189028, 7.257917 ], [ 2.189028, 7.257639 ], [ 2.189306, 7.257639 ], [ 2.189583, 7.257639 ], [ 2.189861, 7.257639 ], [ 2.190139, 7.257639 ], [ 2.190417, 7.257361 ], [ 2.190694, 7.257361 ], [ 2.190972, 7.257361 ], [ 2.19125, 7.257639 ], [ 2.191528, 7.257917 ], [ 2.191806, 7.258194 ], [ 2.192083, 7.258472 ], [ 2.192361, 7.25875 ], [ 2.192639, 7.259028 ], [ 2.192917, 7.259028 ], [ 2.193194, 7.25875 ], [ 2.193472, 7.258472 ], [ 2.19375, 7.258472 ], [ 2.194028, 7.258472 ], [ 2.194306, 7.258472 ], [ 2.194583, 7.25875 ], [ 2.194861, 7.25875 ], [ 2.195139, 7.258472 ] ] } },
{ "type": "Feature", "properties": { "strahler_order": 1, "longueur_km": 0.89418572192963586 }, "geometry": { "type": "LineString", "coordinates": [ [ 2.195139, 7.258472 ], [ 2.195139, 7.258194 ], [ 2.195417, 7.257917 ], [ 2.195694, 7.257917 ], [ 2.195972, 7.257917 ], [ 2.19625, 7.257917 ], [ 2.196528, 7.257917 ], [ 2.196806, 7.257917 ], [ 2.197083, 7.257917 ], [ 2.197361, 7.257639 ], [ 2.197639, 7.257361 ], [ 2.197917, 7.257083 ], [ 2.197917, 7.256806 ], [ 2.198194, 7.256528 ], [ 2.198472, 7.256528 ], [ 2.19875, 7.256528 ], [ 2.199028, 7.256528 ], [ 2.199306, 7.256806 ], [ 2.199583, 7.256806 ], [ 2.199861, 7.256528 ], [ 2.200139, 7.25625 ], [ 2.200139, 7.255972 ], [ 2.200417, 7.255694 ], [ 2.200694, 7.255417 ], [ 2.200694, 7.255139 ], [ 2.200694, 7.254861 ] ] } },
{ "type": "Feature", "properties": { "strahler_order": 1, "longueur_km": 2.4375160069723747 }, "geometry": { "type": "LineString", "coordinates": [ [ 2.14625, 7.261528 ], [ 2.14625, 7.26125 ], [ 2.146528, 7.260972 ], [ 2.146806, 7.260972 ], [ 2.147083, 7.260972 ], [ 2.147361, 7.26125 ], [ 2.147639, 7.26125 ], [ 2.147917, 7.26125 ], [ 2.148194, 7.26125 ], [ 2.148472, 7.26125 ], [ 2.14875, 7.260972 ], [ 2.14875, 7.260694 ], [ 2.149028, 7.260417 ], [ 2.149028, 7.260139 ], [ 2.14875, 7.259861 ], [ 2.14875, 7.259583 ], [ 2.14875, 7.259306 ], [ 2.14875, 7.259028 ], [ 2.14875, 7.25875 ], [ 2.149028, 7.258472 ], [ 2.149306, 7.258194 ], [ 2.149583, 7.258194 ], [ 2.149861, 7.258472 ], [ 2.150139, 7.258472 ], [ 2.150417, 7.258194 ], [ 2.150417, 7.257917 ], [ 2.150694, 7.257639 ], [ 2.150972, 7.257361 ], [ 2.15125, 7.257083 ], [ 2.151528, 7.256806 ], [ 2.151528, 7.256528 ], [ 2.151528, 7.25625 ], [ 2.151528, 7.255972 ], [ 2.151806, 7.255694 ], [ 2.152083, 7.255417 ], [ 2.152361, 7.255139 ], [ 2.152639, 7.254861 ], [ 2.152639, 7.254583 ], [ 2.152639, 7.254306 ], [ 2.152639, 7.254028 ], [ 2.152361, 7.25375 ], [ 2.152639, 7.253472 ], [ 2.152917, 7.253194 ], [ 2.153194, 7.253194 ], [ 2.153472, 7.253194 ], [ 2.15375, 7.253472 ], [ 2.154028, 7.25375 ], [ 2.154306, 7.254028 ], [ 2.154583, 7.254028 ], [ 2.154861, 7.25375 ], [ 2.155139, 7.253472 ], [ 2.155417, 7.253194 ], [ 2.155694, 7.253194 ], [ 2.155972, 7.252917 ], [ 2.15625, 7.252917 ], [ 2.156528, 7.252917 ], [ 2.156806, 7.252917 ], [ 2.157083, 7.252917 ], [ 2.157361, 7.252917 ], [ 2.157639, 7.252917 ], [ 2.157917, 7.252639 ], [ 2.158194, 7.252639 ], [ 2.158472, 7.252639 ], [ 2.15875, 7.252361 ], [ 2.159028, 7.252361 ], [ 2.159306, 7.252361 ], [ 2.159583, 7.252083 ], [ 2.159861, 7.252083 ] ] } },
{ "type": "Feature", "properties": { "strahler_order": 1, "longueur_km": 0.93976290345086932 }, "geometry": { "type": "LineString", "coordinates": [ [ 2.159861, 7.252083 ], [ 2.160139, 7.251806 ], [ 2.160417, 7.251528 ], [ 2.160694, 7.25125 ], [ 2.160972, 7.250972 ], [ 2.160972, 7.250694 ], [ 2.16125, 7.250417 ], [ 2.161528, 7.250139 ], [ 2.161806, 7.249861 ], [ 2.162083, 7.249861 ], [ 2.162361, 7.249861 ], [ 2.162639, 7.249583 ], [ 2.162917, 7.249306 ], [ 2.163194, 7.249028 ], [ 2.163472, 7.24875 ], [ 2.16375, 7.248472 ], [ 2.164028, 7.248194 ], [ 2.164028, 7.247917 ], [ 2.164028, 7.247639 ], [ 2.164306, 7.247361 ], [ 2.164583, 7.247083 ], [ 2.164861, 7.247083 ], [ 2.165139, 7.246806 ], [ 2.165417, 7.246806 ], [ 2.165694, 7.246806 ] ] } },
{ "type": "Feature", "properties": { "strahler_order": 1, "longueur_km": 0.62321604473288705 }, "geometry": { "type": "LineString", "coordinates": [ [ 2.165694, 7.246806 ], [ 2.165972, 7.246806 ], [ 2.16625, 7.247083 ], [ 2.166528, 7.247083 ], [ 2.166806, 7.247083 ], [ 2.167083, 7.247361 ], [ 2.167361, 7.247361 ], [ 2.167639, 7.247083 ], [ 2.167917, 7.246806 ], [ 2.168194, 7.246528 ], [ 2.168472, 7.246528 ], [ 2.16875, 7.246528 ], [ 2.169028, 7.246528 ], [ 2.169306, 7.246806 ], [ 2.169583, 7.246806 ], [ 2.169861, 7.246806 ], [ 2.170139, 7.247083 ], [ 2.170417, 7.247361 ] ] } },
{ "type": "Feature", "properties": { "strahler_order": 1, "longueur_km": 1.3030736769614222 }, "geometry": { "type": "LineString", "coordinates": [ [ 2.207917, 7.261528 ], [ 2.208194, 7.26125 ], [ 2.208472, 7.26125 ], [ 2.20875, 7.260972 ], [ 2.209028, 7.260694 ], [ 2.209306, 7.260417 ], [ 2.209583, 7.260139 ], [ 2.209861, 7.259861 ], [ 2.210139, 7.259583 ], [ 2.210139, 7.259306 ], [ 2.210417, 7.259028 ], [ 2.210694, 7.25875 ], [ 2.210972, 7.25875 ], [ 2.21125, 7.25875 ], [ 2.211528, 7.25875 ], [ 2.211806, 7.258472 ], [ 2.212083, 7.258194 ], [ 2.212083, 7.257917 ], [ 2.212083, 7.257639 ], [ 2.212083, 7.257361 ], [ 2.212083, 7.257083 ], [ 2.212361, 7.256806 ], [ 2.212639, 7.256528 ], [ 2.212639, 7.25625 ], [ 2.212639, 7.255972 ], [ 2.212917, 7.255694 ], [ 2.212917, 7.255417 ], [ 2.213194, 7.255139 ], [ 2.213472, 7.255139 ], [ 2.21375, 7.255139 ], [ 2.214028, 7.254861 ], [ 2.214028, 7.254583 ], [ 2.214028, 7.254306 ], [ 2.21375, 7.254028 ], [ 2.21375, 7.25375 ], [ 2.214028, 7.253472 ] ] } },
{ "type": "Feature", "properties": { "strahler_order": 1, "longueur_km": 1.9118038124797685 }, "geometry": { "type": "LineString", "coordinates": [ [ 2.014306, 7.260694 ], [ 2.014306, 7.260417 ], [ 2.014306, 7.260139 ], [ 2.014583, 7.259861 ], [ 2.014583, 7.259583 ], [ 2.014306, 7.259306 ], [ 2.014306, 7.259028 ], [ 2.014306, 7.25875 ], [ 2.014583, 7.258472 ], [ 2.014583, 7.258194 ], [ 2.014583, 7.257917 ], [ 2.014306, 7.257639 ], [ 2.014028, 7.257361 ], [ 2.014028, 7.257083 ], [ 2.014028, 7.256806 ], [ 2.014028, 7.256528 ], [ 2.014028, 7.25625 ], [ 2.01375, 7.255972 ], [ 2.01375, 7.255694 ], [ 2.01375, 7.255417 ], [ 2.01375, 7.255139 ], [ 2.014028, 7.254861 ], [ 2.014028, 7.254583 ], [ 2.014028, 7.254306 ], [ 2.014028, 7.254028 ], [ 2.014306, 7.25375 ], [ 2.014306, 7.253472 ], [ 2.014306, 7.253194 ], [ 2.014028, 7.252917 ], [ 2.014028, 7.252639 ], [ 2.014028, 7.252361 ], [ 2.014306, 7.252083 ], [ 2.014306, 7.251806 ], [ 2.014306, 7.251528 ], [ 2.014583, 7.251528 ], [ 2.014861, 7.25125 ], [ 2.015139, 7.250972 ], [ 2.015417, 7.250694 ], [ 2.015694, 7.250417 ], [ 2.015972, 7.250139 ], [ 2.01625, 7.249861 ], [ 2.016528, 7.249583 ], [ 2.016806, 7.249583 ], [ 2.017083, 7.249306 ], [ 2.017361, 7.249306 ], [ 2.017361, 7.249028 ], [ 2.017361, 7.24875 ], [ 2.017361, 7.248472 ], [ 2.017361, 7.248194 ], [ 2.017361, 7.247917 ], [ 2.017361, 7.247639 ], [ 2.017639, 7.247361 ], [ 2.017639, 7.247083 ], [ 2.017917, 7.247083 ], [ 2.018194, 7.246806 ] ] } },
{ "type": "Feature", "properties": { "strahler_order": 1, "longueur_km": 0.10471218452323226 }, "geometry": { "type": "LineString", "coordinates": [ [ 2.003194, 7.260417 ], [ 2.002917, 7.260417 ], [ 2.002639, 7.260139 ], [ 2.002361, 7.260139 ] ] } },
{ "type": "Feature", "properties": { "strahler_order": 1, "longueur_km": 0.97088120685336388 }, "geometry": { "type": "LineString", "coordinates": [ [ 2.060139, 7.259861 ], [ 2.060139, 7.259583 ], [ 2.060139, 7.259306 ], [ 2.060139, 7.259028 ], [ 2.060139, 7.25875 ], [ 2.060417, 7.258472 ], [ 2.060694, 7.258194 ], [ 2.060972, 7.257917 ], [ 2.06125, 7.257639 ], [ 2.060972, 7.257361 ], [ 2.060694, 7.257361 ], [ 2.060417, 7.257083 ], [ 2.060139, 7.256806 ], [ 2.059861, 7.256528 ], [ 2.059583, 7.25625 ], [ 2.059861, 7.255972 ], [ 2.060139, 7.255694 ], [ 2.060417, 7.255417 ], [ 2.060694, 7.255139 ], [ 2.060972, 7.254861 ], [ 2.06125, 7.254583 ], [ 2.06125, 7.254306 ], [ 2.060972, 7.254028 ], [ 2.060972, 7.25375 ], [ 2.060972, 7.253472 ], [ 2.060972, 7.253194 ] ] } },
{ "type": "Feature", "properties": { "strahler_order": 1, "longueur_km": 1.2451980548874049 }, "geometry": { "type": "LineString", "coordinates": [ [ 2.060972, 7.253194 ], [ 2.060972, 7.252917 ], [ 2.060972, 7.252639 ], [ 2.060972, 7.252361 ], [ 2.060972, 7.252083 ], [ 2.060972, 7.251806 ], [ 2.060972, 7.251528 ], [ 2.060972, 7.25125 ], [ 2.060972, 7.250972 ], [ 2.060972, 7.250694 ], [ 2.060972, 7.250417 ], [ 2.060972, 7.250139 ], [ 2.06125, 7.249861 ], [ 2.061528, 7.249583 ], [ 2.061806, 7.249306 ], [ 2.062083, 7.249028 ], [ 2.062361, 7.249028 ], [ 2.062361, 7.24875 ], [ 2.062083, 7.248472 ], [ 2.062083, 7.248194 ], [ 2.062083, 7.247917 ], [ 2.062083, 7.247639 ], [ 2.062083, 7.247361 ], [ 2.062083, 7.247083 ], [ 2.062083, 7.246806 ], [ 2.062083, 7.246528 ], [ 2.062083, 7.24625 ], [ 2.062361, 7.245972 ], [ 2.062639, 7.245694 ], [ 2.062917, 7.245417 ], [ 2.063194, 7.245139 ], [ 2.063472, 7.244861 ], [ 2.063472, 7.244583 ], [ 2.063472, 7.244306 ], [ 2.063472, 7.244028 ], [ 2.063472, 7.24375 ], [ 2.06375, 7.243472 ] ] } },
{ "type": "Feature", "properties": { "strahler_order": 1, "longueur_km": 0.23497837333668586 }, "geometry": { "type": "LineString", "coordinates": [ [ 2.004028, 7.259028 ], [ 2.00375, 7.259306 ], [ 2.003472, 7.259306 ], [ 2.003194, 7.259306 ], [ 2.002917, 7.259583 ], [ 2.002639, 7.259861 ], [ 2.002361, 7.260139 ] ] } },
{ "type": "Feature", "properties": { "strahler_order": 1, "longueur_km": 0.10474467432431411 }, "geometry": { "type": "LineString", "coordinates": [ [ 2.002361, 7.260139 ], [ 2.002083, 7.260139 ], [ 2.001806, 7.260417 ], [ 2.001528, 7.260417 ] ] } },
{ "type": "Feature", "properties": { "strahler_order": 1, "longueur_km": 0.35780583366253338 }, "geometry": { "type": "LineString", "coordinates": [ [ 2.104028, 7.258472 ], [ 2.10375, 7.258472 ], [ 2.10375, 7.258194 ], [ 2.103472, 7.257917 ], [ 2.103194, 7.257639 ], [ 2.102917, 7.257361 ], [ 2.102639, 7.257361 ], [ 2.102361, 7.257083 ], [ 2.102361, 7.256806 ], [ 2.102361, 7.256528 ], [ 2.102361, 7.25625 ] ] } },
{ "type": "Feature", "properties": { "strahler_order": 1, "longueur_km": 1.0554934937402811 }, "geometry": { "type": "LineString", "coordinates": [ [ 2.102361, 7.25625 ], [ 2.102639, 7.255972 ], [ 2.102639, 7.255694 ], [ 2.102361, 7.255417 ], [ 2.102361, 7.255139 ], [ 2.102361, 7.254861 ], [ 2.102361, 7.254583 ], [ 2.102361, 7.254306 ], [ 2.102361, 7.254028 ], [ 2.102639, 7.25375 ], [ 2.102917, 7.253472 ], [ 2.103194, 7.253194 ], [ 2.103194, 7.252917 ], [ 2.103194, 7.252639 ], [ 2.103194, 7.252361 ], [ 2.102917, 7.252083 ], [ 2.102917, 7.251806 ], [ 2.102917, 7.251528 ], [ 2.102917, 7.25125 ], [ 2.102917, 7.250972 ], [ 2.103194, 7.250694 ], [ 2.103472, 7.250417 ], [ 2.103472, 7.250139 ], [ 2.103194, 7.249861 ], [ 2.102917, 7.249583 ], [ 2.103194, 7.249306 ], [ 2.103472, 7.249028 ], [ 2.103472, 7.24875 ], [ 2.10375, 7.248472 ], [ 2.10375, 7.248194 ] ] } },
{ "type": "Feature", "properties": { "strahler_order": 1, "longueur_km": 1.7585215570640604 }, "geometry": { "type": "LineString", "coordinates": [ [ 2.171528, 7.258472 ], [ 2.171806, 7.258194 ], [ 2.172083, 7.257917 ], [ 2.172083, 7.257639 ], [ 2.172083, 7.257361 ], [ 2.172083, 7.257083 ], [ 2.172083, 7.256806 ], [ 2.172083, 7.256528 ], [ 2.172083, 7.25625 ], [ 2.172083, 7.255972 ], [ 2.172083, 7.255694 ], [ 2.172361, 7.255417 ], [ 2.172361, 7.255139 ], [ 2.172361, 7.254861 ], [ 2.172639, 7.254583 ], [ 2.172361, 7.254306 ], [ 2.172361, 7.254028 ], [ 2.172361, 7.25375 ], [ 2.172083, 7.253472 ], [ 2.172083, 7.253194 ], [ 2.172083, 7.252917 ], [ 2.172083, 7.252639 ], [ 2.172083, 7.252361 ], [ 2.172083, 7.252083 ], [ 2.172083, 7.251806 ], [ 2.172361, 7.251528 ], [ 2.172361, 7.25125 ], [ 2.172361, 7.250972 ], [ 2.172639, 7.250694 ], [ 2.172917, 7.250417 ], [ 2.173194, 7.250417 ], [ 2.173472, 7.250139 ], [ 2.173472, 7.249861 ], [ 2.173472, 7.249583 ], [ 2.173472, 7.249306 ], [ 2.173194, 7.249028 ], [ 2.172917, 7.24875 ], [ 2.172639, 7.248472 ], [ 2.172361, 7.248194 ], [ 2.172361, 7.247917 ], [ 2.172639, 7.247639 ], [ 2.172917, 7.247361 ], [ 2.173194, 7.247083 ], [ 2.173472, 7.246806 ], [ 2.173472, 7.246528 ], [ 2.173194, 7.24625 ], [ 2.172917, 7.245972 ], [ 2.172917, 7.245694 ], [ 2.172917, 7.245417 ], [ 2.172917, 7.245139 ] ] } },
{ "type": "Feature", "properties": { "strahler_order": 1, "longueur_km": 0.64124038254117299 }, "geometry": { "type": "LineString", "coordinates": [ [ 1.990972, 7.257639 ], [ 1.990694, 7.257639 ], [ 1.990417, 7.257639 ], [ 1.990139, 7.257917 ], [ 1.989861, 7.257917 ], [ 1.989583, 7.258194 ], [ 1.989306, 7.258472 ], [ 1.989028, 7.25875 ], [ 1.98875, 7.25875 ], [ 1.988472, 7.25875 ], [ 1.988194, 7.258472 ], [ 1.988194, 7.258194 ], [ 1.987917, 7.257917 ], [ 1.987917, 7.257639 ], [ 1.987639, 7.257361 ], [ 1.987361, 7.257361 ], [ 1.987083, 7.257361 ], [ 1.986806, 7.257361 ], [ 1.986528, 7.257361 ] ] } },
{ "type": "Feature", "properties": { "strahler_order": 1, "longueur_km": 0.3091146881555602 }, "geometry": { "type": "LineString", "coordinates": [ [ 2.199861, 7.257083 ], [ 2.200139, 7.256806 ], [ 2.200417, 7.256528 ], [ 2.200694, 7.25625 ], [ 2.200972, 7.255972 ], [ 2.200972, 7.255694 ], [ 2.200972, 7.255417 ], [ 2.200972, 7.255139 ], [ 2.200694, 7.254861 ] ] } },
{ "type": "Feature", "properties": { "strahler_order": 1, "longueur_km": 2.7902761928018922 }, "geometry": { "type": "LineString", "coordinates": [ [ 2.200694, 7.254861 ], [ 2.200694, 7.254583 ], [ 2.200417, 7.254583 ], [ 2.200139, 7.254306 ], [ 2.200139, 7.254028 ], [ 2.200139, 7.25375 ], [ 2.200139, 7.253472 ], [ 2.200139, 7.253194 ], [ 2.200139, 7.252917 ], [ 2.200417, 7.252639 ], [ 2.200694, 7.252361 ], [ 2.200972, 7.252361 ], [ 2.20125, 7.252361 ], [ 2.201528, 7.252361 ], [ 2.201806, 7.252083 ], [ 2.202083, 7.251806 ], [ 2.202361, 7.251528 ], [ 2.202639, 7.25125 ], [ 2.202917, 7.250972 ], [ 2.203194, 7.250694 ], [ 2.203472, 7.250694 ], [ 2.20375, 7.250972 ], [ 2.204028, 7.25125 ], [ 2.204306, 7.25125 ], [ 2.204583, 7.25125 ], [ 2.204861, 7.25125 ], [ 2.205139, 7.25125 ], [ 2.205417, 7.25125 ], [ 2.205694, 7.25125 ], [ 2.205972, 7.25125 ], [ 2.20625, 7.25125 ], [ 2.206528, 7.251528 ], [ 2.206806, 7.25125 ], [ 2.206806, 7.250972 ], [ 2.207083, 7.250694 ], [ 2.207361, 7.250417 ], [ 2.207639, 7.250139 ], [ 2.207917, 7.249861 ], [ 2.207917, 7.249583 ], [ 2.207917, 7.249306 ], [ 2.207917, 7.249028 ], [ 2.207917, 7.24875 ], [ 2.207639, 7.248472 ], [ 2.207639, 7.248194 ], [ 2.207639, 7.247917 ], [ 2.207361, 7.247639 ], [ 2.207361, 7.247361 ], [ 2.207361, 7.247083 ], [ 2.207361, 7.246806 ], [ 2.207083, 7.246528 ], [ 2.206806, 7.24625 ], [ 2.207083, 7.245972 ], [ 2.207361, 7.245694 ], [ 2.207639, 7.245417 ], [ 2.207917, 7.245139 ], [ 2.208194, 7.244861 ], [ 2.208472, 7.244583 ], [ 2.208472, 7.244306 ], [ 2.208472, 7.244028 ], [ 2.20875, 7.24375 ], [ 2.209028, 7.243472 ], [ 2.209306, 7.243194 ], [ 2.209583, 7.242917 ], [ 2.209861, 7.242917 ], [ 2.210139, 7.242639 ], [ 2.210139, 7.242361 ], [ 2.210417, 7.242083 ], [ 2.210417, 7.241806 ], [ 2.210417, 7.241528 ], [ 2.210139, 7.24125 ], [ 2.210139, 7.240972 ], [ 2.210139, 7.240694 ], [ 2.209861, 7.240417 ], [ 2.209583, 7.240139 ], [ 2.209583, 7.239861 ], [ 2.209583, 7.239583 ], [ 2.209583, 7.239306 ] ] } },
{ "type": "Feature", "properties": { "strahler_order": 1, "longueur_km": 1.9387921614265162 }, "geometry": { "type": "LineString", "coordinates": [ [ 2.040139, 7.256806 ], [ 2.040417, 7.256528 ], [ 2.040694, 7.25625 ], [ 2.040694, 7.255972 ], [ 2.040972, 7.255972 ], [ 2.04125, 7.255972 ], [ 2.041528, 7.255694 ], [ 2.041806, 7.255694 ], [ 2.042083, 7.255417 ], [ 2.042361, 7.255417 ], [ 2.042639, 7.255694 ], [ 2.042917, 7.255694 ], [ 2.043194, 7.255694 ], [ 2.043472, 7.255417 ], [ 2.04375, 7.255139 ], [ 2.04375, 7.254861 ], [ 2.04375, 7.254583 ], [ 2.043472, 7.254306 ], [ 2.043194, 7.254306 ], [ 2.042917, 7.254306 ], [ 2.042639, 7.254306 ], [ 2.042361, 7.254028 ], [ 2.042083, 7.25375 ], [ 2.042361, 7.253472 ], [ 2.042639, 7.253194 ], [ 2.042917, 7.252917 ], [ 2.043194, 7.252639 ], [ 2.043472, 7.252639 ], [ 2.04375, 7.252361 ], [ 2.044028, 7.252361 ], [ 2.044306, 7.252083 ], [ 2.044583, 7.252083 ], [ 2.044861, 7.251806 ], [ 2.044861, 7.251528 ], [ 2.045139, 7.25125 ], [ 2.045417, 7.250972 ], [ 2.045694, 7.250694 ], [ 2.045972, 7.250417 ], [ 2.04625, 7.250694 ], [ 2.046528, 7.250972 ], [ 2.046806, 7.25125 ], [ 2.047083, 7.25125 ], [ 2.047361, 7.25125 ], [ 2.047361, 7.250972 ], [ 2.047639, 7.250694 ], [ 2.047639, 7.250417 ], [ 2.047917, 7.250139 ], [ 2.047917, 7.249861 ], [ 2.047917, 7.249583 ], [ 2.048194, 7.249583 ], [ 2.048472, 7.249306 ], [ 2.04875, 7.249306 ], [ 2.049028, 7.249306 ] ] } },
{ "type": "Feature", "properties": { "strahler_order": 1, "longueur_km": 1.8679468389922955 }, "geometry": { "type": "LineString", "coordinates": [ [ 2.164028, 7.256528 ], [ 2.164028, 7.25625 ], [ 2.16375, 7.255972 ], [ 2.16375, 7.255694 ], [ 2.16375, 7.255417 ], [ 2.164028, 7.255139 ], [ 2.164306, 7.255139 ], [ 2.164583, 7.255139 ], [ 2.164861, 7.255417 ], [ 2.165139, 7.255694 ], [ 2.165417, 7.255694 ], [ 2.165694, 7.255417 ], [ 2.165972, 7.255139 ], [ 2.165972, 7.254861 ], [ 2.165972, 7.254583 ], [ 2.165972, 7.254306 ], [ 2.165694, 7.254028 ], [ 2.165694, 7.25375 ], [ 2.165694, 7.253472 ], [ 2.165694, 7.253194 ], [ 2.165694, 7.252917 ], [ 2.165694, 7.252639 ], [ 2.165972, 7.252361 ], [ 2.165972, 7.252083 ], [ 2.165972, 7.251806 ], [ 2.165972, 7.251528 ], [ 2.165972, 7.25125 ], [ 2.165972, 7.250972 ], [ 2.165972, 7.250694 ], [ 2.16625, 7.250417 ], [ 2.16625, 7.250139 ], [ 2.165972, 7.249861 ], [ 2.165694, 7.249583 ], [ 2.165417, 7.249583 ], [ 2.165417, 7.249306 ], [ 2.165417, 7.249028 ], [ 2.165694, 7.24875 ], [ 2.165972, 7.248472 ], [ 2.16625, 7.248194 ], [ 2.166528, 7.248194 ], [ 2.166806, 7.247917 ], [ 2.167083, 7.247917 ], [ 2.167361, 7.247917 ], [ 2.167639, 7.247917 ], [ 2.167917, 7.248194 ], [ 2.168194, 7.248194 ], [ 2.168472, 7.248194 ], [ 2.16875, 7.247917 ], [ 2.169028, 7.247917 ], [ 2.169306, 7.247639 ], [ 2.169583, 7.247639 ], [ 2.169861, 7.247639 ], [ 2.170139, 7.247361 ], [ 2.170417, 7.247361 ] ] } },
{ "type": "Feature", "properties": { "strahler_order": 1, "longueur_km": 0.39576149127060661 }, "geometry": { "type": "LineString", "coordinates": [ [ 2.170417, 7.247361 ], [ 2.170694, 7.247361 ], [ 2.170972, 7.247083 ], [ 2.17125, 7.246806 ], [ 2.171528, 7.246528 ], [ 2.171806, 7.24625 ], [ 2.172083, 7.24625 ], [ 2.172361, 7.245972 ], [ 2.172639, 7.245694 ], [ 2.172639, 7.245417 ], [ 2.172917, 7.245139 ] ] } },
{ "type": "Feature", "properties": { "strahler_order": 1, "longueur_km": 1.9008217889898447 }, "geometry": { "type": "LineString", "coordinates": [ [ 2.172917, 7.245139 ], [ 2.172917, 7.244861 ], [ 2.172917, 7.244583 ], [ 2.172917, 7.244306 ], [ 2.172639, 7.244028 ], [ 2.172639, 7.24375 ], [ 2.172639, 7.243472 ], [ 2.172917, 7.243194 ], [ 2.173194, 7.242917 ], [ 2.173472, 7.242917 ], [ 2.17375, 7.243194 ], [ 2.174028, 7.243472 ], [ 2.174306, 7.24375 ], [ 2.174583, 7.24375 ], [ 2.174861, 7.24375 ], [ 2.175139, 7.243472 ], [ 2.175417, 7.243194 ], [ 2.175694, 7.242917 ], [ 2.175972, 7.242917 ], [ 2.17625, 7.242917 ], [ 2.176528, 7.242639 ], [ 2.176806, 7.242361 ], [ 2.177083, 7.242083 ], [ 2.177361, 7.241806 ], [ 2.177639, 7.241528 ], [ 2.177917, 7.24125 ], [ 2.178194, 7.24125 ], [ 2.178472, 7.240972 ], [ 2.17875, 7.240972 ], [ 2.179028, 7.240972 ], [ 2.179028, 7.240694 ], [ 2.179028, 7.240417 ], [ 2.179028, 7.240139 ], [ 2.179028, 7.239861 ], [ 2.179028, 7.239583 ], [ 2.179028, 7.239306 ], [ 2.179028, 7.239028 ], [ 2.179028, 7.23875 ], [ 2.179306, 7.238472 ], [ 2.179583, 7.238194 ], [ 2.179861, 7.237917 ], [ 2.179861, 7.237639 ], [ 2.179861, 7.237361 ], [ 2.180139, 7.237083 ], [ 2.180417, 7.236806 ], [ 2.180694, 7.236806 ], [ 2.180972, 7.236806 ], [ 2.18125, 7.236806 ], [ 2.181528, 7.237083 ], [ 2.181806, 7.237083 ], [ 2.182083, 7.236806 ], [ 2.182361, 7.236806 ], [ 2.182639, 7.236528 ] ] } },
{ "type": "Feature", "properties": { "strahler_order": 1, "longueur_km": 1.7705518087395979 }, "geometry": { "type": "LineString", "coordinates": [ [ 2.180417, 7.256528 ], [ 2.180694, 7.25625 ], [ 2.180972, 7.25625 ], [ 2.18125, 7.255972 ], [ 2.181528, 7.255694 ], [ 2.181806, 7.255972 ], [ 2.182083, 7.255972 ], [ 2.182361, 7.25625 ], [ 2.182639, 7.25625 ], [ 2.182917, 7.25625 ], [ 2.183194, 7.25625 ], [ 2.183472, 7.255972 ], [ 2.18375, 7.255694 ], [ 2.184028, 7.255417 ], [ 2.184028, 7.255139 ], [ 2.18375, 7.254861 ], [ 2.183472, 7.254583 ], [ 2.183472, 7.254306 ], [ 2.183472, 7.254028 ], [ 2.183472, 7.25375 ], [ 2.183472, 7.253472 ], [ 2.18375, 7.253194 ], [ 2.184028, 7.253194 ], [ 2.184306, 7.253194 ], [ 2.184583, 7.253194 ], [ 2.184861, 7.253194 ], [ 2.185139, 7.253194 ], [ 2.185417, 7.253194 ], [ 2.185694, 7.253194 ], [ 2.185972, 7.253472 ], [ 2.18625, 7.253194 ], [ 2.18625, 7.252917 ], [ 2.186528, 7.252639 ], [ 2.186806, 7.252361 ], [ 2.187083, 7.252361 ], [ 2.187361, 7.252361 ], [ 2.187639, 7.252361 ], [ 2.187917, 7.252361 ], [ 2.188194, 7.252361 ], [ 2.188472, 7.252639 ], [ 2.18875, 7.252639 ], [ 2.189028, 7.252361 ], [ 2.189028, 7.252083 ], [ 2.189028, 7.251806 ], [ 2.189306, 7.251528 ], [ 2.189583, 7.25125 ], [ 2.189861, 7.25125 ], [ 2.190139, 7.25125 ], [ 2.190417, 7.250972 ], [ 2.190694, 7.250694 ] ] } },
{ "type": "Feature", "properties": { "strahler_order": 1, "longueur_km": 1.0447723439688519 }, "geometry": { "type": "LineString", "coordinates": [ [ 2.190694, 7.250694 ], [ 2.190694, 7.250417 ], [ 2.190972, 7.250139 ], [ 2.19125, 7.249861 ], [ 2.191528, 7.249583 ], [ 2.191806, 7.249306 ], [ 2.192083, 7.249028 ], [ 2.191806, 7.24875 ], [ 2.191806, 7.248472 ], [ 2.191528, 7.248194 ], [ 2.19125, 7.247917 ], [ 2.190972, 7.247639 ], [ 2.190972, 7.247361 ], [ 2.190972, 7.247083 ], [ 2.19125, 7.246806 ], [ 2.191528, 7.246806 ], [ 2.191806, 7.246806 ], [ 2.192083, 7.246528 ], [ 2.192361, 7.24625 ], [ 2.192639, 7.245972 ], [ 2.192917, 7.245694 ], [ 2.193194, 7.245417 ], [ 2.193472, 7.245139 ], [ 2.193472, 7.244861 ], [ 2.193472, 7.244583 ], [ 2.19375, 7.244583 ], [ 2.194028, 7.244306 ], [ 2.194306, 7.244306 ] ] } },
{ "type": "Feature", "properties": { "strahler_order": 1, "longueur_km": 0.43180573616191797 }, "geometry": { "type": "LineString", "coordinates": [ [ 2.083472, 7.255972 ], [ 2.08375, 7.255972 ], [ 2.084028, 7.255972 ], [ 2.084028, 7.255694 ], [ 2.084306, 7.255417 ], [ 2.084583, 7.255139 ], [ 2.084861, 7.254861 ], [ 2.085139, 7.254861 ], [ 2.085417, 7.254583 ], [ 2.085694, 7.254583 ], [ 2.085972, 7.254861 ], [ 2.08625, 7.254861 ], [ 2.086528, 7.254861 ] ] } },
{ "type": "Feature", "properties": { "strahler_order": 1, "longueur_km": 0.26571999676780073 }, "geometry": { "type": "LineString", "coordinates": [ [ 2.086528, 7.254861 ], [ 2.086806, 7.254583 ], [ 2.087083, 7.254306 ], [ 2.087361, 7.254028 ], [ 2.087361, 7.25375 ], [ 2.087361, 7.253472 ], [ 2.087361, 7.253194 ], [ 2.087639, 7.252917 ] ] } },
{ "type": "Feature", "properties": { "strahler_order": 1, "longueur_km": 1.2290425510070471 }, "geometry": { "type": "LineString", "coordinates": [ [ 2.094028, 7.255694 ], [ 2.094028, 7.255417 ], [ 2.094306, 7.255139 ], [ 2.094306, 7.254861 ], [ 2.094306, 7.254583 ], [ 2.094583, 7.254306 ], [ 2.094583, 7.254028 ], [ 2.094583, 7.25375 ], [ 2.094583, 7.253472 ], [ 2.094583, 7.253194 ], [ 2.094583, 7.252917 ], [ 2.094583, 7.252639 ], [ 2.094861, 7.252361 ], [ 2.094861, 7.252083 ], [ 2.095139, 7.252083 ], [ 2.095417, 7.251806 ], [ 2.095417, 7.251528 ], [ 2.095694, 7.25125 ], [ 2.095972, 7.250972 ], [ 2.09625, 7.250694 ], [ 2.096528, 7.250417 ], [ 2.096806, 7.250139 ], [ 2.097083, 7.249861 ], [ 2.097361, 7.249583 ], [ 2.097639, 7.249306 ], [ 2.097917, 7.249028 ], [ 2.098194, 7.24875 ], [ 2.098194, 7.248472 ], [ 2.098194, 7.248194 ], [ 2.098194, 7.247917 ], [ 2.098194, 7.247639 ], [ 2.097917, 7.247361 ], [ 2.097639, 7.247083 ], [ 2.097361, 7.246806 ] ] } },
{ "type": "Feature", "properties": { "strahler_order": 1, "longueur_km": 0.14811722273745015 }, "geometry": { "type": "LineString", "coordinates": [ [ 1.98125, 7.255417 ], [ 1.980972, 7.255694 ], [ 1.980694, 7.255972 ], [ 1.980417, 7.255972 ], [ 1.980417, 7.25625 ] ] } },
{ "type": "Feature", "properties": { "strahler_order": 1, "longueur_km": 0.25299445408444177 }, "geometry": { "type": "LineString", "coordinates": [ [ 1.987361, 7.255417 ], [ 1.987083, 7.255694 ], [ 1.987083, 7.255972 ], [ 1.986806, 7.25625 ], [ 1.986806, 7.256528 ], [ 1.986806, 7.256806 ], [ 1.986806, 7.257083 ], [ 1.986528, 7.257361 ] ] } },
{ "type": "Feature", "properties": { "strahler_order": 1, "longueur_km": 0.75111717859930871 }, "geometry": { "type": "LineString", "coordinates": [ [ 1.986528, 7.257361 ], [ 1.98625, 7.257361 ], [ 1.985972, 7.257361 ], [ 1.985694, 7.257361 ], [ 1.985417, 7.257361 ], [ 1.985139, 7.257361 ], [ 1.984861, 7.257083 ], [ 1.984583, 7.257083 ], [ 1.984306, 7.257083 ], [ 1.984028, 7.257083 ], [ 1.98375, 7.257083 ], [ 1.983472, 7.257361 ], [ 1.983194, 7.257083 ], [ 1.982917, 7.257083 ], [ 1.982639, 7.257083 ], [ 1.982361, 7.257083 ], [ 1.982083, 7.257083 ], [ 1.981806, 7.256806 ], [ 1.981528, 7.256806 ], [ 1.98125, 7.256528 ], [ 1.980972, 7.25625 ], [ 1.980694, 7.25625 ], [ 1.980417, 7.25625 ] ] } },
{ "type": "Feature", "properties": { "strahler_order": 1, "longueur_km": 2.3274782239409491 }, "geometry": { "type": "LineString", "coordinates": [ [ 1.980417, 7.25625 ], [ 1.980139, 7.256528 ], [ 1.979861, 7.256528 ], [ 1.979583, 7.256528 ], [ 1.979306, 7.25625 ], [ 1.979028, 7.25625 ], [ 1.97875, 7.25625 ], [ 1.978472, 7.25625 ], [ 1.978194, 7.255972 ], [ 1.977917, 7.255972 ], [ 1.977639, 7.25625 ], [ 1.977361, 7.25625 ], [ 1.977083, 7.256528 ], [ 1.976806, 7.256528 ], [ 1.976528, 7.256528 ], [ 1.97625, 7.256528 ], [ 1.975972, 7.256528 ], [ 1.975694, 7.25625 ], [ 1.975417, 7.255972 ], [ 1.975139, 7.255972 ], [ 1.974861, 7.25625 ], [ 1.974583, 7.25625 ], [ 1.974583, 7.256528 ], [ 1.974306, 7.256806 ], [ 1.974028, 7.257083 ], [ 1.97375, 7.257083 ], [ 1.973472, 7.257083 ], [ 1.973194, 7.257361 ], [ 1.972917, 7.257639 ], [ 1.972639, 7.257639 ], [ 1.972361, 7.257639 ], [ 1.972083, 7.257639 ], [ 1.971806, 7.257917 ], [ 1.971528, 7.258194 ], [ 1.97125, 7.258194 ], [ 1.970972, 7.258194 ], [ 1.970694, 7.258472 ], [ 1.970417, 7.25875 ], [ 1.970139, 7.259028 ], [ 1.969861, 7.259306 ], [ 1.969583, 7.259583 ], [ 1.969306, 7.259861 ], [ 1.969028, 7.259861 ], [ 1.96875, 7.259861 ], [ 1.968472, 7.259861 ], [ 1.968194, 7.259861 ], [ 1.967917, 7.260139 ], [ 1.967917, 7.260417 ], [ 1.967917, 7.260694 ], [ 1.967639, 7.260972 ], [ 1.967361, 7.26125 ], [ 1.967361, 7.261528 ], [ 1.967083, 7.261806 ], [ 1.966806, 7.262083 ], [ 1.966806, 7.262361 ], [ 1.966806, 7.262639 ], [ 1.966528, 7.262639 ], [ 1.96625, 7.262917 ], [ 1.965972, 7.263194 ], [ 1.965972, 7.263472 ], [ 1.965694, 7.26375 ], [ 1.965417, 7.264028 ], [ 1.965139, 7.264306 ], [ 1.964861, 7.264583 ] ] } },
{ "type": "Feature", "properties": { "strahler_order": 1, "longueur_km": 0.69237241249550774 }, "geometry": { "type": "LineString", "coordinates": [ [ 1.964861, 7.264583 ], [ 1.964583, 7.264583 ], [ 1.964306, 7.264861 ], [ 1.964028, 7.265139 ], [ 1.964028, 7.265417 ], [ 1.964028, 7.265694 ], [ 1.964028, 7.265972 ], [ 1.96375, 7.26625 ], [ 1.963472, 7.266528 ], [ 1.963194, 7.266806 ], [ 1.962917, 7.266528 ], [ 1.962639, 7.26625 ], [ 1.962361, 7.26625 ], [ 1.962083, 7.266528 ], [ 1.961806, 7.266806 ], [ 1.961528, 7.267083 ], [ 1.96125, 7.267361 ], [ 1.960972, 7.267361 ], [ 1.960694, 7.267361 ] ] } },
{ "type": "Feature", "properties": { "strahler_order": 1, "longueur_km": 1.9361836022039063 }, "geometry": { "type": "LineString", "coordinates": [ [ 1.960694, 7.267361 ], [ 1.960417, 7.267083 ], [ 1.960139, 7.267083 ], [ 1.959861, 7.267083 ], [ 1.959583, 7.267083 ], [ 1.959306, 7.267083 ], [ 1.959028, 7.267083 ], [ 1.95875, 7.267361 ], [ 1.958472, 7.267361 ], [ 1.958194, 7.267361 ], [ 1.957917, 7.267361 ], [ 1.957639, 7.267361 ], [ 1.957361, 7.267361 ], [ 1.957083, 7.267361 ], [ 1.956806, 7.267361 ], [ 1.956528, 7.267361 ], [ 1.95625, 7.267361 ], [ 1.955972, 7.267083 ], [ 1.955694, 7.266806 ], [ 1.955417, 7.266806 ], [ 1.955139, 7.266806 ], [ 1.954861, 7.266528 ], [ 1.954583, 7.266806 ], [ 1.954306, 7.267083 ], [ 1.954028, 7.267361 ], [ 1.95375, 7.267639 ], [ 1.953472, 7.267639 ], [ 1.953194, 7.267639 ], [ 1.952917, 7.267639 ], [ 1.952639, 7.267639 ], [ 1.952361, 7.267639 ], [ 1.952361, 7.267361 ], [ 1.952083, 7.267083 ], [ 1.951806, 7.266806 ], [ 1.951528, 7.266806 ], [ 1.95125, 7.266806 ], [ 1.950972, 7.266806 ], [ 1.950694, 7.266806 ], [ 1.950417, 7.266806 ], [ 1.950139, 7.266806 ], [ 1.949861, 7.267083 ], [ 1.949583, 7.267083 ], [ 1.949306, 7.266806 ], [ 1.949028, 7.266528 ], [ 1.94875, 7.266806 ], [ 1.94875, 7.267083 ], [ 1.94875, 7.267361 ], [ 1.948472, 7.267639 ], [ 1.948194, 7.267917 ], [ 1.947917, 7.268194 ], [ 1.947639, 7.268472 ], [ 1.947361, 7.26875 ], [ 1.947083, 7.269028 ], [ 1.946806, 7.269028 ], [ 1.946528, 7.269306 ] ] } },
{ "type": "Feature", "properties": { "strahler_order": 1, "longueur_km": 0.12265995043646935 }, "geometry": { "type": "LineString", "coordinates": [ [ 1.946528, 7.269306 ], [ 1.94625, 7.269306 ], [ 1.945972, 7.269306 ], [ 1.945694, 7.269306 ], [ 1.945417, 7.269306 ] ] } },
{ "type": "Feature", "properties": { "strahler_order": 1, "longueur_km": 0.70250161826106239 }, "geometry": { "type": "LineString", "coordinates": [ [ 1.945417, 7.269306 ], [ 1.945139, 7.269306 ], [ 1.944861, 7.269306 ], [ 1.944583, 7.269306 ], [ 1.944306, 7.269306 ], [ 1.944028, 7.269583 ], [ 1.94375, 7.269583 ], [ 1.943472, 7.269583 ], [ 1.943194, 7.269583 ], [ 1.942917, 7.269583 ], [ 1.942639, 7.269861 ], [ 1.942361, 7.270139 ], [ 1.942083, 7.270139 ], [ 1.941806, 7.270139 ], [ 1.941528, 7.270139 ], [ 1.94125, 7.270139 ], [ 1.940972, 7.269861 ], [ 1.940694, 7.269583 ], [ 1.940417, 7.269306 ], [ 1.940139, 7.269306 ], [ 1.939861, 7.269028 ] ] } },
{ "type": "Feature", "properties": { "strahler_order": 1, "longueur_km": 0.64111692806197595 }, "geometry": { "type": "LineString", "coordinates": [ [ 1.939861, 7.269028 ], [ 1.939583, 7.269028 ], [ 1.939306, 7.269028 ], [ 1.939028, 7.269306 ], [ 1.93875, 7.269583 ], [ 1.938472, 7.269861 ], [ 1.938194, 7.270139 ], [ 1.937917, 7.270417 ], [ 1.937639, 7.270694 ], [ 1.937361, 7.270694 ], [ 1.937083, 7.270694 ], [ 1.936806, 7.270694 ], [ 1.936528, 7.270694 ], [ 1.93625, 7.270694 ], [ 1.935972, 7.270694 ], [ 1.935694, 7.270694 ], [ 1.935417, 7.270694 ], [ 1.935139, 7.270694 ], [ 1.934861, 7.270972 ] ] } },
{ "type": "Feature", "properties": { "strahler_order": 1, "longueur_km": 0.074052339073351181 }, "geometry": { "type": "LineString", "coordinates": [ [ 1.934861, 7.270972 ], [ 1.934583, 7.270972 ], [ 1.934306, 7.270694 ] ] } },
{ "type": "Feature", "properties": { "strahler_order": 1, "longueur_km": 1.0294026444269282 }, "geometry": { "type": "LineString", "coordinates": [ [ 1.934306, 7.270694 ], [ 1.934028, 7.270417 ], [ 1.93375, 7.270417 ], [ 1.933472, 7.270417 ], [ 1.933194, 7.270694 ], [ 1.932917, 7.270972 ], [ 1.932639, 7.27125 ], [ 1.932361, 7.27125 ], [ 1.932083, 7.27125 ], [ 1.931806, 7.271528 ], [ 1.931528, 7.271806 ], [ 1.93125, 7.272083 ], [ 1.930972, 7.272083 ], [ 1.930694, 7.272083 ], [ 1.930417, 7.272361 ], [ 1.930139, 7.272361 ], [ 1.929861, 7.272639 ], [ 1.929583, 7.272917 ], [ 1.929306, 7.272917 ], [ 1.929028, 7.272917 ], [ 1.92875, 7.272917 ], [ 1.928472, 7.272917 ], [ 1.928194, 7.272917 ], [ 1.927917, 7.272917 ], [ 1.927639, 7.273194 ], [ 1.927361, 7.273194 ], [ 1.927083, 7.273194 ], [ 1.926806, 7.273194 ], [ 1.926528, 7.273194 ], [ 1.92625, 7.273194 ] ] } },
{ "type": "Feature", "properties": { "strahler_order": 1, "longueur_km": 2.3191774204179345 }, "geometry": { "type": "LineString", "coordinates": [ [ 1.95625, 7.255139 ], [ 1.955972, 7.254861 ], [ 1.955972, 7.254583 ], [ 1.955694, 7.254306 ], [ 1.955417, 7.254306 ], [ 1.955139, 7.254306 ], [ 1.954861, 7.254306 ], [ 1.954583, 7.254306 ], [ 1.954306, 7.254306 ], [ 1.954028, 7.254306 ], [ 1.95375, 7.254583 ], [ 1.953472, 7.254583 ], [ 1.953194, 7.254583 ], [ 1.952917, 7.254583 ], [ 1.952639, 7.254583 ], [ 1.952361, 7.254583 ], [ 1.952083, 7.254861 ], [ 1.951806, 7.254861 ], [ 1.951528, 7.254861 ], [ 1.95125, 7.254583 ], [ 1.950972, 7.254583 ], [ 1.950694, 7.254306 ], [ 1.950417, 7.254028 ], [ 1.950139, 7.254028 ], [ 1.949861, 7.254028 ], [ 1.949583, 7.254028 ], [ 1.949306, 7.254028 ], [ 1.949028, 7.254306 ], [ 1.94875, 7.254583 ], [ 1.948472, 7.254306 ], [ 1.948194, 7.254028 ], [ 1.947917, 7.254028 ], [ 1.947639, 7.25375 ], [ 1.947361, 7.253472 ], [ 1.947361, 7.253194 ], [ 1.947361, 7.252917 ], [ 1.947083, 7.252639 ], [ 1.946806, 7.252639 ], [ 1.946528, 7.252361 ], [ 1.94625, 7.252361 ], [ 1.945972, 7.252361 ], [ 1.945694, 7.252361 ], [ 1.945417, 7.252083 ], [ 1.945139, 7.251806 ], [ 1.944861, 7.251806 ], [ 1.944583, 7.251806 ], [ 1.944306, 7.252083 ], [ 1.944028, 7.252083 ], [ 1.94375, 7.251806 ], [ 1.943472, 7.251806 ], [ 1.943194, 7.251806 ], [ 1.942917, 7.251528 ], [ 1.942639, 7.251528 ], [ 1.942361, 7.25125 ], [ 1.942361, 7.250972 ], [ 1.942083, 7.250694 ], [ 1.941806, 7.250417 ], [ 1.941528, 7.250139 ], [ 1.94125, 7.249861 ], [ 1.940972, 7.249583 ], [ 1.940694, 7.249583 ], [ 1.940417, 7.249583 ], [ 1.940139, 7.249306 ], [ 1.939861, 7.249306 ], [ 1.939583, 7.249583 ] ] } },
{ "type": "Feature", "properties": { "strahler_order": 1, "longueur_km": 0.29629778851091204 }, "geometry": { "type": "LineString", "coordinates": [ [ 1.898194, 7.254306 ], [ 1.897917, 7.254583 ], [ 1.897639, 7.254861 ], [ 1.897361, 7.255139 ], [ 1.897083, 7.255139 ], [ 1.896806, 7.255417 ], [ 1.896528, 7.255417 ], [ 1.89625, 7.255417 ], [ 1.895972, 7.255417 ] ] } },
{ "type": "Feature", "properties": { "strahler_order": 1, "longueur_km": 1.0422497848607295 }, "geometry": { "type": "LineString", "coordinates": [ [ 1.92875, 7.254306 ], [ 1.928472, 7.254028 ], [ 1.928194, 7.25375 ], [ 1.927917, 7.25375 ], [ 1.927639, 7.253472 ], [ 1.927361, 7.253472 ], [ 1.927083, 7.253472 ], [ 1.926806, 7.253472 ], [ 1.926528, 7.253472 ], [ 1.92625, 7.253472 ], [ 1.925972, 7.253194 ], [ 1.925972, 7.252917 ], [ 1.925694, 7.252917 ], [ 1.925417, 7.252639 ], [ 1.925139, 7.252361 ], [ 1.924861, 7.252083 ], [ 1.924583, 7.252083 ], [ 1.924306, 7.252083 ], [ 1.924028, 7.252083 ], [ 1.92375, 7.252083 ], [ 1.923472, 7.251806 ], [ 1.923194, 7.251528 ], [ 1.922917, 7.25125 ], [ 1.922917, 7.250972 ], [ 1.922917, 7.250694 ], [ 1.922639, 7.250417 ], [ 1.922361, 7.250417 ], [ 1.922083, 7.250417 ], [ 1.921806, 7.250417 ], [ 1.921528, 7.250694 ] ] } },
{ "type": "Feature", "properties": { "strahler_order": 1, "longueur_km": 0.83318765906634329 }, "geometry": { "type": "LineString", "coordinates": [ [ 2.002361, 7.254306 ], [ 2.002361, 7.254583 ], [ 2.002639, 7.254861 ], [ 2.002639, 7.255139 ], [ 2.002639, 7.255417 ], [ 2.002917, 7.255694 ], [ 2.003194, 7.255972 ], [ 2.003194, 7.25625 ], [ 2.003194, 7.256528 ], [ 2.003472, 7.256806 ], [ 2.003472, 7.257083 ], [ 2.003194, 7.257361 ], [ 2.002917, 7.257639 ], [ 2.002639, 7.257917 ], [ 2.002361, 7.258194 ], [ 2.002083, 7.258472 ], [ 2.002083, 7.25875 ], [ 2.002083, 7.259028 ], [ 2.002083, 7.259306 ], [ 2.002083, 7.259583 ], [ 2.002083, 7.259861 ], [ 2.001806, 7.260139 ], [ 2.001528, 7.260139 ], [ 2.001528, 7.260417 ] ] } },
{ "type": "Feature", "properties": { "strahler_order": 1, "longueur_km": 0.95050865112918093 }, "geometry": { "type": "LineString", "coordinates": [ [ 2.001528, 7.260417 ], [ 2.00125, 7.260694 ], [ 2.000972, 7.260972 ], [ 2.000694, 7.26125 ], [ 2.000417, 7.261528 ], [ 2.000139, 7.261806 ], [ 2.000139, 7.262083 ], [ 2.000139, 7.262361 ], [ 2.000139, 7.262639 ], [ 1.999861, 7.262917 ], [ 1.999583, 7.263194 ], [ 1.999306, 7.263472 ], [ 1.999028, 7.26375 ], [ 1.99875, 7.26375 ], [ 1.998472, 7.26375 ], [ 1.998194, 7.264028 ], [ 1.997917, 7.264028 ], [ 1.997639, 7.264028 ], [ 1.997639, 7.264306 ], [ 1.997639, 7.264583 ], [ 1.997639, 7.264861 ], [ 1.997917, 7.265139 ], [ 1.998194, 7.265417 ], [ 1.998472, 7.265417 ], [ 1.998472, 7.265694 ], [ 1.998472, 7.265972 ], [ 1.998472, 7.26625 ] ] } },
{ "type": "Feature", "properties": { "strahler_order": 1, "longueur_km": 3.1711947515281542 }, "geometry": { "type": "LineString", "coordinates": [ [ 1.998472, 7.26625 ], [ 1.998194, 7.266528 ], [ 1.997917, 7.266806 ], [ 1.997639, 7.267083 ], [ 1.997361, 7.267083 ], [ 1.997083, 7.267083 ], [ 1.996806, 7.267361 ], [ 1.996528, 7.267639 ], [ 1.99625, 7.267917 ], [ 1.995972, 7.268194 ], [ 1.995694, 7.268472 ], [ 1.995417, 7.26875 ], [ 1.995139, 7.26875 ], [ 1.994861, 7.26875 ], [ 1.994583, 7.26875 ], [ 1.994306, 7.26875 ], [ 1.994028, 7.26875 ], [ 1.99375, 7.269028 ], [ 1.99375, 7.269306 ], [ 1.993472, 7.269306 ], [ 1.993194, 7.269583 ], [ 1.992917, 7.269861 ], [ 1.992639, 7.270139 ], [ 1.992361, 7.270417 ], [ 1.992083, 7.270694 ], [ 1.991806, 7.270972 ], [ 1.991806, 7.27125 ], [ 1.991528, 7.27125 ], [ 1.99125, 7.271528 ], [ 1.990972, 7.271528 ], [ 1.990694, 7.271528 ], [ 1.990417, 7.271528 ], [ 1.990139, 7.271528 ], [ 1.989861, 7.271528 ], [ 1.989583, 7.271806 ], [ 1.989583, 7.272083 ], [ 1.989583, 7.272361 ], [ 1.989583, 7.272639 ], [ 1.989306, 7.272917 ], [ 1.989028, 7.272917 ], [ 1.98875, 7.273194 ], [ 1.98875, 7.273472 ], [ 1.988472, 7.27375 ], [ 1.988194, 7.27375 ], [ 1.987917, 7.273472 ], [ 1.987639, 7.273472 ], [ 1.987361, 7.273472 ], [ 1.987083, 7.27375 ], [ 1.987083, 7.274028 ], [ 1.986806, 7.274306 ], [ 1.986528, 7.274583 ], [ 1.98625, 7.274583 ], [ 1.985972, 7.274583 ], [ 1.985694, 7.274861 ], [ 1.985417, 7.274861 ], [ 1.985139, 7.275139 ], [ 1.984861, 7.275417 ], [ 1.984861, 7.275694 ], [ 1.984861, 7.275972 ], [ 1.984583, 7.27625 ], [ 1.984306, 7.276528 ], [ 1.984306, 7.276806 ], [ 1.984028, 7.276806 ], [ 1.98375, 7.277083 ], [ 1.98375, 7.277361 ], [ 1.98375, 7.277639 ], [ 1.98375, 7.277917 ], [ 1.98375, 7.278194 ], [ 1.983472, 7.278472 ], [ 1.983472, 7.27875 ], [ 1.983194, 7.279028 ], [ 1.983194, 7.279306 ], [ 1.983194, 7.279583 ], [ 1.982917, 7.279861 ], [ 1.982639, 7.279861 ], [ 1.982361, 7.279861 ], [ 1.982361, 7.280139 ], [ 1.982361, 7.280417 ], [ 1.982361, 7.280694 ], [ 1.982639, 7.280972 ], [ 1.982639, 7.28125 ], [ 1.982639, 7.281528 ], [ 1.982639, 7.281806 ], [ 1.982917, 7.282083 ], [ 1.982917, 7.282361 ], [ 1.983194, 7.282639 ], [ 1.983194, 7.282917 ], [ 1.983194, 7.283194 ], [ 1.983194, 7.283472 ] ] } },
{ "type": "Feature", "properties": { "strahler_order": 1, "longueur_km": 1.8675180308624335 }, "geometry": { "type": "LineString", "coordinates": [ [ 1.983194, 7.283472 ], [ 1.983194, 7.28375 ], [ 1.983194, 7.284028 ], [ 1.982917, 7.284306 ], [ 1.982917, 7.284583 ], [ 1.982639, 7.284861 ], [ 1.982639, 7.285139 ], [ 1.982361, 7.285417 ], [ 1.982083, 7.285694 ], [ 1.982083, 7.285972 ], [ 1.982083, 7.28625 ], [ 1.981806, 7.286528 ], [ 1.981528, 7.286806 ], [ 1.98125, 7.286806 ], [ 1.980972, 7.287083 ], [ 1.980694, 7.287083 ], [ 1.980417, 7.287361 ], [ 1.980139, 7.287639 ], [ 1.979861, 7.287639 ], [ 1.979583, 7.287917 ], [ 1.979306, 7.288194 ], [ 1.979028, 7.288472 ], [ 1.97875, 7.288472 ], [ 1.978472, 7.288472 ], [ 1.978194, 7.28875 ], [ 1.978194, 7.289028 ], [ 1.977917, 7.289028 ], [ 1.977639, 7.289028 ], [ 1.977361, 7.289028 ], [ 1.977083, 7.289306 ], [ 1.976806, 7.289306 ], [ 1.976528, 7.289583 ], [ 1.97625, 7.289861 ], [ 1.975972, 7.289861 ], [ 1.975694, 7.290139 ], [ 1.975417, 7.290139 ], [ 1.975139, 7.290139 ], [ 1.974861, 7.290139 ], [ 1.974583, 7.290139 ], [ 1.974306, 7.290139 ], [ 1.974028, 7.290417 ], [ 1.97375, 7.290417 ], [ 1.973472, 7.290417 ], [ 1.973194, 7.290417 ], [ 1.972917, 7.290417 ], [ 1.972639, 7.290694 ], [ 1.972361, 7.290694 ], [ 1.972083, 7.290694 ], [ 1.971806, 7.290694 ], [ 1.971528, 7.290694 ], [ 1.97125, 7.290694 ], [ 1.970972, 7.290694 ], [ 1.970694, 7.290694 ], [ 1.970417, 7.290694 ] ] } },
{ "type": "Feature", "properties": { "strahler_order": 1, "longueur_km": 0.87865236805535951 }, "geometry": { "type": "LineString", "coordinates": [ [ 1.970417, 7.290694 ], [ 1.970139, 7.290694 ], [ 1.969861, 7.290972 ], [ 1.969583, 7.29125 ], [ 1.969306, 7.291528 ], [ 1.969028, 7.291806 ], [ 1.96875, 7.292083 ], [ 1.96875, 7.292361 ], [ 1.968472, 7.292639 ], [ 1.968194, 7.292917 ], [ 1.967917, 7.293194 ], [ 1.967639, 7.293472 ], [ 1.967361, 7.29375 ], [ 1.967361, 7.294028 ], [ 1.967361, 7.294306 ], [ 1.967361, 7.294583 ], [ 1.967083, 7.294861 ], [ 1.966806, 7.295139 ], [ 1.966528, 7.295139 ], [ 1.96625, 7.295417 ], [ 1.965972, 7.295694 ], [ 1.965694, 7.295972 ], [ 1.965417, 7.29625 ] ] } },
{ "type": "Feature", "properties": { "strahler_order": 1, "longueur_km": 0.5925906600027715 }, "geometry": { "type": "LineString", "coordinates": [ [ 1.965417, 7.29625 ], [ 1.965139, 7.296528 ], [ 1.964861, 7.296528 ], [ 1.964583, 7.296806 ], [ 1.964306, 7.297083 ], [ 1.964028, 7.297083 ], [ 1.96375, 7.296806 ], [ 1.963472, 7.296528 ], [ 1.963194, 7.29625 ], [ 1.962917, 7.295972 ], [ 1.962639, 7.295972 ], [ 1.962361, 7.295972 ], [ 1.962083, 7.295972 ], [ 1.961806, 7.295972 ], [ 1.961528, 7.295972 ], [ 1.96125, 7.29625 ], [ 1.960972, 7.29625 ] ] } },
{ "type": "Feature", "properties": { "strahler_order": 1, "longueur_km": 0.55145717071407296 }, "geometry": { "type": "LineString", "coordinates": [ [ 1.960972, 7.29625 ], [ 1.960694, 7.295972 ], [ 1.960417, 7.295694 ], [ 1.960139, 7.295417 ], [ 1.959861, 7.295417 ], [ 1.959583, 7.295139 ], [ 1.959306, 7.294861 ], [ 1.959028, 7.294583 ], [ 1.95875, 7.294306 ], [ 1.958472, 7.294028 ], [ 1.958194, 7.29375 ], [ 1.957917, 7.293472 ], [ 1.957639, 7.293194 ], [ 1.957361, 7.292917 ] ] } },
{ "type": "Feature", "properties": { "strahler_order": 1, "longueur_km": 0.97572936256166287 }, "geometry": { "type": "LineString", "coordinates": [ [ 1.957361, 7.292917 ], [ 1.957083, 7.292639 ], [ 1.956806, 7.292361 ], [ 1.956528, 7.292083 ], [ 1.956528, 7.291806 ], [ 1.956528, 7.291528 ], [ 1.95625, 7.29125 ], [ 1.955972, 7.290972 ], [ 1.955694, 7.290972 ], [ 1.955417, 7.290694 ], [ 1.955139, 7.290417 ], [ 1.954861, 7.290417 ], [ 1.954583, 7.290417 ], [ 1.954306, 7.290139 ], [ 1.954028, 7.289861 ], [ 1.95375, 7.289861 ], [ 1.953472, 7.289861 ], [ 1.953194, 7.289583 ], [ 1.952917, 7.289583 ], [ 1.952639, 7.289306 ], [ 1.952361, 7.289583 ], [ 1.952083, 7.289583 ], [ 1.951806, 7.289861 ], [ 1.951528, 7.289861 ], [ 1.95125, 7.289583 ], [ 1.950972, 7.289583 ], [ 1.950694, 7.289583 ] ] } },
{ "type": "Feature", "properties": { "strahler_order": 1, "longueur_km": 0.64634007055713372 }, "geometry": { "type": "LineString", "coordinates": [ [ 1.950694, 7.289583 ], [ 1.950417, 7.289583 ], [ 1.950139, 7.289583 ], [ 1.949861, 7.289583 ], [ 1.949583, 7.289861 ], [ 1.949306, 7.289861 ], [ 1.949028, 7.289583 ], [ 1.94875, 7.289583 ], [ 1.948472, 7.289583 ], [ 1.948194, 7.289306 ], [ 1.947917, 7.289583 ], [ 1.947917, 7.289861 ], [ 1.947639, 7.290139 ], [ 1.947361, 7.290139 ], [ 1.947083, 7.290139 ], [ 1.946806, 7.290139 ], [ 1.946528, 7.290139 ], [ 1.94625, 7.290139 ], [ 1.945972, 7.290139 ], [ 1.945694, 7.290139 ] ] } },
{ "type": "Feature", "properties": { "strahler_order": 1, "longueur_km": 1.5994041620931922 }, "geometry": { "type": "LineString", "coordinates": [ [ 1.945694, 7.290139 ], [ 1.945417, 7.289861 ], [ 1.945139, 7.289583 ], [ 1.944861, 7.289306 ], [ 1.944583, 7.289028 ], [ 1.944583, 7.28875 ], [ 1.944861, 7.288472 ], [ 1.944861, 7.288194 ], [ 1.944583, 7.287917 ], [ 1.944583, 7.287639 ], [ 1.944583, 7.287361 ], [ 1.944861, 7.287083 ], [ 1.944861, 7.286806 ], [ 1.944861, 7.286528 ], [ 1.944583, 7.286528 ], [ 1.944306, 7.286528 ], [ 1.944028, 7.286528 ], [ 1.94375, 7.286528 ], [ 1.943472, 7.28625 ], [ 1.943194, 7.285972 ], [ 1.943194, 7.285694 ], [ 1.943194, 7.285417 ], [ 1.943194, 7.285139 ], [ 1.942917, 7.284861 ], [ 1.942639, 7.284861 ], [ 1.942361, 7.284583 ], [ 1.942083, 7.284306 ], [ 1.941806, 7.284306 ], [ 1.941528, 7.284028 ], [ 1.94125, 7.28375 ], [ 1.940972, 7.28375 ], [ 1.940694, 7.28375 ], [ 1.940417, 7.283472 ], [ 1.940139, 7.283194 ], [ 1.939861, 7.282917 ], [ 1.939583, 7.282639 ], [ 1.939306, 7.282361 ], [ 1.939028, 7.282083 ], [ 1.93875, 7.282083 ], [ 1.938472, 7.282361 ], [ 1.938194, 7.282361 ], [ 1.937917, 7.282639 ], [ 1.937639, 7.282639 ], [ 1.937361, 7.282639 ] ] } },
{ "type": "Feature", "properties": { "strahler_order": 1, "longueur_km": 0.89637220395999084 }, "geometry": { "type": "LineString", "coordinates": [ [ 1.937361, 7.282639 ], [ 1.937083, 7.282361 ], [ 1.936806, 7.282083 ], [ 1.936528, 7.281806 ], [ 1.93625, 7.281806 ], [ 1.93625, 7.281528 ], [ 1.93625, 7.28125 ], [ 1.935972, 7.280972 ], [ 1.935694, 7.280694 ], [ 1.935417, 7.280417 ], [ 1.935139, 7.280417 ], [ 1.934861, 7.280417 ], [ 1.934583, 7.280694 ], [ 1.934306, 7.280694 ], [ 1.934028, 7.280694 ], [ 1.93375, 7.280417 ], [ 1.933472, 7.280139 ], [ 1.933194, 7.279861 ], [ 1.932917, 7.279583 ], [ 1.932639, 7.279306 ], [ 1.932361, 7.279028 ], [ 1.932083, 7.279028 ], [ 1.931806, 7.279306 ], [ 1.931528, 7.279028 ] ] } },
{ "type": "Feature", "properties": { "strahler_order": 1, "longueur_km": 0.74839828522003093 }, "geometry": { "type": "LineString", "coordinates": [ [ 1.931528, 7.279028 ], [ 1.93125, 7.27875 ], [ 1.93125, 7.278472 ], [ 1.931528, 7.278194 ], [ 1.931528, 7.277917 ], [ 1.93125, 7.277639 ], [ 1.930972, 7.277361 ], [ 1.930694, 7.277361 ], [ 1.930417, 7.277083 ], [ 1.930139, 7.277083 ], [ 1.929861, 7.276806 ], [ 1.929583, 7.276806 ], [ 1.929306, 7.276528 ], [ 1.929028, 7.27625 ], [ 1.92875, 7.275972 ], [ 1.928472, 7.275694 ], [ 1.928194, 7.275417 ], [ 1.927917, 7.275417 ], [ 1.927639, 7.275139 ], [ 1.927361, 7.274861 ] ] } },
{ "type": "Feature", "properties": { "strahler_order": 1, "longueur_km": 0.23503741792621019 }, "geometry": { "type": "LineString", "coordinates": [ [ 1.927361, 7.274861 ], [ 1.927361, 7.274583 ], [ 1.927361, 7.274306 ], [ 1.927083, 7.274028 ], [ 1.926806, 7.27375 ], [ 1.926528, 7.273472 ], [ 1.92625, 7.273194 ] ] } },
{ "type": "Feature", "properties": { "strahler_order": 1, "longueur_km": 0.1174118645094151 }, "geometry": { "type": "LineString", "coordinates": [ [ 1.92625, 7.273194 ], [ 1.925972, 7.272917 ], [ 1.925694, 7.272917 ], [ 1.925417, 7.272639 ] ] } },
{ "type": "Feature", "properties": { "strahler_order": 1, "longueur_km": 1.330985313789095 }, "geometry": { "type": "LineString", "coordinates": [ [ 1.925417, 7.272639 ], [ 1.925139, 7.272639 ], [ 1.924861, 7.272639 ], [ 1.924583, 7.272639 ], [ 1.924306, 7.272917 ], [ 1.924028, 7.273194 ], [ 1.92375, 7.273194 ], [ 1.923472, 7.273472 ], [ 1.923194, 7.27375 ], [ 1.922917, 7.27375 ], [ 1.922639, 7.27375 ], [ 1.922361, 7.274028 ], [ 1.922083, 7.27375 ], [ 1.921806, 7.273472 ], [ 1.921528, 7.273472 ], [ 1.92125, 7.273194 ], [ 1.920972, 7.273194 ], [ 1.920694, 7.273194 ], [ 1.920417, 7.273194 ], [ 1.920139, 7.273472 ], [ 1.919861, 7.273194 ], [ 1.919583, 7.273194 ], [ 1.919306, 7.273194 ], [ 1.919028, 7.273194 ], [ 1.91875, 7.272917 ], [ 1.918472, 7.272917 ], [ 1.918194, 7.272917 ], [ 1.917917, 7.272917 ], [ 1.917639, 7.272917 ], [ 1.917361, 7.272917 ], [ 1.917083, 7.272917 ], [ 1.916806, 7.272917 ], [ 1.916528, 7.272917 ], [ 1.91625, 7.273194 ], [ 1.915972, 7.273194 ], [ 1.915694, 7.273194 ], [ 1.915417, 7.273472 ], [ 1.915139, 7.273472 ], [ 1.914861, 7.273472 ] ] } },
{ "type": "Feature", "properties": { "strahler_order": 1, "longueur_km": 0.42641338665889594 }, "geometry": { "type": "LineString", "coordinates": [ [ 1.914861, 7.273472 ], [ 1.914583, 7.273194 ], [ 1.914306, 7.272917 ], [ 1.914028, 7.272917 ], [ 1.91375, 7.272917 ], [ 1.913472, 7.272917 ], [ 1.913194, 7.272639 ], [ 1.912917, 7.272361 ], [ 1.912639, 7.272083 ], [ 1.912361, 7.271806 ], [ 1.912083, 7.271528 ], [ 1.911806, 7.271528 ] ] } },
{ "type": "Feature", "properties": { "strahler_order": 1, "longueur_km": 0.61804807664405992 }, "geometry": { "type": "LineString", "coordinates": [ [ 1.911806, 7.271528 ], [ 1.911528, 7.271806 ], [ 1.91125, 7.272083 ], [ 1.910972, 7.272083 ], [ 1.910694, 7.271806 ], [ 1.910417, 7.271528 ], [ 1.910139, 7.27125 ], [ 1.909861, 7.27125 ], [ 1.909583, 7.27125 ], [ 1.909306, 7.27125 ], [ 1.909028, 7.270972 ], [ 1.909028, 7.270694 ], [ 1.90875, 7.270417 ], [ 1.908472, 7.270139 ], [ 1.908472, 7.269861 ], [ 1.908194, 7.269583 ], [ 1.907917, 7.269306 ] ] } },
{ "type": "Feature", "properties": { "strahler_order": 1, "longueur_km": 0.80252364761937167 }, "geometry": { "type": "LineString", "coordinates": [ [ 1.907917, 7.269306 ], [ 1.907639, 7.269028 ], [ 1.907639, 7.26875 ], [ 1.907639, 7.268472 ], [ 1.907639, 7.268194 ], [ 1.907361, 7.267917 ], [ 1.907083, 7.267639 ], [ 1.906806, 7.267361 ], [ 1.906528, 7.267083 ], [ 1.90625, 7.267083 ], [ 1.905972, 7.267083 ], [ 1.905694, 7.267083 ], [ 1.905417, 7.266806 ], [ 1.905139, 7.266528 ], [ 1.905139, 7.26625 ], [ 1.905139, 7.265972 ], [ 1.905139, 7.265694 ], [ 1.905139, 7.265417 ], [ 1.904861, 7.265139 ], [ 1.904861, 7.264861 ], [ 1.904583, 7.264583 ], [ 1.904306, 7.264306 ], [ 1.904306, 7.264028 ] ] } },
{ "type": "Feature", "properties": { "strahler_order": 1, "longueur_km": 1.5200907312625458 }, "geometry": { "type": "LineString", "coordinates": [ [ 1.904306, 7.264028 ], [ 1.904028, 7.26375 ], [ 1.90375, 7.263472 ], [ 1.903472, 7.263194 ], [ 1.903194, 7.262917 ], [ 1.902917, 7.262917 ], [ 1.902639, 7.262639 ], [ 1.902361, 7.262639 ], [ 1.902083, 7.262639 ], [ 1.901806, 7.262361 ], [ 1.901528, 7.262361 ], [ 1.90125, 7.262361 ], [ 1.900972, 7.262361 ], [ 1.900694, 7.262361 ], [ 1.900417, 7.262361 ], [ 1.900139, 7.262083 ], [ 1.899861, 7.261806 ], [ 1.899583, 7.261528 ], [ 1.899306, 7.26125 ], [ 1.899028, 7.260972 ], [ 1.89875, 7.260694 ], [ 1.89875, 7.260417 ], [ 1.899028, 7.260139 ], [ 1.899028, 7.259861 ], [ 1.899028, 7.259583 ], [ 1.899028, 7.259306 ], [ 1.899028, 7.259028 ], [ 1.899028, 7.25875 ], [ 1.89875, 7.258472 ], [ 1.89875, 7.258194 ], [ 1.898472, 7.257917 ], [ 1.898472, 7.257639 ], [ 1.898194, 7.257361 ], [ 1.897917, 7.257083 ], [ 1.897639, 7.256806 ], [ 1.897361, 7.256528 ], [ 1.897083, 7.25625 ], [ 1.896806, 7.255972 ], [ 1.896528, 7.255694 ], [ 1.89625, 7.255694 ], [ 1.895972, 7.255417 ] ] } },
{ "type": "Feature", "properties": { "strahler_order": 1, "longueur_km": 0.38839188127305757 }, "geometry": { "type": "LineString", "coordinates": [ [ 1.895972, 7.255417 ], [ 1.895694, 7.255417 ], [ 1.895417, 7.255417 ], [ 1.895139, 7.255417 ], [ 1.894861, 7.255417 ], [ 1.894583, 7.255139 ], [ 1.894306, 7.254861 ], [ 1.894028, 7.254861 ], [ 1.89375, 7.254583 ], [ 1.893472, 7.254306 ], [ 1.893472, 7.254028 ], [ 1.893194, 7.254028 ] ] } },
{ "type": "Feature", "properties": { "strahler_order": 1, "longueur_km": 0.47005060219748518 }, "geometry": { "type": "LineString", "coordinates": [ [ 2.07125, 7.254306 ], [ 2.071528, 7.254028 ], [ 2.071806, 7.25375 ], [ 2.071806, 7.253472 ], [ 2.072083, 7.253194 ], [ 2.072083, 7.252917 ], [ 2.072083, 7.252639 ], [ 2.072361, 7.252361 ], [ 2.072639, 7.252083 ], [ 2.072917, 7.252083 ], [ 2.073194, 7.251806 ], [ 2.073472, 7.251528 ], [ 2.07375, 7.25125 ] ] } },
{ "type": "Feature", "properties": { "strahler_order": 1, "longueur_km": 0.90692957938254859 }, "geometry": { "type": "LineString", "coordinates": [ [ 2.037361, 7.253472 ], [ 2.037083, 7.253194 ], [ 2.036806, 7.252917 ], [ 2.036806, 7.252639 ], [ 2.036806, 7.252361 ], [ 2.037083, 7.252083 ], [ 2.037361, 7.252083 ], [ 2.037361, 7.251806 ], [ 2.037361, 7.251528 ], [ 2.037639, 7.25125 ], [ 2.037917, 7.250972 ], [ 2.038194, 7.250972 ], [ 2.038472, 7.250972 ], [ 2.03875, 7.250972 ], [ 2.039028, 7.250972 ], [ 2.039306, 7.250972 ], [ 2.039583, 7.250694 ], [ 2.039861, 7.250417 ], [ 2.040139, 7.250139 ], [ 2.040417, 7.249861 ], [ 2.040694, 7.249583 ], [ 2.040694, 7.249306 ], [ 2.040972, 7.249306 ], [ 2.04125, 7.249028 ], [ 2.041528, 7.249028 ], [ 2.041806, 7.249028 ] ] } },
{ "type": "Feature", "properties": { "strahler_order": 1, "longueur_km": 0.70312482853747693 }, "geometry": { "type": "LineString", "coordinates": [ [ 1.935694, 7.253194 ], [ 1.935417, 7.252917 ], [ 1.935417, 7.252639 ], [ 1.935417, 7.252361 ], [ 1.935417, 7.252083 ], [ 1.935417, 7.251806 ], [ 1.935417, 7.251528 ], [ 1.935417, 7.25125 ], [ 1.935417, 7.250972 ], [ 1.935417, 7.250694 ], [ 1.935139, 7.250417 ], [ 1.935139, 7.250139 ], [ 1.934861, 7.249861 ], [ 1.934583, 7.249583 ], [ 1.934583, 7.249306 ], [ 1.934583, 7.249028 ], [ 1.934861, 7.24875 ], [ 1.934861, 7.248472 ], [ 1.935139, 7.248194 ], [ 1.935417, 7.247917 ], [ 1.935417, 7.247639 ] ] } },
{ "type": "Feature", "properties": { "strahler_order": 1, "longueur_km": 3.0976418425844243 }, "geometry": { "type": "LineString", "coordinates": [ [ 2.027083, 7.252361 ], [ 2.027361, 7.252083 ], [ 2.027639, 7.251806 ], [ 2.027361, 7.251528 ], [ 2.027639, 7.25125 ], [ 2.027917, 7.250972 ], [ 2.028194, 7.250694 ], [ 2.028472, 7.250694 ], [ 2.02875, 7.250694 ], [ 2.029028, 7.250694 ], [ 2.029028, 7.250417 ], [ 2.029306, 7.250139 ], [ 2.029583, 7.249861 ], [ 2.029583, 7.249583 ], [ 2.029861, 7.249306 ], [ 2.029861, 7.249028 ], [ 2.030139, 7.24875 ], [ 2.030417, 7.248472 ], [ 2.030694, 7.248194 ], [ 2.030694, 7.247917 ], [ 2.030694, 7.247639 ], [ 2.030417, 7.247361 ], [ 2.030417, 7.247083 ], [ 2.030417, 7.246806 ], [ 2.030139, 7.246528 ], [ 2.030139, 7.24625 ], [ 2.030139, 7.245972 ], [ 2.030417, 7.245694 ], [ 2.030694, 7.245417 ], [ 2.030972, 7.245417 ], [ 2.03125, 7.245417 ], [ 2.031528, 7.245139 ], [ 2.031528, 7.244861 ], [ 2.031528, 7.244583 ], [ 2.031806, 7.244306 ], [ 2.031806, 7.244028 ], [ 2.031806, 7.24375 ], [ 2.031806, 7.243472 ], [ 2.031806, 7.243194 ], [ 2.031806, 7.242917 ], [ 2.031806, 7.242639 ], [ 2.031806, 7.242361 ], [ 2.031528, 7.242083 ], [ 2.031528, 7.241806 ], [ 2.031528, 7.241528 ], [ 2.031528, 7.24125 ], [ 2.031528, 7.240972 ], [ 2.031528, 7.240694 ], [ 2.031528, 7.240417 ], [ 2.031528, 7.240139 ], [ 2.031806, 7.239861 ], [ 2.032083, 7.239583 ], [ 2.032361, 7.239583 ], [ 2.032639, 7.239583 ], [ 2.032917, 7.239306 ], [ 2.033194, 7.239028 ], [ 2.033472, 7.239028 ], [ 2.03375, 7.23875 ], [ 2.034028, 7.238472 ], [ 2.034028, 7.238194 ], [ 2.034028, 7.237917 ], [ 2.034306, 7.237639 ], [ 2.034583, 7.237639 ], [ 2.034861, 7.237361 ], [ 2.035139, 7.237361 ], [ 2.035417, 7.237083 ], [ 2.035417, 7.236806 ], [ 2.035417, 7.236528 ], [ 2.035417, 7.23625 ], [ 2.035694, 7.235972 ], [ 2.035972, 7.235972 ], [ 2.03625, 7.235972 ], [ 2.036528, 7.235972 ], [ 2.036806, 7.235694 ], [ 2.036806, 7.235417 ], [ 2.036806, 7.235139 ], [ 2.037083, 7.234861 ], [ 2.037361, 7.234583 ], [ 2.037361, 7.234306 ], [ 2.037639, 7.234028 ], [ 2.037639, 7.23375 ], [ 2.037917, 7.233472 ], [ 2.037917, 7.233194 ], [ 2.037639, 7.232917 ], [ 2.037361, 7.232639 ], [ 2.037361, 7.232361 ], [ 2.037361, 7.232083 ] ] } },
{ "type": "Feature", "properties": { "strahler_order": 1, "longueur_km": 0.17890205899740061 }, "geometry": { "type": "LineString", "coordinates": [ [ 1.922083, 7.252083 ], [ 1.922083, 7.251806 ], [ 1.922083, 7.251528 ], [ 1.921806, 7.25125 ], [ 1.921806, 7.250972 ], [ 1.921528, 7.250694 ] ] } },
{ "type": "Feature", "properties": { "strahler_order": 1, "longueur_km": 2.9637571160728551 }, "geometry": { "type": "LineString", "coordinates": [ [ 1.921528, 7.250694 ], [ 1.92125, 7.250417 ], [ 1.920972, 7.250139 ], [ 1.920694, 7.249861 ], [ 1.920417, 7.249583 ], [ 1.920139, 7.249306 ], [ 1.919861, 7.249028 ], [ 1.919583, 7.249028 ], [ 1.919306, 7.249028 ], [ 1.919028, 7.24875 ], [ 1.91875, 7.248472 ], [ 1.91875, 7.248194 ], [ 1.91875, 7.247917 ], [ 1.918472, 7.247917 ], [ 1.918194, 7.247917 ], [ 1.917917, 7.247917 ], [ 1.917917, 7.247639 ], [ 1.917639, 7.247361 ], [ 1.917361, 7.247083 ], [ 1.917083, 7.247083 ], [ 1.916806, 7.247083 ], [ 1.916528, 7.247083 ], [ 1.91625, 7.247083 ], [ 1.915972, 7.247083 ], [ 1.915694, 7.247083 ], [ 1.915417, 7.246806 ], [ 1.915417, 7.246528 ], [ 1.915139, 7.24625 ], [ 1.915139, 7.245972 ], [ 1.915139, 7.245694 ], [ 1.915139, 7.245417 ], [ 1.915417, 7.245139 ], [ 1.915417, 7.244861 ], [ 1.915417, 7.244583 ], [ 1.915417, 7.244306 ], [ 1.915417, 7.244028 ], [ 1.915417, 7.24375 ], [ 1.915139, 7.243472 ], [ 1.915139, 7.243194 ], [ 1.915139, 7.242917 ], [ 1.915139, 7.242639 ], [ 1.915139, 7.242361 ], [ 1.914861, 7.242083 ], [ 1.914583, 7.241806 ], [ 1.914306, 7.241806 ], [ 1.914028, 7.241806 ], [ 1.91375, 7.241528 ], [ 1.913472, 7.24125 ], [ 1.913194, 7.240972 ], [ 1.912917, 7.240694 ], [ 1.912917, 7.240417 ], [ 1.912917, 7.240139 ], [ 1.912639, 7.239861 ], [ 1.912361, 7.239583 ], [ 1.912083, 7.239306 ], [ 1.911806, 7.239028 ], [ 1.911528, 7.239028 ], [ 1.91125, 7.239028 ], [ 1.910972, 7.23875 ], [ 1.910694, 7.238472 ], [ 1.910417, 7.238194 ], [ 1.910139, 7.237917 ], [ 1.909861, 7.237917 ], [ 1.909583, 7.237917 ], [ 1.909306, 7.237917 ], [ 1.909028, 7.237639 ], [ 1.90875, 7.237361 ], [ 1.908472, 7.237083 ], [ 1.908472, 7.236806 ], [ 1.908194, 7.236528 ], [ 1.907917, 7.23625 ], [ 1.907639, 7.23625 ], [ 1.907361, 7.235972 ], [ 1.907083, 7.235694 ], [ 1.906806, 7.235417 ], [ 1.906528, 7.235139 ], [ 1.90625, 7.234861 ], [ 1.905972, 7.234861 ], [ 1.905694, 7.234583 ], [ 1.905417, 7.234306 ], [ 1.905417, 7.234028 ] ] } },
{ "type": "Feature", "properties": { "strahler_order": 1, "longueur_km": 0.49302162497287055 }, "geometry": { "type": "LineString", "coordinates": [ [ 2.210139, 7.252083 ], [ 2.210417, 7.252361 ], [ 2.210694, 7.252639 ], [ 2.210972, 7.252917 ], [ 2.21125, 7.253194 ], [ 2.211528, 7.253194 ], [ 2.211806, 7.253194 ], [ 2.212083, 7.253194 ], [ 2.212361, 7.253194 ], [ 2.212639, 7.253194 ], [ 2.212917, 7.253194 ], [ 2.213194, 7.253194 ], [ 2.213472, 7.253472 ], [ 2.21375, 7.253472 ], [ 2.214028, 7.253472 ] ] } },
{ "type": "Feature", "properties": { "strahler_order": 1, "longueur_km": 1.0219059102308214 }, "geometry": { "type": "LineString", "coordinates": [ [ 2.214028, 7.253472 ], [ 2.214306, 7.253194 ], [ 2.214583, 7.252917 ], [ 2.214861, 7.252639 ], [ 2.215139, 7.252361 ], [ 2.215417, 7.252083 ], [ 2.215694, 7.251806 ], [ 2.215972, 7.251806 ], [ 2.21625, 7.251806 ], [ 2.216528, 7.251806 ], [ 2.216806, 7.251528 ], [ 2.216806, 7.25125 ], [ 2.217083, 7.250972 ], [ 2.217361, 7.250972 ], [ 2.217639, 7.250972 ], [ 2.217917, 7.250972 ], [ 2.218194, 7.250972 ], [ 2.218472, 7.250972 ], [ 2.21875, 7.250972 ], [ 2.219028, 7.250972 ], [ 2.219306, 7.250972 ], [ 2.219583, 7.250972 ], [ 2.219861, 7.250972 ], [ 2.220139, 7.250972 ], [ 2.220417, 7.250972 ], [ 2.220694, 7.250972 ], [ 2.220972, 7.250972 ], [ 2.22125, 7.250972 ], [ 2.221528, 7.250972 ], [ 2.221806, 7.250972 ], [ 2.222083, 7.250972 ] ] } },
{ "type": "Feature", "properties": { "strahler_order": 1, "longueur_km": 0.16627227267315292 }, "geometry": { "type": "LineString", "coordinates": [ [ 2.05125, 7.251806 ], [ 2.050972, 7.251528 ], [ 2.050972, 7.25125 ], [ 2.050972, 7.250972 ], [ 2.050972, 7.250694 ], [ 2.050972, 7.250417 ] ] } },
{ "type": "Feature", "properties": { "strahler_order": 1, "longueur_km": 0.17359022293551066 }, "geometry": { "type": "LineString", "coordinates": [ [ 2.086528, 7.251806 ], [ 2.086806, 7.252083 ], [ 2.087083, 7.252361 ], [ 2.087361, 7.252639 ], [ 2.087639, 7.252917 ] ] } },
{ "type": "Feature", "properties": { "strahler_order": 1, "longueur_km": 1.5887369326725107 }, "geometry": { "type": "LineString", "coordinates": [ [ 2.087639, 7.252917 ], [ 2.087917, 7.252639 ], [ 2.087917, 7.252361 ], [ 2.088194, 7.252083 ], [ 2.088472, 7.251806 ], [ 2.08875, 7.251528 ], [ 2.08875, 7.25125 ], [ 2.089028, 7.250972 ], [ 2.089306, 7.250694 ], [ 2.089306, 7.250417 ], [ 2.089306, 7.250139 ], [ 2.089583, 7.249861 ], [ 2.089861, 7.249583 ], [ 2.090139, 7.249306 ], [ 2.090417, 7.249028 ], [ 2.090694, 7.24875 ], [ 2.090972, 7.248472 ], [ 2.09125, 7.248472 ], [ 2.091528, 7.248472 ], [ 2.091806, 7.248472 ], [ 2.092083, 7.248194 ], [ 2.092361, 7.247917 ], [ 2.092639, 7.247639 ], [ 2.092917, 7.247639 ], [ 2.093194, 7.247361 ], [ 2.093472, 7.247083 ], [ 2.09375, 7.247083 ], [ 2.094028, 7.247083 ], [ 2.094306, 7.247361 ], [ 2.094583, 7.247361 ], [ 2.094861, 7.247361 ], [ 2.095139, 7.247083 ], [ 2.095417, 7.246806 ], [ 2.095694, 7.246528 ], [ 2.095972, 7.246806 ], [ 2.09625, 7.247083 ], [ 2.096528, 7.247361 ], [ 2.096528, 7.247639 ], [ 2.096806, 7.247639 ], [ 2.097083, 7.247361 ], [ 2.097361, 7.247083 ], [ 2.097361, 7.246806 ] ] } },
{ "type": "Feature", "properties": { "strahler_order": 1, "longueur_km": 1.321063851471606 }, "geometry": { "type": "LineString", "coordinates": [ [ 2.097361, 7.246806 ], [ 2.097361, 7.246528 ], [ 2.097639, 7.24625 ], [ 2.097639, 7.245972 ], [ 2.097639, 7.245694 ], [ 2.097639, 7.245417 ], [ 2.097917, 7.245139 ], [ 2.098194, 7.244861 ], [ 2.098472, 7.244861 ], [ 2.09875, 7.244861 ], [ 2.09875, 7.244583 ], [ 2.099028, 7.244306 ], [ 2.099306, 7.244028 ], [ 2.099583, 7.24375 ], [ 2.099861, 7.243472 ], [ 2.100139, 7.243194 ], [ 2.100417, 7.242917 ], [ 2.100694, 7.243194 ], [ 2.100972, 7.243472 ], [ 2.10125, 7.243472 ], [ 2.101528, 7.243472 ], [ 2.101806, 7.243472 ], [ 2.102083, 7.243194 ], [ 2.102361, 7.243194 ], [ 2.102639, 7.243194 ], [ 2.102917, 7.243194 ], [ 2.103194, 7.242917 ], [ 2.103472, 7.242639 ], [ 2.103472, 7.242361 ], [ 2.103472, 7.242083 ], [ 2.103472, 7.241806 ], [ 2.103472, 7.241528 ], [ 2.103472, 7.24125 ], [ 2.10375, 7.240972 ], [ 2.10375, 7.240694 ], [ 2.104028, 7.240417 ], [ 2.104306, 7.240139 ] ] } },
{ "type": "Feature", "properties": { "strahler_order": 1, "longueur_km": 0.1481485238383565 }, "geometry": { "type": "LineString", "coordinates": [ [ 2.072639, 7.25125 ], [ 2.072917, 7.250972 ], [ 2.073194, 7.250972 ], [ 2.073472, 7.25125 ], [ 2.07375, 7.25125 ] ] } },
{ "type": "Feature", "properties": { "strahler_order": 1, "longueur_km": 4.1797905273702103 }, "geometry": { "type": "LineString", "coordinates": [ [ 2.07375, 7.25125 ], [ 2.074028, 7.250972 ], [ 2.074306, 7.250694 ], [ 2.074306, 7.250417 ], [ 2.074306, 7.250139 ], [ 2.074306, 7.249861 ], [ 2.074306, 7.249583 ], [ 2.074306, 7.249306 ], [ 2.074583, 7.249028 ], [ 2.074861, 7.249028 ], [ 2.075139, 7.249028 ], [ 2.075417, 7.249028 ], [ 2.075694, 7.249028 ], [ 2.075972, 7.24875 ], [ 2.075972, 7.248472 ], [ 2.07625, 7.248472 ], [ 2.076528, 7.248472 ], [ 2.076806, 7.24875 ], [ 2.077083, 7.24875 ], [ 2.077361, 7.248472 ], [ 2.077639, 7.248194 ], [ 2.077917, 7.247917 ], [ 2.078194, 7.247639 ], [ 2.078472, 7.247639 ], [ 2.07875, 7.247361 ], [ 2.079028, 7.247083 ], [ 2.079306, 7.246806 ], [ 2.079583, 7.246528 ], [ 2.079583, 7.24625 ], [ 2.079861, 7.245972 ], [ 2.080139, 7.245694 ], [ 2.079861, 7.245417 ], [ 2.079861, 7.245139 ], [ 2.079861, 7.244861 ], [ 2.079861, 7.244583 ], [ 2.079861, 7.244306 ], [ 2.080139, 7.244028 ], [ 2.080139, 7.24375 ], [ 2.080417, 7.243472 ], [ 2.080694, 7.243194 ], [ 2.080972, 7.242917 ], [ 2.08125, 7.242639 ], [ 2.081528, 7.242361 ], [ 2.081806, 7.242083 ], [ 2.082083, 7.241806 ], [ 2.082361, 7.241806 ], [ 2.082639, 7.241806 ], [ 2.082917, 7.242083 ], [ 2.083194, 7.242083 ], [ 2.083472, 7.241806 ], [ 2.083472, 7.241528 ], [ 2.083472, 7.24125 ], [ 2.08375, 7.240972 ], [ 2.084028, 7.240694 ], [ 2.084306, 7.240694 ], [ 2.084583, 7.240417 ], [ 2.084861, 7.240139 ], [ 2.085139, 7.239861 ], [ 2.085417, 7.239583 ], [ 2.085694, 7.239306 ], [ 2.085694, 7.239028 ], [ 2.085417, 7.23875 ], [ 2.085417, 7.238472 ], [ 2.085417, 7.238194 ], [ 2.085694, 7.237917 ], [ 2.085694, 7.237639 ], [ 2.085694, 7.237361 ], [ 2.085694, 7.237083 ], [ 2.085694, 7.236806 ], [ 2.085694, 7.236528 ], [ 2.085972, 7.23625 ], [ 2.08625, 7.235972 ], [ 2.086528, 7.235694 ], [ 2.086806, 7.235694 ], [ 2.087083, 7.235694 ], [ 2.087361, 7.235694 ], [ 2.087639, 7.235417 ], [ 2.087917, 7.235139 ], [ 2.088194, 7.234861 ], [ 2.088472, 7.234583 ], [ 2.08875, 7.234306 ], [ 2.089028, 7.234028 ], [ 2.089306, 7.23375 ], [ 2.089583, 7.233472 ], [ 2.089861, 7.233472 ], [ 2.090139, 7.233194 ], [ 2.090417, 7.233194 ], [ 2.090694, 7.233472 ], [ 2.090972, 7.23375 ], [ 2.090972, 7.234028 ], [ 2.090972, 7.234306 ], [ 2.09125, 7.234583 ], [ 2.091528, 7.234583 ], [ 2.091806, 7.234306 ], [ 2.092083, 7.234028 ], [ 2.092361, 7.234028 ], [ 2.092639, 7.234028 ], [ 2.092917, 7.234028 ], [ 2.093194, 7.23375 ], [ 2.093472, 7.23375 ], [ 2.093472, 7.233472 ], [ 2.093472, 7.233194 ], [ 2.093194, 7.232917 ], [ 2.093194, 7.232639 ], [ 2.093472, 7.232361 ], [ 2.09375, 7.232083 ], [ 2.094028, 7.232083 ], [ 2.094306, 7.232083 ], [ 2.094583, 7.232083 ], [ 2.094861, 7.232083 ], [ 2.095139, 7.232083 ], [ 2.095417, 7.232083 ], [ 2.095694, 7.232083 ], [ 2.095972, 7.232083 ] ] } },
{ "type": "Feature", "properties": { "strahler_order": 1, "longueur_km": 0.14824159501688569 }, "geometry": { "type": "LineString", "coordinates": [ [ 1.940139, 7.250694 ], [ 1.940139, 7.250417 ], [ 1.940139, 7.250139 ], [ 1.939861, 7.249861 ], [ 1.939583, 7.249583 ] ] } },
{ "type": "Feature", "properties": { "strahler_order": 1, "longueur_km": 0.67960089858944206 }, "geometry": { "type": "LineString", "coordinates": [ [ 1.939583, 7.249583 ], [ 1.939306, 7.249861 ], [ 1.939028, 7.250139 ], [ 1.939028, 7.250417 ], [ 1.93875, 7.250417 ], [ 1.938472, 7.250417 ], [ 1.938194, 7.250417 ], [ 1.937917, 7.250139 ], [ 1.937639, 7.249861 ], [ 1.937361, 7.249861 ], [ 1.937083, 7.249583 ], [ 1.936806, 7.249306 ], [ 1.936806, 7.249028 ], [ 1.936806, 7.24875 ], [ 1.936528, 7.248472 ], [ 1.93625, 7.248194 ], [ 1.935972, 7.247917 ], [ 1.935694, 7.247917 ], [ 1.935417, 7.247639 ] ] } },
{ "type": "Feature", "properties": { "strahler_order": 1, "longueur_km": 4.3124390480463033 }, "geometry": { "type": "LineString", "coordinates": [ [ 1.935417, 7.247639 ], [ 1.935139, 7.247361 ], [ 1.934861, 7.247361 ], [ 1.934583, 7.247083 ], [ 1.934306, 7.247083 ], [ 1.934028, 7.247083 ], [ 1.93375, 7.246806 ], [ 1.933472, 7.246528 ], [ 1.933194, 7.246528 ], [ 1.932917, 7.246528 ], [ 1.932639, 7.246528 ], [ 1.932361, 7.24625 ], [ 1.932083, 7.245972 ], [ 1.931806, 7.245972 ], [ 1.931528, 7.245972 ], [ 1.93125, 7.245972 ], [ 1.930972, 7.245972 ], [ 1.930694, 7.245972 ], [ 1.930417, 7.245972 ], [ 1.930139, 7.245972 ], [ 1.929861, 7.245972 ], [ 1.929583, 7.245694 ], [ 1.929306, 7.245417 ], [ 1.929306, 7.245139 ], [ 1.929028, 7.244861 ], [ 1.929028, 7.244583 ], [ 1.929028, 7.244306 ], [ 1.929028, 7.244028 ], [ 1.929028, 7.24375 ], [ 1.929028, 7.243472 ], [ 1.92875, 7.243194 ], [ 1.928472, 7.243194 ], [ 1.928194, 7.243194 ], [ 1.927917, 7.243194 ], [ 1.927639, 7.242917 ], [ 1.927361, 7.242639 ], [ 1.927083, 7.242361 ], [ 1.926806, 7.242083 ], [ 1.926528, 7.241806 ], [ 1.926528, 7.241528 ], [ 1.92625, 7.241528 ], [ 1.925972, 7.24125 ], [ 1.925694, 7.240972 ], [ 1.925417, 7.240694 ], [ 1.925139, 7.240417 ], [ 1.925139, 7.240139 ], [ 1.924861, 7.240139 ], [ 1.924583, 7.240139 ], [ 1.924306, 7.239861 ], [ 1.924028, 7.239583 ], [ 1.924028, 7.239306 ], [ 1.92375, 7.239028 ], [ 1.923472, 7.239028 ], [ 1.923194, 7.23875 ], [ 1.922917, 7.23875 ], [ 1.922639, 7.238472 ], [ 1.922361, 7.238472 ], [ 1.922083, 7.238472 ], [ 1.921806, 7.238472 ], [ 1.921528, 7.238194 ], [ 1.92125, 7.237917 ], [ 1.920972, 7.237639 ], [ 1.920694, 7.237361 ], [ 1.920417, 7.237083 ], [ 1.920139, 7.236806 ], [ 1.919861, 7.236806 ], [ 1.919583, 7.236528 ], [ 1.919306, 7.236528 ], [ 1.919028, 7.236528 ], [ 1.91875, 7.23625 ], [ 1.918472, 7.23625 ], [ 1.918194, 7.235972 ], [ 1.917917, 7.235694 ], [ 1.917917, 7.235417 ], [ 1.917917, 7.235139 ], [ 1.917639, 7.234861 ], [ 1.917361, 7.234861 ], [ 1.917083, 7.234861 ], [ 1.916806, 7.234861 ], [ 1.916528, 7.235139 ], [ 1.91625, 7.235139 ], [ 1.915972, 7.234861 ], [ 1.915694, 7.234861 ], [ 1.915417, 7.234861 ], [ 1.915139, 7.234861 ], [ 1.914861, 7.234861 ], [ 1.914583, 7.234861 ], [ 1.914306, 7.234861 ], [ 1.914028, 7.234583 ], [ 1.91375, 7.234306 ], [ 1.913472, 7.234306 ], [ 1.913194, 7.234306 ], [ 1.912917, 7.234028 ], [ 1.912639, 7.23375 ], [ 1.912361, 7.233472 ], [ 1.912083, 7.233472 ], [ 1.911806, 7.233472 ], [ 1.911528, 7.23375 ], [ 1.91125, 7.23375 ], [ 1.910972, 7.23375 ], [ 1.910694, 7.233472 ], [ 1.910417, 7.233472 ], [ 1.910139, 7.233472 ], [ 1.909861, 7.233194 ], [ 1.909583, 7.232917 ], [ 1.909306, 7.233194 ], [ 1.909028, 7.233472 ], [ 1.90875, 7.233472 ], [ 1.908472, 7.233472 ], [ 1.908194, 7.233472 ], [ 1.907917, 7.233194 ], [ 1.907639, 7.233194 ], [ 1.907361, 7.233472 ], [ 1.907083, 7.23375 ], [ 1.906806, 7.23375 ], [ 1.906528, 7.23375 ], [ 1.90625, 7.23375 ], [ 1.905972, 7.23375 ], [ 1.905694, 7.23375 ], [ 1.905417, 7.234028 ] ] } },
{ "type": "Feature", "properties": { "strahler_order": 1, "longueur_km": 0.55162658007891119 }, "geometry": { "type": "LineString", "coordinates": [ [ 1.905417, 7.234028 ], [ 1.905139, 7.23375 ], [ 1.904861, 7.233472 ], [ 1.904583, 7.233194 ], [ 1.904306, 7.232917 ], [ 1.904306, 7.232639 ], [ 1.904028, 7.232361 ], [ 1.90375, 7.232083 ], [ 1.903472, 7.231806 ], [ 1.903194, 7.231528 ], [ 1.902917, 7.23125 ], [ 1.902639, 7.230972 ], [ 1.902361, 7.230694 ], [ 1.902083, 7.230417 ] ] } },
{ "type": "Feature", "properties": { "strahler_order": 1, "longueur_km": 0.32702945714767884 }, "geometry": { "type": "LineString", "coordinates": [ [ 2.101806, 7.249861 ], [ 2.102083, 7.249583 ], [ 2.102361, 7.249306 ], [ 2.102639, 7.249028 ], [ 2.102917, 7.24875 ], [ 2.102917, 7.248472 ], [ 2.102917, 7.248194 ], [ 2.103194, 7.248194 ], [ 2.103472, 7.248194 ], [ 2.10375, 7.248194 ] ] } },
{ "type": "Feature", "properties": { "strahler_order": 1, "longueur_km": 0.59826037990291725 }, "geometry": { "type": "LineString", "coordinates": [ [ 2.10375, 7.248194 ], [ 2.10375, 7.247917 ], [ 2.10375, 7.247639 ], [ 2.104028, 7.247361 ], [ 2.104028, 7.247083 ], [ 2.104306, 7.246806 ], [ 2.104583, 7.246528 ], [ 2.104861, 7.24625 ], [ 2.104861, 7.245972 ], [ 2.104861, 7.245694 ], [ 2.105139, 7.245417 ], [ 2.105139, 7.245139 ], [ 2.105139, 7.244861 ], [ 2.105139, 7.244583 ], [ 2.105139, 7.244306 ], [ 2.105139, 7.244028 ], [ 2.105139, 7.24375 ], [ 2.105417, 7.243472 ] ] } },
{ "type": "Feature", "properties": { "strahler_order": 1, "longueur_km": 0.59771431741504266 }, "geometry": { "type": "LineString", "coordinates": [ [ 2.037083, 7.249583 ], [ 2.037361, 7.249306 ], [ 2.037639, 7.249306 ], [ 2.037917, 7.249583 ], [ 2.038194, 7.249583 ], [ 2.038472, 7.249583 ], [ 2.03875, 7.249583 ], [ 2.039028, 7.249583 ], [ 2.039306, 7.249583 ], [ 2.039583, 7.249306 ], [ 2.039861, 7.249306 ], [ 2.040139, 7.249028 ], [ 2.040417, 7.249028 ], [ 2.040694, 7.249028 ], [ 2.040972, 7.24875 ], [ 2.04125, 7.24875 ], [ 2.041528, 7.24875 ], [ 2.041806, 7.249028 ] ] } },
{ "type": "Feature", "properties": { "strahler_order": 1, "longueur_km": 0.93745241516063138 }, "geometry": { "type": "LineString", "coordinates": [ [ 2.041806, 7.249028 ], [ 2.042083, 7.249028 ], [ 2.042361, 7.249028 ], [ 2.042639, 7.24875 ], [ 2.042917, 7.248472 ], [ 2.043194, 7.248472 ], [ 2.043472, 7.248194 ], [ 2.04375, 7.248194 ], [ 2.044028, 7.248194 ], [ 2.044306, 7.247917 ], [ 2.044583, 7.247639 ], [ 2.044861, 7.247639 ], [ 2.045139, 7.247639 ], [ 2.045417, 7.247639 ], [ 2.045694, 7.247639 ], [ 2.045972, 7.247639 ], [ 2.04625, 7.247917 ], [ 2.046528, 7.247917 ], [ 2.046806, 7.247917 ], [ 2.047083, 7.248194 ], [ 2.047361, 7.248472 ], [ 2.047639, 7.24875 ], [ 2.047917, 7.249028 ], [ 2.048194, 7.249028 ], [ 2.048472, 7.249028 ], [ 2.04875, 7.249028 ], [ 2.049028, 7.249306 ] ] } },
{ "type": "Feature", "properties": { "strahler_order": 1, "longueur_km": 0.26556083190633345 }, "geometry": { "type": "LineString", "coordinates": [ [ 2.049028, 7.249306 ], [ 2.049306, 7.249583 ], [ 2.049583, 7.249861 ], [ 2.049861, 7.250139 ], [ 2.050139, 7.250139 ], [ 2.050417, 7.250417 ], [ 2.050694, 7.250417 ], [ 2.050972, 7.250417 ] ] } },
{ "type": "Feature", "properties": { "strahler_order": 1, "longueur_km": 1.0985385976397466 }, "geometry": { "type": "LineString", "coordinates": [ [ 2.050972, 7.250417 ], [ 2.05125, 7.250139 ], [ 2.051528, 7.250139 ], [ 2.051806, 7.250139 ], [ 2.052083, 7.250139 ], [ 2.052361, 7.250139 ], [ 2.052639, 7.250139 ], [ 2.052917, 7.250139 ], [ 2.053194, 7.249861 ], [ 2.053472, 7.249583 ], [ 2.05375, 7.249306 ], [ 2.05375, 7.249028 ], [ 2.05375, 7.24875 ], [ 2.054028, 7.248472 ], [ 2.054306, 7.248194 ], [ 2.054583, 7.248194 ], [ 2.054861, 7.248194 ], [ 2.055139, 7.248194 ], [ 2.055417, 7.248194 ], [ 2.055694, 7.248194 ], [ 2.055972, 7.247917 ], [ 2.05625, 7.247917 ], [ 2.056528, 7.247639 ], [ 2.056806, 7.247639 ], [ 2.057083, 7.247361 ], [ 2.057361, 7.247083 ], [ 2.057639, 7.246806 ], [ 2.057639, 7.246528 ], [ 2.057917, 7.24625 ], [ 2.058194, 7.245972 ], [ 2.058472, 7.245694 ] ] } },
{ "type": "Feature", "properties": { "strahler_order": 1, "longueur_km": 0.61594186305938081 }, "geometry": { "type": "LineString", "coordinates": [ [ 1.962083, 7.249306 ], [ 1.961806, 7.249306 ], [ 1.961528, 7.249028 ], [ 1.96125, 7.249028 ], [ 1.960972, 7.249028 ], [ 1.960694, 7.249028 ], [ 1.960417, 7.249028 ], [ 1.960139, 7.249028 ], [ 1.960139, 7.24875 ], [ 1.959861, 7.248472 ], [ 1.959861, 7.248194 ], [ 1.959861, 7.247917 ], [ 1.959861, 7.247639 ], [ 1.959861, 7.247361 ], [ 1.959583, 7.247361 ], [ 1.959306, 7.247083 ], [ 1.959028, 7.247083 ], [ 1.95875, 7.246806 ], [ 1.958472, 7.246528 ] ] } },
{ "type": "Feature", "properties": { "strahler_order": 1, "longueur_km": 0.40089379544425807 }, "geometry": { "type": "LineString", "coordinates": [ [ 2.015139, 7.248194 ], [ 2.015417, 7.248194 ], [ 2.015694, 7.247917 ], [ 2.015972, 7.247639 ], [ 2.01625, 7.247361 ], [ 2.016528, 7.247083 ], [ 2.016806, 7.246806 ], [ 2.017083, 7.246806 ], [ 2.017361, 7.246806 ], [ 2.017639, 7.246806 ], [ 2.017917, 7.246806 ], [ 2.018194, 7.246806 ] ] } },
{ "type": "Feature", "properties": { "strahler_order": 1, "longueur_km": 1.9390687248515577 }, "geometry": { "type": "LineString", "coordinates": [ [ 2.018194, 7.246806 ], [ 2.018472, 7.246528 ], [ 2.01875, 7.246806 ], [ 2.019028, 7.247083 ], [ 2.019306, 7.247361 ], [ 2.019583, 7.247361 ], [ 2.019861, 7.247639 ], [ 2.020139, 7.247917 ], [ 2.020417, 7.247639 ], [ 2.020694, 7.247361 ], [ 2.020972, 7.247361 ], [ 2.02125, 7.247361 ], [ 2.021528, 7.247361 ], [ 2.021806, 7.247083 ], [ 2.022083, 7.247083 ], [ 2.022361, 7.246806 ], [ 2.022639, 7.246806 ], [ 2.022917, 7.246528 ], [ 2.023194, 7.24625 ], [ 2.023194, 7.245972 ], [ 2.023472, 7.245694 ], [ 2.02375, 7.245417 ], [ 2.024028, 7.245139 ], [ 2.024028, 7.244861 ], [ 2.02375, 7.244583 ], [ 2.02375, 7.244306 ], [ 2.02375, 7.244028 ], [ 2.024028, 7.24375 ], [ 2.024028, 7.243472 ], [ 2.024306, 7.243472 ], [ 2.024583, 7.243472 ], [ 2.024861, 7.243472 ], [ 2.025139, 7.243472 ], [ 2.025417, 7.243472 ], [ 2.025694, 7.243472 ], [ 2.025972, 7.24375 ], [ 2.02625, 7.24375 ], [ 2.026528, 7.243472 ], [ 2.026806, 7.243194 ], [ 2.027083, 7.243194 ], [ 2.027361, 7.243194 ], [ 2.027639, 7.243194 ], [ 2.027917, 7.242917 ], [ 2.028194, 7.242639 ], [ 2.028194, 7.242361 ], [ 2.027917, 7.242083 ], [ 2.027639, 7.241806 ], [ 2.027361, 7.241528 ], [ 2.027361, 7.24125 ], [ 2.027361, 7.240972 ], [ 2.027639, 7.240694 ], [ 2.027639, 7.240417 ], [ 2.027917, 7.240139 ] ] } },
{ "type": "Feature", "properties": { "strahler_order": 1, "longueur_km": 0.2964134036340817 }, "geometry": { "type": "LineString", "coordinates": [ [ 2.127639, 7.247917 ], [ 2.127917, 7.247639 ], [ 2.127917, 7.247361 ], [ 2.128194, 7.247083 ], [ 2.128472, 7.247083 ], [ 2.12875, 7.247083 ], [ 2.12875, 7.246806 ], [ 2.129028, 7.246528 ], [ 2.129306, 7.24625 ] ] } },
{ "type": "Feature", "properties": { "strahler_order": 1, "longueur_km": 1.1982995377437249 }, "geometry": { "type": "LineString", "coordinates": [ [ 2.129306, 7.24625 ], [ 2.129583, 7.245972 ], [ 2.129861, 7.245694 ], [ 2.129861, 7.245417 ], [ 2.130139, 7.245417 ], [ 2.130417, 7.245417 ], [ 2.130694, 7.245139 ], [ 2.130972, 7.245139 ], [ 2.13125, 7.245139 ], [ 2.131528, 7.245139 ], [ 2.131806, 7.244861 ], [ 2.132083, 7.244583 ], [ 2.132361, 7.244306 ], [ 2.132361, 7.244028 ], [ 2.132639, 7.24375 ], [ 2.132639, 7.243472 ], [ 2.132639, 7.243194 ], [ 2.132917, 7.242917 ], [ 2.132917, 7.242639 ], [ 2.132917, 7.242361 ], [ 2.132917, 7.242083 ], [ 2.132639, 7.241806 ], [ 2.132361, 7.241528 ], [ 2.132639, 7.24125 ], [ 2.132917, 7.240972 ], [ 2.133194, 7.240694 ], [ 2.133472, 7.240417 ], [ 2.13375, 7.240417 ], [ 2.134028, 7.240139 ], [ 2.134306, 7.239861 ], [ 2.134583, 7.239583 ], [ 2.134861, 7.239583 ], [ 2.135139, 7.239583 ] ] } },
{ "type": "Feature", "properties": { "strahler_order": 1, "longueur_km": 1.6321458113666585 }, "geometry": { "type": "LineString", "coordinates": [ [ 1.90375, 7.247361 ], [ 1.903472, 7.247083 ], [ 1.903194, 7.246806 ], [ 1.902917, 7.246528 ], [ 1.902639, 7.24625 ], [ 1.902361, 7.245972 ], [ 1.902083, 7.24625 ], [ 1.901806, 7.246528 ], [ 1.901528, 7.246806 ], [ 1.90125, 7.246806 ], [ 1.900972, 7.246806 ], [ 1.900694, 7.246806 ], [ 1.900417, 7.246806 ], [ 1.900139, 7.246806 ], [ 1.899861, 7.246806 ], [ 1.899583, 7.246806 ], [ 1.899306, 7.247083 ], [ 1.899028, 7.247083 ], [ 1.89875, 7.246806 ], [ 1.898472, 7.246528 ], [ 1.898194, 7.24625 ], [ 1.897917, 7.245972 ], [ 1.897639, 7.245694 ], [ 1.897361, 7.245417 ], [ 1.897083, 7.245417 ], [ 1.896806, 7.245417 ], [ 1.896806, 7.245139 ], [ 1.896806, 7.244861 ], [ 1.896528, 7.244583 ], [ 1.89625, 7.244306 ], [ 1.895972, 7.244028 ], [ 1.895694, 7.24375 ], [ 1.895417, 7.243472 ], [ 1.895139, 7.243194 ], [ 1.894861, 7.242917 ], [ 1.894861, 7.242639 ], [ 1.894583, 7.242361 ], [ 1.894306, 7.242083 ], [ 1.894028, 7.242361 ], [ 1.89375, 7.242361 ], [ 1.893472, 7.242639 ], [ 1.893194, 7.242361 ], [ 1.892917, 7.242361 ] ] } },
{ "type": "Feature", "properties": { "strahler_order": 1, "longueur_km": 1.5509608587192403 }, "geometry": { "type": "LineString", "coordinates": [ [ 2.120417, 7.246528 ], [ 2.120694, 7.24625 ], [ 2.120972, 7.245972 ], [ 2.12125, 7.245972 ], [ 2.121528, 7.245694 ], [ 2.121806, 7.245417 ], [ 2.122083, 7.245139 ], [ 2.122361, 7.244861 ], [ 2.122361, 7.244583 ], [ 2.122361, 7.244306 ], [ 2.122361, 7.244028 ], [ 2.122361, 7.24375 ], [ 2.122361, 7.243472 ], [ 2.122361, 7.243194 ], [ 2.122361, 7.242917 ], [ 2.122361, 7.242639 ], [ 2.122639, 7.242361 ], [ 2.122639, 7.242083 ], [ 2.122917, 7.241806 ], [ 2.123194, 7.241528 ], [ 2.123472, 7.24125 ], [ 2.12375, 7.24125 ], [ 2.124028, 7.24125 ], [ 2.124306, 7.24125 ], [ 2.124583, 7.240972 ], [ 2.124861, 7.240694 ], [ 2.125139, 7.240694 ], [ 2.125417, 7.240417 ], [ 2.125694, 7.240139 ], [ 2.125972, 7.239861 ], [ 2.12625, 7.239583 ], [ 2.126528, 7.239306 ], [ 2.126806, 7.239028 ], [ 2.126528, 7.23875 ], [ 2.126528, 7.238472 ], [ 2.126528, 7.238194 ], [ 2.12625, 7.237917 ], [ 2.126528, 7.237639 ], [ 2.126806, 7.237361 ], [ 2.126806, 7.237083 ], [ 2.126806, 7.236806 ], [ 2.126528, 7.236528 ] ] } },
{ "type": "Feature", "properties": { "strahler_order": 1, "longueur_km": 0.71549170911298177 }, "geometry": { "type": "LineString", "coordinates": [ [ 2.214028, 7.24625 ], [ 2.214306, 7.24625 ], [ 2.214583, 7.24625 ], [ 2.214861, 7.245972 ], [ 2.215139, 7.245694 ], [ 2.215139, 7.245417 ], [ 2.215417, 7.245417 ], [ 2.215694, 7.245417 ], [ 2.215972, 7.245139 ], [ 2.21625, 7.244861 ], [ 2.21625, 7.244583 ], [ 2.21625, 7.244306 ], [ 2.21625, 7.244028 ], [ 2.21625, 7.24375 ], [ 2.21625, 7.243472 ], [ 2.21625, 7.243194 ], [ 2.215972, 7.242917 ], [ 2.21625, 7.242639 ], [ 2.216528, 7.242361 ], [ 2.216806, 7.242361 ], [ 2.217083, 7.242083 ] ] } },
{ "type": "Feature", "properties": { "strahler_order": 1, "longueur_km": 0.26579850515686004 }, "geometry": { "type": "LineString", "coordinates": [ [ 2.106528, 7.245417 ], [ 2.10625, 7.245139 ], [ 2.105972, 7.244861 ], [ 2.105694, 7.244583 ], [ 2.105417, 7.244306 ], [ 2.105417, 7.244028 ], [ 2.105417, 7.24375 ], [ 2.105417, 7.243472 ] ] } },
{ "type": "Feature", "properties": { "strahler_order": 1, "longueur_km": 0.63093887693704453 }, "geometry": { "type": "LineString", "coordinates": [ [ 2.105417, 7.243472 ], [ 2.105694, 7.243194 ], [ 2.105972, 7.242917 ], [ 2.10625, 7.242639 ], [ 2.10625, 7.242361 ], [ 2.105972, 7.242083 ], [ 2.105694, 7.241806 ], [ 2.105417, 7.241528 ], [ 2.105417, 7.24125 ], [ 2.105694, 7.240972 ], [ 2.105972, 7.240694 ], [ 2.10625, 7.240417 ], [ 2.10625, 7.240139 ], [ 2.10625, 7.239861 ], [ 2.105972, 7.239583 ], [ 2.105694, 7.239306 ], [ 2.105694, 7.239028 ] ] } },
{ "type": "Feature", "properties": { "strahler_order": 1, "longueur_km": 0.87638644565822721 }, "geometry": { "type": "LineString", "coordinates": [ [ 2.018194, 7.244306 ], [ 2.018472, 7.244028 ], [ 2.01875, 7.244028 ], [ 2.019028, 7.244028 ], [ 2.019306, 7.244028 ], [ 2.019583, 7.244028 ], [ 2.019861, 7.24375 ], [ 2.020139, 7.24375 ], [ 2.020417, 7.24375 ], [ 2.020694, 7.24375 ], [ 2.020972, 7.243472 ], [ 2.02125, 7.243472 ], [ 2.021528, 7.243472 ], [ 2.021806, 7.24375 ], [ 2.022083, 7.243472 ], [ 2.022361, 7.243194 ], [ 2.022639, 7.242917 ], [ 2.022639, 7.242639 ], [ 2.022639, 7.242361 ], [ 2.022917, 7.242083 ], [ 2.023194, 7.241806 ], [ 2.023472, 7.241528 ], [ 2.02375, 7.24125 ], [ 2.024028, 7.24125 ], [ 2.024306, 7.24125 ] ] } },
{ "type": "Feature", "properties": { "strahler_order": 1, "longueur_km": 0.53654594345902884 }, "geometry": { "type": "LineString", "coordinates": [ [ 2.190139, 7.244306 ], [ 2.190417, 7.244028 ], [ 2.190694, 7.24375 ], [ 2.190972, 7.24375 ], [ 2.19125, 7.243472 ], [ 2.191528, 7.243472 ], [ 2.191806, 7.243472 ], [ 2.192083, 7.243472 ], [ 2.192361, 7.243472 ], [ 2.192639, 7.243472 ], [ 2.192917, 7.243472 ], [ 2.193194, 7.243472 ], [ 2.193472, 7.243472 ], [ 2.19375, 7.24375 ], [ 2.194028, 7.244028 ], [ 2.194306, 7.244306 ] ] } },
{ "type": "Feature", "properties": { "strahler_order": 1, "longueur_km": 3.4345386592749958 }, "geometry": { "type": "LineString", "coordinates": [ [ 2.194306, 7.244306 ], [ 2.194583, 7.244306 ], [ 2.194861, 7.244306 ], [ 2.195139, 7.244306 ], [ 2.195417, 7.244306 ], [ 2.195694, 7.244028 ], [ 2.195972, 7.24375 ], [ 2.19625, 7.243472 ], [ 2.196528, 7.243194 ], [ 2.196806, 7.242917 ], [ 2.197083, 7.242639 ], [ 2.197361, 7.242639 ], [ 2.197639, 7.242639 ], [ 2.197917, 7.242917 ], [ 2.198194, 7.242917 ], [ 2.198472, 7.242917 ], [ 2.19875, 7.242917 ], [ 2.199028, 7.242917 ], [ 2.199306, 7.242639 ], [ 2.199583, 7.242361 ], [ 2.199861, 7.242083 ], [ 2.200139, 7.241806 ], [ 2.200417, 7.241528 ], [ 2.200694, 7.24125 ], [ 2.200694, 7.240972 ], [ 2.200694, 7.240694 ], [ 2.200972, 7.240417 ], [ 2.20125, 7.240417 ], [ 2.201528, 7.240139 ], [ 2.201806, 7.240139 ], [ 2.202083, 7.240139 ], [ 2.202361, 7.240139 ], [ 2.202639, 7.240139 ], [ 2.202917, 7.240139 ], [ 2.203194, 7.239861 ], [ 2.203194, 7.239583 ], [ 2.203194, 7.239306 ], [ 2.203194, 7.239028 ], [ 2.203194, 7.23875 ], [ 2.203194, 7.238472 ], [ 2.203472, 7.238194 ], [ 2.20375, 7.238194 ], [ 2.204028, 7.238194 ], [ 2.204306, 7.238194 ], [ 2.204583, 7.238194 ], [ 2.204861, 7.237917 ], [ 2.205139, 7.237639 ], [ 2.205417, 7.237361 ], [ 2.205694, 7.237083 ], [ 2.205972, 7.237083 ], [ 2.20625, 7.237083 ], [ 2.206528, 7.237083 ], [ 2.206806, 7.237083 ], [ 2.207083, 7.237083 ], [ 2.207361, 7.237083 ], [ 2.207639, 7.237361 ], [ 2.207917, 7.237361 ], [ 2.208194, 7.237083 ], [ 2.208194, 7.236806 ], [ 2.208472, 7.236528 ], [ 2.208472, 7.23625 ], [ 2.20875, 7.235972 ], [ 2.20875, 7.235694 ], [ 2.20875, 7.235417 ], [ 2.208472, 7.235139 ], [ 2.208472, 7.234861 ], [ 2.208472, 7.234583 ], [ 2.20875, 7.234306 ], [ 2.209028, 7.234028 ], [ 2.209306, 7.234028 ], [ 2.209583, 7.234028 ], [ 2.209861, 7.23375 ], [ 2.210139, 7.233472 ], [ 2.210417, 7.233194 ], [ 2.210417, 7.232917 ], [ 2.210694, 7.232639 ], [ 2.210694, 7.232361 ], [ 2.210417, 7.232083 ], [ 2.210417, 7.231806 ], [ 2.210417, 7.231528 ], [ 2.210417, 7.23125 ], [ 2.210417, 7.230972 ], [ 2.210417, 7.230694 ], [ 2.210417, 7.230417 ], [ 2.210417, 7.230139 ], [ 2.210139, 7.230139 ], [ 2.209861, 7.229861 ], [ 2.209861, 7.229583 ], [ 2.209861, 7.229306 ], [ 2.209583, 7.229028 ], [ 2.209583, 7.22875 ], [ 2.209583, 7.228472 ], [ 2.209583, 7.228194 ], [ 2.209583, 7.227917 ], [ 2.209583, 7.227639 ], [ 2.209583, 7.227361 ], [ 2.209583, 7.227083 ], [ 2.209861, 7.226806 ] ] } },
{ "type": "Feature", "properties": { "strahler_order": 1, "longueur_km": 3.5546613738938224 }, "geometry": { "type": "LineString", "coordinates": [ [ 2.149028, 7.243194 ], [ 2.149306, 7.242917 ], [ 2.149583, 7.242639 ], [ 2.149861, 7.242361 ], [ 2.149861, 7.242083 ], [ 2.150139, 7.242083 ], [ 2.150417, 7.242083 ], [ 2.150694, 7.242083 ], [ 2.150972, 7.242083 ], [ 2.15125, 7.242083 ], [ 2.151528, 7.241806 ], [ 2.151806, 7.241528 ], [ 2.152083, 7.241528 ], [ 2.152361, 7.241528 ], [ 2.152639, 7.241528 ], [ 2.152917, 7.241528 ], [ 2.153194, 7.24125 ], [ 2.153194, 7.240972 ], [ 2.153194, 7.240694 ], [ 2.152917, 7.240417 ], [ 2.152917, 7.240139 ], [ 2.153194, 7.239861 ], [ 2.153194, 7.239583 ], [ 2.153194, 7.239306 ], [ 2.153194, 7.239028 ], [ 2.153472, 7.23875 ], [ 2.153472, 7.238472 ], [ 2.153472, 7.238194 ], [ 2.153472, 7.237917 ], [ 2.153472, 7.237639 ], [ 2.153472, 7.237361 ], [ 2.15375, 7.237083 ], [ 2.154028, 7.236806 ], [ 2.154306, 7.236528 ], [ 2.154583, 7.23625 ], [ 2.154861, 7.235972 ], [ 2.155139, 7.235972 ], [ 2.155417, 7.235694 ], [ 2.155139, 7.235417 ], [ 2.154861, 7.235139 ], [ 2.154583, 7.234861 ], [ 2.154306, 7.234583 ], [ 2.154028, 7.234306 ], [ 2.154028, 7.234028 ], [ 2.154028, 7.23375 ], [ 2.154028, 7.233472 ], [ 2.154028, 7.233194 ], [ 2.154028, 7.232917 ], [ 2.15375, 7.232639 ], [ 2.15375, 7.232361 ], [ 2.15375, 7.232083 ], [ 2.15375, 7.231806 ], [ 2.15375, 7.231528 ], [ 2.153472, 7.23125 ], [ 2.153472, 7.230972 ], [ 2.153194, 7.230694 ], [ 2.153472, 7.230417 ], [ 2.15375, 7.230139 ], [ 2.154028, 7.229861 ], [ 2.154306, 7.229583 ], [ 2.154583, 7.229306 ], [ 2.154861, 7.229028 ], [ 2.154861, 7.22875 ], [ 2.154861, 7.228472 ], [ 2.154861, 7.228194 ], [ 2.154861, 7.227917 ], [ 2.154861, 7.227639 ], [ 2.154861, 7.227361 ], [ 2.154861, 7.227083 ], [ 2.155139, 7.226806 ], [ 2.155417, 7.226528 ], [ 2.155694, 7.22625 ], [ 2.155972, 7.225972 ], [ 2.155972, 7.225694 ], [ 2.155972, 7.225417 ], [ 2.155972, 7.225139 ], [ 2.155694, 7.225139 ], [ 2.155417, 7.225139 ], [ 2.155417, 7.224861 ], [ 2.155139, 7.224583 ], [ 2.154861, 7.224306 ], [ 2.154861, 7.224028 ], [ 2.154861, 7.22375 ], [ 2.155139, 7.223472 ], [ 2.155139, 7.223194 ], [ 2.155139, 7.222917 ], [ 2.155139, 7.222639 ], [ 2.155417, 7.222361 ], [ 2.155694, 7.222083 ], [ 2.155972, 7.222083 ], [ 2.15625, 7.221806 ], [ 2.156528, 7.221806 ], [ 2.156806, 7.221528 ], [ 2.157083, 7.22125 ], [ 2.157361, 7.22125 ], [ 2.157639, 7.220972 ], [ 2.157917, 7.220972 ], [ 2.158194, 7.220972 ], [ 2.158472, 7.220694 ] ] } },
{ "type": "Feature", "properties": { "strahler_order": 1, "longueur_km": 1.4435333482755883 }, "geometry": { "type": "LineString", "coordinates": [ [ 2.094583, 7.242917 ], [ 2.094583, 7.242639 ], [ 2.094861, 7.242361 ], [ 2.094861, 7.242083 ], [ 2.094861, 7.241806 ], [ 2.095139, 7.241528 ], [ 2.095417, 7.24125 ], [ 2.095694, 7.240972 ], [ 2.095694, 7.240694 ], [ 2.095694, 7.240417 ], [ 2.095972, 7.240139 ], [ 2.09625, 7.239861 ], [ 2.096528, 7.239583 ], [ 2.096806, 7.239583 ], [ 2.097083, 7.239861 ], [ 2.097361, 7.239861 ], [ 2.097639, 7.240139 ], [ 2.097917, 7.240139 ], [ 2.098194, 7.240139 ], [ 2.098472, 7.240417 ], [ 2.09875, 7.240694 ], [ 2.099028, 7.240694 ], [ 2.099306, 7.240694 ], [ 2.099583, 7.240694 ], [ 2.099861, 7.240972 ], [ 2.100139, 7.240972 ], [ 2.100417, 7.240972 ], [ 2.100694, 7.240694 ], [ 2.100972, 7.240417 ], [ 2.10125, 7.240139 ], [ 2.101528, 7.239861 ], [ 2.101806, 7.239861 ], [ 2.102083, 7.239861 ], [ 2.102361, 7.239861 ], [ 2.102639, 7.239861 ], [ 2.102917, 7.239861 ], [ 2.103194, 7.239861 ], [ 2.103472, 7.240139 ], [ 2.10375, 7.240139 ], [ 2.104028, 7.240139 ], [ 2.104306, 7.240139 ] ] } },
{ "type": "Feature", "properties": { "strahler_order": 1, "longueur_km": 0.20420701082974535 }, "geometry": { "type": "LineString", "coordinates": [ [ 2.104306, 7.240139 ], [ 2.104583, 7.239861 ], [ 2.104861, 7.239583 ], [ 2.105139, 7.239306 ], [ 2.105417, 7.239306 ], [ 2.105694, 7.239028 ] ] } },
{ "type": "Feature", "properties": { "strahler_order": 1, "longueur_km": 4.1439088759904026 }, "geometry": { "type": "LineString", "coordinates": [ [ 2.105694, 7.239028 ], [ 2.105972, 7.23875 ], [ 2.10625, 7.238472 ], [ 2.106528, 7.238194 ], [ 2.106528, 7.237917 ], [ 2.106806, 7.237639 ], [ 2.107083, 7.237361 ], [ 2.107361, 7.237083 ], [ 2.107639, 7.236806 ], [ 2.107917, 7.236528 ], [ 2.108194, 7.23625 ], [ 2.108472, 7.23625 ], [ 2.10875, 7.235972 ], [ 2.109028, 7.235694 ], [ 2.109306, 7.235417 ], [ 2.109306, 7.235139 ], [ 2.109583, 7.234861 ], [ 2.109583, 7.234583 ], [ 2.109583, 7.234306 ], [ 2.109861, 7.234028 ], [ 2.109861, 7.23375 ], [ 2.109861, 7.233472 ], [ 2.109861, 7.233194 ], [ 2.109861, 7.232917 ], [ 2.110139, 7.232639 ], [ 2.110417, 7.232639 ], [ 2.110694, 7.232361 ], [ 2.110972, 7.232083 ], [ 2.11125, 7.231806 ], [ 2.11125, 7.231528 ], [ 2.11125, 7.23125 ], [ 2.11125, 7.230972 ], [ 2.11125, 7.230694 ], [ 2.111528, 7.230417 ], [ 2.111806, 7.230139 ], [ 2.112083, 7.229861 ], [ 2.112361, 7.229583 ], [ 2.112639, 7.229306 ], [ 2.112917, 7.229306 ], [ 2.113194, 7.229306 ], [ 2.113472, 7.229028 ], [ 2.113472, 7.22875 ], [ 2.11375, 7.228472 ], [ 2.11375, 7.228194 ], [ 2.114028, 7.227917 ], [ 2.114306, 7.227639 ], [ 2.114583, 7.227361 ], [ 2.114861, 7.227361 ], [ 2.115139, 7.227361 ], [ 2.115417, 7.227361 ], [ 2.115694, 7.227361 ], [ 2.115972, 7.227361 ], [ 2.11625, 7.227083 ], [ 2.116528, 7.227083 ], [ 2.116528, 7.226806 ], [ 2.116806, 7.226528 ], [ 2.117083, 7.22625 ], [ 2.117083, 7.225972 ], [ 2.117361, 7.225694 ], [ 2.117639, 7.225417 ], [ 2.117917, 7.225139 ], [ 2.118194, 7.225139 ], [ 2.118472, 7.225139 ], [ 2.11875, 7.224861 ], [ 2.119028, 7.224861 ], [ 2.119306, 7.224583 ], [ 2.119583, 7.224583 ], [ 2.119861, 7.224583 ], [ 2.120139, 7.224583 ], [ 2.120417, 7.224583 ], [ 2.120694, 7.224861 ], [ 2.120694, 7.225139 ], [ 2.120972, 7.225417 ], [ 2.12125, 7.225417 ], [ 2.121528, 7.225694 ], [ 2.121806, 7.225694 ], [ 2.122083, 7.225694 ], [ 2.122361, 7.225417 ], [ 2.122361, 7.225139 ], [ 2.122639, 7.224861 ], [ 2.122917, 7.224583 ], [ 2.123194, 7.224306 ], [ 2.123194, 7.224028 ], [ 2.123472, 7.22375 ], [ 2.12375, 7.223472 ], [ 2.124028, 7.223194 ], [ 2.124306, 7.222917 ], [ 2.124306, 7.222639 ], [ 2.124583, 7.222361 ], [ 2.124583, 7.222083 ], [ 2.124861, 7.221806 ], [ 2.125139, 7.221528 ], [ 2.125417, 7.22125 ], [ 2.125694, 7.22125 ], [ 2.125972, 7.22125 ], [ 2.12625, 7.22125 ], [ 2.126528, 7.22125 ], [ 2.126806, 7.22125 ], [ 2.127083, 7.220972 ], [ 2.127361, 7.220694 ], [ 2.127639, 7.220417 ], [ 2.127917, 7.220139 ], [ 2.128194, 7.220417 ], [ 2.128472, 7.220694 ], [ 2.128472, 7.220972 ], [ 2.128472, 7.22125 ], [ 2.128472, 7.221528 ], [ 2.12875, 7.221806 ], [ 2.129028, 7.221806 ], [ 2.129306, 7.221806 ], [ 2.129583, 7.221806 ], [ 2.129861, 7.221806 ] ] } },
{ "type": "Feature", "properties": { "strahler_order": 1, "longueur_km": 0.72811249177005632 }, "geometry": { "type": "LineString", "coordinates": [ [ 2.207361, 7.242917 ], [ 2.207083, 7.242639 ], [ 2.207083, 7.242361 ], [ 2.207083, 7.242083 ], [ 2.207083, 7.241806 ], [ 2.207083, 7.241528 ], [ 2.207083, 7.24125 ], [ 2.206806, 7.240972 ], [ 2.206806, 7.240694 ], [ 2.207083, 7.240417 ], [ 2.207361, 7.240417 ], [ 2.207639, 7.240417 ], [ 2.207917, 7.240694 ], [ 2.208194, 7.240694 ], [ 2.208472, 7.240972 ], [ 2.20875, 7.240694 ], [ 2.209028, 7.240417 ], [ 2.209306, 7.240139 ], [ 2.209306, 7.239861 ], [ 2.209306, 7.239583 ], [ 2.209583, 7.239306 ] ] } },
{ "type": "Feature", "properties": { "strahler_order": 1, "longueur_km": 1.2670484904216008 }, "geometry": { "type": "LineString", "coordinates": [ [ 2.209583, 7.239306 ], [ 2.209861, 7.239028 ], [ 2.210139, 7.23875 ], [ 2.210417, 7.238472 ], [ 2.210694, 7.238472 ], [ 2.210972, 7.23875 ], [ 2.21125, 7.239028 ], [ 2.211528, 7.239306 ], [ 2.211806, 7.239306 ], [ 2.212083, 7.239028 ], [ 2.212361, 7.23875 ], [ 2.212639, 7.238472 ], [ 2.212917, 7.238194 ], [ 2.213194, 7.237917 ], [ 2.213472, 7.237917 ], [ 2.21375, 7.238194 ], [ 2.21375, 7.238472 ], [ 2.21375, 7.23875 ], [ 2.214028, 7.239028 ], [ 2.214028, 7.239306 ], [ 2.214028, 7.239583 ], [ 2.214028, 7.239861 ], [ 2.214306, 7.240139 ], [ 2.214306, 7.240417 ], [ 2.214583, 7.240694 ], [ 2.214861, 7.240972 ], [ 2.215139, 7.240972 ], [ 2.215417, 7.24125 ], [ 2.215694, 7.241528 ], [ 2.215972, 7.241528 ], [ 2.21625, 7.241528 ], [ 2.216528, 7.241806 ], [ 2.216806, 7.241806 ], [ 2.217083, 7.242083 ] ] } },
{ "type": "Feature", "properties": { "strahler_order": 1, "longueur_km": 0.56468201059998946 }, "geometry": { "type": "LineString", "coordinates": [ [ 2.217083, 7.242083 ], [ 2.217361, 7.241806 ], [ 2.217639, 7.241806 ], [ 2.217917, 7.241806 ], [ 2.218194, 7.241806 ], [ 2.218472, 7.241806 ], [ 2.21875, 7.241806 ], [ 2.219028, 7.241806 ], [ 2.219306, 7.241806 ], [ 2.219583, 7.241806 ], [ 2.219861, 7.241806 ], [ 2.220139, 7.241806 ], [ 2.220417, 7.241806 ], [ 2.220694, 7.241806 ], [ 2.220972, 7.241806 ], [ 2.22125, 7.241806 ], [ 2.221528, 7.241806 ], [ 2.221806, 7.241806 ], [ 2.222083, 7.241806 ] ] } },
{ "type": "Feature", "properties": { "strahler_order": 1, "longueur_km": 1.2285361968481143 }, "geometry": { "type": "LineString", "coordinates": [ [ 2.049583, 7.242361 ], [ 2.049861, 7.242639 ], [ 2.050139, 7.242917 ], [ 2.050417, 7.243194 ], [ 2.050694, 7.243472 ], [ 2.050972, 7.243472 ], [ 2.05125, 7.243472 ], [ 2.051528, 7.243472 ], [ 2.051806, 7.243472 ], [ 2.052083, 7.24375 ], [ 2.052083, 7.244028 ], [ 2.052361, 7.244028 ], [ 2.052639, 7.244306 ], [ 2.052917, 7.244583 ], [ 2.053194, 7.244861 ], [ 2.053472, 7.245139 ], [ 2.05375, 7.245417 ], [ 2.054028, 7.245694 ], [ 2.054306, 7.245694 ], [ 2.054583, 7.245694 ], [ 2.054861, 7.245694 ], [ 2.055139, 7.245694 ], [ 2.055417, 7.245694 ], [ 2.055694, 7.245694 ], [ 2.055972, 7.245694 ], [ 2.05625, 7.245694 ], [ 2.056528, 7.245417 ], [ 2.056806, 7.245139 ], [ 2.057083, 7.244861 ], [ 2.057361, 7.245139 ], [ 2.057639, 7.245417 ], [ 2.057917, 7.245694 ], [ 2.058194, 7.245694 ], [ 2.058472, 7.245694 ] ] } },
{ "type": "Feature", "properties": { "strahler_order": 1, "longueur_km": 0.73850216877079888 }, "geometry": { "type": "LineString", "coordinates": [ [ 2.058472, 7.245694 ], [ 2.05875, 7.245694 ], [ 2.059028, 7.245694 ], [ 2.059306, 7.245694 ], [ 2.059583, 7.245694 ], [ 2.059861, 7.245694 ], [ 2.060139, 7.245694 ], [ 2.060417, 7.245694 ], [ 2.060694, 7.245694 ], [ 2.060972, 7.245417 ], [ 2.060972, 7.245139 ], [ 2.06125, 7.244861 ], [ 2.06125, 7.244583 ], [ 2.06125, 7.244306 ], [ 2.061528, 7.244028 ], [ 2.061806, 7.24375 ], [ 2.062083, 7.243472 ], [ 2.062361, 7.243472 ], [ 2.062639, 7.243472 ], [ 2.062917, 7.243472 ], [ 2.063194, 7.243472 ], [ 2.063472, 7.243472 ], [ 2.06375, 7.243472 ] ] } },
{ "type": "Feature", "properties": { "strahler_order": 1, "longueur_km": 2.13080395079895 }, "geometry": { "type": "LineString", "coordinates": [ [ 2.06375, 7.243472 ], [ 2.064028, 7.243194 ], [ 2.064306, 7.242917 ], [ 2.064583, 7.242639 ], [ 2.064861, 7.242639 ], [ 2.065139, 7.242639 ], [ 2.065417, 7.242361 ], [ 2.065694, 7.242083 ], [ 2.065972, 7.241806 ], [ 2.06625, 7.241806 ], [ 2.066528, 7.241806 ], [ 2.066806, 7.241806 ], [ 2.067083, 7.241806 ], [ 2.067361, 7.241528 ], [ 2.067639, 7.24125 ], [ 2.067917, 7.240972 ], [ 2.067917, 7.240694 ], [ 2.068194, 7.240417 ], [ 2.068472, 7.240139 ], [ 2.06875, 7.239861 ], [ 2.069028, 7.239583 ], [ 2.069028, 7.239306 ], [ 2.069306, 7.239028 ], [ 2.069306, 7.23875 ], [ 2.069306, 7.238472 ], [ 2.069028, 7.238194 ], [ 2.069028, 7.237917 ], [ 2.069028, 7.237639 ], [ 2.06875, 7.237639 ], [ 2.068472, 7.237639 ], [ 2.068194, 7.237639 ], [ 2.067917, 7.237361 ], [ 2.067639, 7.237083 ], [ 2.067361, 7.236806 ], [ 2.067083, 7.236528 ], [ 2.066806, 7.23625 ], [ 2.066806, 7.235972 ], [ 2.066528, 7.235694 ], [ 2.066528, 7.235417 ], [ 2.066528, 7.235139 ], [ 2.066528, 7.234861 ], [ 2.066528, 7.234583 ], [ 2.066806, 7.234306 ], [ 2.067083, 7.234028 ], [ 2.067361, 7.234028 ], [ 2.067639, 7.234028 ], [ 2.067917, 7.23375 ], [ 2.067917, 7.233472 ], [ 2.067639, 7.233194 ], [ 2.067917, 7.232917 ], [ 2.068194, 7.232639 ], [ 2.068472, 7.232361 ], [ 2.06875, 7.232361 ], [ 2.069028, 7.232361 ], [ 2.069306, 7.232083 ], [ 2.069306, 7.231806 ], [ 2.069583, 7.231528 ], [ 2.069583, 7.23125 ] ] } },
{ "type": "Feature", "properties": { "strahler_order": 1, "longueur_km": 0.54413099274152454 }, "geometry": { "type": "LineString", "coordinates": [ [ 1.999028, 7.241528 ], [ 1.99875, 7.24125 ], [ 1.998472, 7.240972 ], [ 1.998194, 7.240694 ], [ 1.997917, 7.240694 ], [ 1.997639, 7.240417 ], [ 1.997361, 7.240139 ], [ 1.997083, 7.239861 ], [ 1.996806, 7.239583 ], [ 1.996806, 7.239306 ], [ 1.996806, 7.239028 ], [ 1.996528, 7.23875 ], [ 1.996528, 7.238472 ], [ 1.996528, 7.238194 ], [ 1.99625, 7.237917 ] ] } },
{ "type": "Feature", "properties": { "strahler_order": 1, "longueur_km": 4.2328878711328093 }, "geometry": { "type": "LineString", "coordinates": [ [ 2.07375, 7.240694 ], [ 2.074028, 7.240417 ], [ 2.074306, 7.240139 ], [ 2.074306, 7.239861 ], [ 2.074583, 7.239583 ], [ 2.074861, 7.239306 ], [ 2.075139, 7.239306 ], [ 2.075417, 7.239583 ], [ 2.075694, 7.239583 ], [ 2.075972, 7.239583 ], [ 2.07625, 7.239583 ], [ 2.076528, 7.239861 ], [ 2.076806, 7.240139 ], [ 2.077083, 7.239861 ], [ 2.077361, 7.239583 ], [ 2.077639, 7.239306 ], [ 2.077917, 7.239306 ], [ 2.078194, 7.239306 ], [ 2.078472, 7.239583 ], [ 2.07875, 7.239583 ], [ 2.079028, 7.239583 ], [ 2.079306, 7.239583 ], [ 2.079583, 7.239306 ], [ 2.079861, 7.239028 ], [ 2.080139, 7.239028 ], [ 2.080417, 7.239028 ], [ 2.080694, 7.23875 ], [ 2.080972, 7.238472 ], [ 2.08125, 7.238194 ], [ 2.081528, 7.237917 ], [ 2.081806, 7.237639 ], [ 2.082083, 7.237361 ], [ 2.082361, 7.237361 ], [ 2.082639, 7.237361 ], [ 2.082917, 7.237083 ], [ 2.082917, 7.236806 ], [ 2.083194, 7.236528 ], [ 2.083472, 7.23625 ], [ 2.08375, 7.235972 ], [ 2.084028, 7.235972 ], [ 2.084306, 7.235972 ], [ 2.084583, 7.235694 ], [ 2.084583, 7.235417 ], [ 2.084583, 7.235139 ], [ 2.084861, 7.234861 ], [ 2.085139, 7.234583 ], [ 2.085417, 7.234306 ], [ 2.085694, 7.234028 ], [ 2.085972, 7.234028 ], [ 2.08625, 7.234306 ], [ 2.086528, 7.234306 ], [ 2.086806, 7.234028 ], [ 2.086806, 7.23375 ], [ 2.087083, 7.233472 ], [ 2.087361, 7.233194 ], [ 2.087639, 7.232917 ], [ 2.087639, 7.232639 ], [ 2.087917, 7.232361 ], [ 2.088194, 7.232083 ], [ 2.088472, 7.231806 ], [ 2.08875, 7.231528 ], [ 2.089028, 7.23125 ], [ 2.089306, 7.230972 ], [ 2.089583, 7.23125 ], [ 2.089861, 7.230972 ], [ 2.090139, 7.230694 ], [ 2.090139, 7.230417 ], [ 2.090139, 7.230139 ], [ 2.090417, 7.229861 ], [ 2.090417, 7.229583 ], [ 2.090694, 7.229306 ], [ 2.090972, 7.229028 ], [ 2.09125, 7.22875 ], [ 2.091528, 7.228472 ], [ 2.091806, 7.228194 ], [ 2.092083, 7.227917 ], [ 2.092361, 7.227639 ], [ 2.092639, 7.227361 ], [ 2.092639, 7.227083 ], [ 2.092639, 7.226806 ], [ 2.092639, 7.226528 ], [ 2.092639, 7.22625 ], [ 2.092917, 7.22625 ], [ 2.093194, 7.22625 ], [ 2.093472, 7.225972 ], [ 2.093472, 7.225694 ], [ 2.09375, 7.225417 ], [ 2.094028, 7.225139 ], [ 2.094028, 7.224861 ], [ 2.094028, 7.224583 ], [ 2.094028, 7.224306 ], [ 2.094028, 7.224028 ], [ 2.094306, 7.22375 ], [ 2.094583, 7.223472 ], [ 2.094861, 7.223194 ], [ 2.095139, 7.222917 ], [ 2.095139, 7.222639 ], [ 2.094861, 7.222361 ], [ 2.094861, 7.222083 ], [ 2.094861, 7.221806 ], [ 2.094861, 7.221528 ], [ 2.094861, 7.22125 ], [ 2.094861, 7.220972 ], [ 2.094583, 7.220694 ], [ 2.094306, 7.220417 ], [ 2.094583, 7.220139 ], [ 2.094861, 7.219861 ], [ 2.094861, 7.219583 ], [ 2.094861, 7.219306 ], [ 2.094583, 7.219028 ], [ 2.094306, 7.21875 ], [ 2.094306, 7.218472 ] ] } },
{ "type": "Feature", "properties": { "strahler_order": 1, "longueur_km": 0.24004837781393515 }, "geometry": { "type": "LineString", "coordinates": [ [ 1.98875, 7.240417 ], [ 1.988472, 7.240694 ], [ 1.988194, 7.240694 ], [ 1.987917, 7.240694 ], [ 1.987639, 7.240694 ], [ 1.987361, 7.240972 ], [ 1.987083, 7.240972 ], [ 1.986806, 7.240972 ] ] } },
{ "type": "Feature", "properties": { "strahler_order": 1, "longueur_km": 3.1167709304832902 }, "geometry": { "type": "LineString", "coordinates": [ [ 2.052361, 7.239861 ], [ 2.052639, 7.240139 ], [ 2.052917, 7.240417 ], [ 2.053194, 7.240417 ], [ 2.053472, 7.240694 ], [ 2.05375, 7.240972 ], [ 2.054028, 7.240972 ], [ 2.054306, 7.240694 ], [ 2.054583, 7.240417 ], [ 2.054861, 7.240417 ], [ 2.055139, 7.240417 ], [ 2.055417, 7.240694 ], [ 2.055694, 7.240972 ], [ 2.055972, 7.24125 ], [ 2.05625, 7.241528 ], [ 2.056528, 7.241806 ], [ 2.056806, 7.242083 ], [ 2.057083, 7.242083 ], [ 2.057361, 7.242083 ], [ 2.057639, 7.242083 ], [ 2.057917, 7.242083 ], [ 2.058194, 7.242083 ], [ 2.058472, 7.242083 ], [ 2.05875, 7.242083 ], [ 2.05875, 7.241806 ], [ 2.05875, 7.241528 ], [ 2.05875, 7.24125 ], [ 2.05875, 7.240972 ], [ 2.05875, 7.240694 ], [ 2.058472, 7.240417 ], [ 2.05875, 7.240139 ], [ 2.059028, 7.239861 ], [ 2.059306, 7.239583 ], [ 2.059583, 7.239306 ], [ 2.059861, 7.239028 ], [ 2.060139, 7.23875 ], [ 2.060417, 7.23875 ], [ 2.060694, 7.23875 ], [ 2.060972, 7.23875 ], [ 2.06125, 7.23875 ], [ 2.061528, 7.239028 ], [ 2.061806, 7.239306 ], [ 2.062083, 7.239306 ], [ 2.062361, 7.239028 ], [ 2.062361, 7.23875 ], [ 2.062639, 7.23875 ], [ 2.062917, 7.23875 ], [ 2.063194, 7.238472 ], [ 2.063472, 7.238472 ], [ 2.06375, 7.238194 ], [ 2.064028, 7.237917 ], [ 2.064306, 7.237639 ], [ 2.064583, 7.237361 ], [ 2.064861, 7.237361 ], [ 2.064861, 7.237083 ], [ 2.064583, 7.236806 ], [ 2.064583, 7.236528 ], [ 2.064583, 7.23625 ], [ 2.064306, 7.235972 ], [ 2.064306, 7.235694 ], [ 2.064306, 7.235417 ], [ 2.064306, 7.235139 ], [ 2.064306, 7.234861 ], [ 2.064028, 7.234583 ], [ 2.064028, 7.234306 ], [ 2.064028, 7.234028 ], [ 2.064306, 7.23375 ], [ 2.064583, 7.233472 ], [ 2.064861, 7.233194 ], [ 2.065139, 7.232917 ], [ 2.065417, 7.232639 ], [ 2.065694, 7.232361 ], [ 2.065972, 7.232083 ], [ 2.06625, 7.232083 ], [ 2.066528, 7.231806 ], [ 2.066806, 7.231806 ], [ 2.067083, 7.231806 ], [ 2.067361, 7.231806 ], [ 2.067639, 7.231528 ], [ 2.067917, 7.231528 ], [ 2.068194, 7.231528 ], [ 2.068472, 7.231528 ], [ 2.06875, 7.231528 ], [ 2.069028, 7.231528 ], [ 2.069306, 7.231528 ], [ 2.069583, 7.23125 ] ] } },
{ "type": "Feature", "properties": { "strahler_order": 1, "longueur_km": 0.67757142486115574 }, "geometry": { "type": "LineString", "coordinates": [ [ 2.069583, 7.23125 ], [ 2.069583, 7.230972 ], [ 2.069583, 7.230694 ], [ 2.069583, 7.230417 ], [ 2.069583, 7.230139 ], [ 2.069583, 7.229861 ], [ 2.069583, 7.229583 ], [ 2.069583, 7.229306 ], [ 2.069583, 7.229028 ], [ 2.069583, 7.22875 ], [ 2.069861, 7.228472 ], [ 2.070139, 7.228194 ], [ 2.070417, 7.228194 ], [ 2.070694, 7.228472 ], [ 2.070972, 7.22875 ], [ 2.07125, 7.22875 ], [ 2.071528, 7.22875 ], [ 2.071806, 7.22875 ], [ 2.072083, 7.22875 ], [ 2.072361, 7.22875 ], [ 2.072639, 7.229028 ] ] } },
{ "type": "Feature", "properties": { "strahler_order": 1, "longueur_km": 0.32703170082740496 }, "geometry": { "type": "LineString", "coordinates": [ [ 2.124583, 7.238194 ], [ 2.124583, 7.237917 ], [ 2.124861, 7.237639 ], [ 2.124861, 7.237361 ], [ 2.125139, 7.237361 ], [ 2.125417, 7.237083 ], [ 2.125694, 7.236806 ], [ 2.125972, 7.236806 ], [ 2.12625, 7.236806 ], [ 2.126528, 7.236528 ] ] } },
{ "type": "Feature", "properties": { "strahler_order": 1, "longueur_km": 2.6234553780417653 }, "geometry": { "type": "LineString", "coordinates": [ [ 2.126528, 7.236528 ], [ 2.126806, 7.23625 ], [ 2.127083, 7.235972 ], [ 2.127361, 7.235694 ], [ 2.127361, 7.235417 ], [ 2.127639, 7.235139 ], [ 2.127917, 7.234861 ], [ 2.128194, 7.234583 ], [ 2.128472, 7.234583 ], [ 2.12875, 7.234583 ], [ 2.129028, 7.234583 ], [ 2.129306, 7.234583 ], [ 2.129583, 7.234306 ], [ 2.129861, 7.234028 ], [ 2.130139, 7.23375 ], [ 2.130417, 7.233472 ], [ 2.130694, 7.233194 ], [ 2.130694, 7.232917 ], [ 2.130694, 7.232639 ], [ 2.130972, 7.232361 ], [ 2.13125, 7.232361 ], [ 2.131528, 7.232083 ], [ 2.131806, 7.231806 ], [ 2.131806, 7.231528 ], [ 2.132083, 7.231528 ], [ 2.132361, 7.23125 ], [ 2.132639, 7.230972 ], [ 2.132639, 7.230694 ], [ 2.132917, 7.230417 ], [ 2.133194, 7.230417 ], [ 2.133472, 7.230417 ], [ 2.13375, 7.230694 ], [ 2.134028, 7.230972 ], [ 2.134306, 7.23125 ], [ 2.134583, 7.23125 ], [ 2.134861, 7.23125 ], [ 2.135139, 7.231528 ], [ 2.135417, 7.231806 ], [ 2.135694, 7.231806 ], [ 2.135972, 7.231806 ], [ 2.13625, 7.232083 ], [ 2.136528, 7.231806 ], [ 2.136806, 7.231806 ], [ 2.137083, 7.231528 ], [ 2.137361, 7.23125 ], [ 2.137639, 7.230972 ], [ 2.137917, 7.230972 ], [ 2.138194, 7.230694 ], [ 2.138472, 7.230417 ], [ 2.138472, 7.230139 ], [ 2.138472, 7.229861 ], [ 2.13875, 7.229583 ], [ 2.139028, 7.229583 ], [ 2.139306, 7.229583 ], [ 2.139583, 7.229861 ], [ 2.139861, 7.229861 ], [ 2.140139, 7.229861 ], [ 2.140417, 7.229861 ], [ 2.140694, 7.230139 ], [ 2.140972, 7.230139 ], [ 2.14125, 7.230139 ], [ 2.141528, 7.230139 ], [ 2.141806, 7.230139 ], [ 2.142083, 7.230139 ], [ 2.142361, 7.230139 ], [ 2.142639, 7.229861 ], [ 2.142917, 7.229861 ], [ 2.143194, 7.229583 ], [ 2.143472, 7.229583 ], [ 2.14375, 7.229583 ], [ 2.144028, 7.229583 ], [ 2.144306, 7.229306 ] ] } },
{ "type": "Feature", "properties": { "strahler_order": 1, "longueur_km": 0.68981626202424884 }, "geometry": { "type": "LineString", "coordinates": [ [ 2.001806, 7.237917 ], [ 2.001528, 7.237639 ], [ 2.00125, 7.237639 ], [ 2.000972, 7.237639 ], [ 2.000694, 7.237639 ], [ 2.000417, 7.237361 ], [ 2.000139, 7.237361 ], [ 1.999861, 7.237361 ], [ 1.999583, 7.237361 ], [ 1.999306, 7.237639 ], [ 1.999028, 7.237917 ], [ 1.99875, 7.238194 ], [ 1.998472, 7.238194 ], [ 1.998194, 7.237917 ], [ 1.997917, 7.237917 ], [ 1.997639, 7.237917 ], [ 1.997361, 7.237917 ], [ 1.997083, 7.237917 ], [ 1.996806, 7.237917 ], [ 1.996528, 7.237917 ], [ 1.99625, 7.237917 ] ] } },
{ "type": "Feature", "properties": { "strahler_order": 1, "longueur_km": 0.32695871200319448 }, "geometry": { "type": "LineString", "coordinates": [ [ 1.99625, 7.237917 ], [ 1.995972, 7.237917 ], [ 1.995694, 7.237917 ], [ 1.995417, 7.237639 ], [ 1.995139, 7.237361 ], [ 1.994861, 7.237083 ], [ 1.994583, 7.236806 ], [ 1.994306, 7.236806 ], [ 1.994028, 7.236806 ], [ 1.99375, 7.236806 ] ] } },
{ "type": "Feature", "properties": { "strahler_order": 1, "longueur_km": 0.75371155967773851 }, "geometry": { "type": "LineString", "coordinates": [ [ 2.020139, 7.237917 ], [ 2.020417, 7.237639 ], [ 2.020694, 7.237361 ], [ 2.020972, 7.237361 ], [ 2.02125, 7.237639 ], [ 2.021528, 7.237917 ], [ 2.021806, 7.238194 ], [ 2.021806, 7.238472 ], [ 2.022083, 7.23875 ], [ 2.022361, 7.239028 ], [ 2.022361, 7.239306 ], [ 2.022361, 7.239583 ], [ 2.022361, 7.239861 ], [ 2.022639, 7.240139 ], [ 2.022917, 7.240139 ], [ 2.023194, 7.240139 ], [ 2.023472, 7.240417 ], [ 2.02375, 7.240417 ], [ 2.02375, 7.240694 ], [ 2.024028, 7.240972 ], [ 2.024306, 7.24125 ] ] } },
{ "type": "Feature", "properties": { "strahler_order": 1, "longueur_km": 0.53658075695513874 }, "geometry": { "type": "LineString", "coordinates": [ [ 2.024306, 7.24125 ], [ 2.024583, 7.240972 ], [ 2.024861, 7.240694 ], [ 2.025139, 7.240417 ], [ 2.025139, 7.240139 ], [ 2.025139, 7.239861 ], [ 2.025417, 7.239583 ], [ 2.025694, 7.239583 ], [ 2.025972, 7.239583 ], [ 2.02625, 7.239583 ], [ 2.026528, 7.239583 ], [ 2.026806, 7.239583 ], [ 2.027083, 7.239583 ], [ 2.027361, 7.239583 ], [ 2.027639, 7.239861 ], [ 2.027917, 7.240139 ] ] } },
{ "type": "Feature", "properties": { "strahler_order": 1, "longueur_km": 1.7297632650705621 }, "geometry": { "type": "LineString", "coordinates": [ [ 2.027917, 7.240139 ], [ 2.028194, 7.239861 ], [ 2.028472, 7.239583 ], [ 2.02875, 7.239306 ], [ 2.02875, 7.239028 ], [ 2.02875, 7.23875 ], [ 2.02875, 7.238472 ], [ 2.029028, 7.238194 ], [ 2.029306, 7.237917 ], [ 2.029583, 7.237639 ], [ 2.029861, 7.237639 ], [ 2.030139, 7.237639 ], [ 2.030417, 7.237361 ], [ 2.030694, 7.237083 ], [ 2.030972, 7.236806 ], [ 2.03125, 7.236528 ], [ 2.03125, 7.23625 ], [ 2.03125, 7.235972 ], [ 2.03125, 7.235694 ], [ 2.03125, 7.235417 ], [ 2.03125, 7.235139 ], [ 2.03125, 7.234861 ], [ 2.030972, 7.234583 ], [ 2.030972, 7.234306 ], [ 2.03125, 7.234028 ], [ 2.031528, 7.23375 ], [ 2.031806, 7.23375 ], [ 2.032083, 7.234028 ], [ 2.032361, 7.234028 ], [ 2.032639, 7.234306 ], [ 2.032917, 7.234306 ], [ 2.033194, 7.234028 ], [ 2.033472, 7.23375 ], [ 2.03375, 7.23375 ], [ 2.034028, 7.23375 ], [ 2.034306, 7.23375 ], [ 2.034583, 7.233472 ], [ 2.034861, 7.233194 ], [ 2.035139, 7.232917 ], [ 2.035417, 7.232639 ], [ 2.035694, 7.232639 ], [ 2.035972, 7.232639 ], [ 2.03625, 7.232917 ], [ 2.036528, 7.232917 ], [ 2.036806, 7.232639 ], [ 2.037083, 7.232361 ], [ 2.037361, 7.232083 ] ] } },
{ "type": "Feature", "properties": { "strahler_order": 1, "longueur_km": 1.4816102277514427 }, "geometry": { "type": "LineString", "coordinates": [ [ 2.037361, 7.232083 ], [ 2.037639, 7.231806 ], [ 2.037917, 7.231528 ], [ 2.038194, 7.231528 ], [ 2.038472, 7.23125 ], [ 2.038472, 7.230972 ], [ 2.038472, 7.230694 ], [ 2.03875, 7.230417 ], [ 2.039028, 7.230139 ], [ 2.039306, 7.230139 ], [ 2.039583, 7.229861 ], [ 2.039861, 7.229583 ], [ 2.040139, 7.229306 ], [ 2.040417, 7.229028 ], [ 2.040694, 7.22875 ], [ 2.040972, 7.228472 ], [ 2.040972, 7.228194 ], [ 2.040972, 7.227917 ], [ 2.040972, 7.227639 ], [ 2.04125, 7.227361 ], [ 2.041528, 7.227083 ], [ 2.041806, 7.227083 ], [ 2.042083, 7.227083 ], [ 2.042361, 7.227083 ], [ 2.042639, 7.227361 ], [ 2.042917, 7.227361 ], [ 2.043194, 7.227361 ], [ 2.043472, 7.227361 ], [ 2.04375, 7.227361 ], [ 2.044028, 7.227361 ], [ 2.044306, 7.227361 ], [ 2.044583, 7.227361 ], [ 2.044861, 7.227361 ], [ 2.045139, 7.227083 ], [ 2.045417, 7.226806 ], [ 2.045694, 7.226528 ], [ 2.045972, 7.226528 ], [ 2.04625, 7.226528 ], [ 2.046528, 7.226806 ], [ 2.046806, 7.227083 ], [ 2.047083, 7.227361 ] ] } },
{ "type": "Feature", "properties": { "strahler_order": 1, "longueur_km": 2.4993322565820981 }, "geometry": { "type": "LineString", "coordinates": [ [ 2.120972, 7.237639 ], [ 2.12125, 7.237639 ], [ 2.121528, 7.237639 ], [ 2.121528, 7.237361 ], [ 2.121528, 7.237083 ], [ 2.121528, 7.236806 ], [ 2.121528, 7.236528 ], [ 2.121528, 7.23625 ], [ 2.121806, 7.235972 ], [ 2.121806, 7.235694 ], [ 2.122083, 7.235417 ], [ 2.122361, 7.235139 ], [ 2.122361, 7.234861 ], [ 2.122361, 7.234583 ], [ 2.122361, 7.234306 ], [ 2.122361, 7.234028 ], [ 2.122083, 7.23375 ], [ 2.122083, 7.233472 ], [ 2.122361, 7.233194 ], [ 2.122361, 7.232917 ], [ 2.122639, 7.232639 ], [ 2.122639, 7.232361 ], [ 2.122639, 7.232083 ], [ 2.122639, 7.231806 ], [ 2.122639, 7.231528 ], [ 2.122639, 7.23125 ], [ 2.122639, 7.230972 ], [ 2.122917, 7.230694 ], [ 2.123194, 7.230694 ], [ 2.123472, 7.230694 ], [ 2.12375, 7.230417 ], [ 2.124028, 7.230417 ], [ 2.124306, 7.230139 ], [ 2.124583, 7.229861 ], [ 2.124861, 7.229861 ], [ 2.125139, 7.229583 ], [ 2.125417, 7.229583 ], [ 2.125694, 7.229306 ], [ 2.125972, 7.229028 ], [ 2.12625, 7.22875 ], [ 2.126528, 7.228472 ], [ 2.126806, 7.228194 ], [ 2.126806, 7.227917 ], [ 2.127083, 7.227639 ], [ 2.127361, 7.227361 ], [ 2.127083, 7.227083 ], [ 2.126806, 7.226806 ], [ 2.126528, 7.226528 ], [ 2.12625, 7.22625 ], [ 2.12625, 7.225972 ], [ 2.12625, 7.225694 ], [ 2.12625, 7.225417 ], [ 2.12625, 7.225139 ], [ 2.126528, 7.224861 ], [ 2.126528, 7.224583 ], [ 2.126806, 7.224306 ], [ 2.126806, 7.224028 ], [ 2.126806, 7.22375 ], [ 2.127083, 7.223472 ], [ 2.127361, 7.223194 ], [ 2.127639, 7.222917 ], [ 2.127639, 7.222639 ], [ 2.127917, 7.222639 ], [ 2.128194, 7.222361 ], [ 2.128472, 7.222361 ], [ 2.12875, 7.222083 ], [ 2.129028, 7.222083 ], [ 2.129306, 7.222083 ], [ 2.129583, 7.222083 ], [ 2.129861, 7.221806 ] ] } },
{ "type": "Feature", "properties": { "strahler_order": 1, "longueur_km": 3.2142211791675384 }, "geometry": { "type": "LineString", "coordinates": [ [ 2.129861, 7.221806 ], [ 2.130139, 7.221806 ], [ 2.130417, 7.221806 ], [ 2.130694, 7.221806 ], [ 2.130972, 7.221806 ], [ 2.13125, 7.222083 ], [ 2.131528, 7.222083 ], [ 2.131806, 7.221806 ], [ 2.132083, 7.221528 ], [ 2.132083, 7.22125 ], [ 2.132361, 7.220972 ], [ 2.132639, 7.220694 ], [ 2.132639, 7.220417 ], [ 2.132639, 7.220139 ], [ 2.132639, 7.219861 ], [ 2.132917, 7.219583 ], [ 2.133194, 7.219306 ], [ 2.133194, 7.219028 ], [ 2.133194, 7.21875 ], [ 2.132917, 7.218472 ], [ 2.132917, 7.218194 ], [ 2.132917, 7.217917 ], [ 2.132639, 7.217639 ], [ 2.132639, 7.217361 ], [ 2.132639, 7.217083 ], [ 2.132639, 7.216806 ], [ 2.132917, 7.216528 ], [ 2.133194, 7.21625 ], [ 2.133194, 7.215972 ], [ 2.133194, 7.215694 ], [ 2.132917, 7.215417 ], [ 2.132639, 7.215139 ], [ 2.132639, 7.214861 ], [ 2.132639, 7.214583 ], [ 2.132639, 7.214306 ], [ 2.132361, 7.214028 ], [ 2.132361, 7.21375 ], [ 2.132083, 7.213472 ], [ 2.132083, 7.213194 ], [ 2.132361, 7.212917 ], [ 2.132639, 7.212917 ], [ 2.132917, 7.213194 ], [ 2.133194, 7.213194 ], [ 2.133472, 7.213194 ], [ 2.13375, 7.212917 ], [ 2.134028, 7.212917 ], [ 2.134306, 7.213194 ], [ 2.134583, 7.213194 ], [ 2.134861, 7.213194 ], [ 2.135139, 7.213194 ], [ 2.135417, 7.213194 ], [ 2.135694, 7.213194 ], [ 2.135972, 7.212917 ], [ 2.13625, 7.212639 ], [ 2.136528, 7.212639 ], [ 2.136806, 7.212639 ], [ 2.137083, 7.212639 ], [ 2.137361, 7.212361 ], [ 2.137639, 7.212083 ], [ 2.137917, 7.211806 ], [ 2.138194, 7.211528 ], [ 2.138472, 7.21125 ], [ 2.138194, 7.210972 ], [ 2.138194, 7.210694 ], [ 2.138194, 7.210417 ], [ 2.138194, 7.210139 ], [ 2.138194, 7.209861 ], [ 2.137917, 7.209583 ], [ 2.137917, 7.209306 ], [ 2.137917, 7.209028 ], [ 2.137917, 7.20875 ], [ 2.138194, 7.208472 ], [ 2.138472, 7.208194 ], [ 2.13875, 7.207917 ], [ 2.139028, 7.207639 ], [ 2.139028, 7.207361 ], [ 2.139028, 7.207083 ], [ 2.139028, 7.206806 ], [ 2.139028, 7.206528 ], [ 2.13875, 7.20625 ], [ 2.13875, 7.205972 ], [ 2.139028, 7.205694 ], [ 2.139306, 7.205694 ], [ 2.139583, 7.205694 ], [ 2.139861, 7.205417 ], [ 2.140139, 7.205139 ], [ 2.140417, 7.204861 ], [ 2.140694, 7.204583 ], [ 2.140972, 7.204583 ], [ 2.14125, 7.204583 ] ] } },
{ "type": "Feature", "properties": { "strahler_order": 1, "longueur_km": 0.30911358592436633 }, "geometry": { "type": "LineString", "coordinates": [ [ 2.133472, 7.237639 ], [ 2.13375, 7.237917 ], [ 2.134028, 7.238194 ], [ 2.134306, 7.238472 ], [ 2.134583, 7.23875 ], [ 2.134861, 7.23875 ], [ 2.134861, 7.239028 ], [ 2.134861, 7.239306 ], [ 2.135139, 7.239583 ] ] } },
{ "type": "Feature", "properties": { "strahler_order": 1, "longueur_km": 1.0985882571716119 }, "geometry": { "type": "LineString", "coordinates": [ [ 2.135139, 7.239583 ], [ 2.135417, 7.239583 ], [ 2.135694, 7.239583 ], [ 2.135972, 7.239861 ], [ 2.13625, 7.239861 ], [ 2.136528, 7.239583 ], [ 2.136806, 7.239583 ], [ 2.137083, 7.239583 ], [ 2.137361, 7.239583 ], [ 2.137639, 7.239583 ], [ 2.137917, 7.239861 ], [ 2.138194, 7.240139 ], [ 2.138472, 7.240417 ], [ 2.13875, 7.240139 ], [ 2.13875, 7.239861 ], [ 2.13875, 7.239583 ], [ 2.139028, 7.239306 ], [ 2.139028, 7.239028 ], [ 2.139028, 7.23875 ], [ 2.139306, 7.238472 ], [ 2.139583, 7.238194 ], [ 2.139861, 7.238194 ], [ 2.140139, 7.237917 ], [ 2.140417, 7.238194 ], [ 2.140694, 7.238194 ], [ 2.140972, 7.237917 ], [ 2.14125, 7.237639 ], [ 2.141528, 7.237361 ], [ 2.141528, 7.237083 ], [ 2.141528, 7.236806 ], [ 2.141528, 7.236528 ] ] } },
{ "type": "Feature", "properties": { "strahler_order": 1, "longueur_km": 1.2574272770857822 }, "geometry": { "type": "LineString", "coordinates": [ [ 2.141528, 7.236528 ], [ 2.141528, 7.23625 ], [ 2.141528, 7.235972 ], [ 2.141806, 7.235694 ], [ 2.142083, 7.235417 ], [ 2.142083, 7.235139 ], [ 2.142083, 7.234861 ], [ 2.141806, 7.234583 ], [ 2.141806, 7.234306 ], [ 2.141806, 7.234028 ], [ 2.142083, 7.23375 ], [ 2.142083, 7.233472 ], [ 2.142361, 7.233472 ], [ 2.142639, 7.233472 ], [ 2.142917, 7.233472 ], [ 2.143194, 7.233472 ], [ 2.143472, 7.233472 ], [ 2.14375, 7.233472 ], [ 2.144028, 7.23375 ], [ 2.144306, 7.23375 ], [ 2.144583, 7.23375 ], [ 2.144861, 7.233472 ], [ 2.144861, 7.233194 ], [ 2.144861, 7.232917 ], [ 2.144861, 7.232639 ], [ 2.144583, 7.232361 ], [ 2.144583, 7.232083 ], [ 2.144583, 7.231806 ], [ 2.144583, 7.231528 ], [ 2.144861, 7.23125 ], [ 2.145139, 7.230972 ], [ 2.144861, 7.230694 ], [ 2.144583, 7.230417 ], [ 2.144306, 7.230139 ], [ 2.144306, 7.229861 ], [ 2.144306, 7.229583 ], [ 2.144306, 7.229306 ] ] } },
{ "type": "Feature", "properties": { "strahler_order": 1, "longueur_km": 2.3526989615628833 }, "geometry": { "type": "LineString", "coordinates": [ [ 2.144306, 7.229306 ], [ 2.144583, 7.229028 ], [ 2.144583, 7.22875 ], [ 2.144583, 7.228472 ], [ 2.144583, 7.228194 ], [ 2.144583, 7.227917 ], [ 2.144306, 7.227639 ], [ 2.144028, 7.227361 ], [ 2.144028, 7.227083 ], [ 2.144306, 7.226806 ], [ 2.144306, 7.226528 ], [ 2.144306, 7.22625 ], [ 2.144583, 7.225972 ], [ 2.144583, 7.225694 ], [ 2.144861, 7.225694 ], [ 2.145139, 7.225417 ], [ 2.145417, 7.225139 ], [ 2.145694, 7.224861 ], [ 2.145972, 7.224861 ], [ 2.14625, 7.224861 ], [ 2.146528, 7.224583 ], [ 2.146806, 7.224306 ], [ 2.147083, 7.224028 ], [ 2.147361, 7.22375 ], [ 2.147639, 7.22375 ], [ 2.147917, 7.22375 ], [ 2.148194, 7.224028 ], [ 2.148472, 7.224028 ], [ 2.14875, 7.224028 ], [ 2.149028, 7.22375 ], [ 2.149306, 7.22375 ], [ 2.149583, 7.22375 ], [ 2.149861, 7.22375 ], [ 2.150139, 7.224028 ], [ 2.150417, 7.224306 ], [ 2.150694, 7.224583 ], [ 2.150972, 7.224861 ], [ 2.15125, 7.224861 ], [ 2.151528, 7.224861 ], [ 2.151806, 7.224583 ], [ 2.152083, 7.224306 ], [ 2.152361, 7.224028 ], [ 2.152639, 7.22375 ], [ 2.152917, 7.223472 ], [ 2.153194, 7.223194 ], [ 2.153472, 7.222917 ], [ 2.15375, 7.222639 ], [ 2.154028, 7.222361 ], [ 2.154306, 7.222083 ], [ 2.154583, 7.221806 ], [ 2.154861, 7.221528 ], [ 2.155139, 7.22125 ], [ 2.155417, 7.22125 ], [ 2.155694, 7.22125 ], [ 2.155972, 7.22125 ], [ 2.15625, 7.220972 ], [ 2.156528, 7.220694 ], [ 2.156806, 7.220694 ], [ 2.157083, 7.220694 ], [ 2.157361, 7.220694 ], [ 2.157639, 7.220694 ], [ 2.157917, 7.220694 ], [ 2.158194, 7.220694 ], [ 2.158472, 7.220694 ] ] } },
{ "type": "Feature", "properties": { "strahler_order": 1, "longueur_km": 0.26567506483492087 }, "geometry": { "type": "LineString", "coordinates": [ [ 2.158472, 7.220694 ], [ 2.15875, 7.220417 ], [ 2.159028, 7.220139 ], [ 2.159306, 7.220139 ], [ 2.159583, 7.219861 ], [ 2.159861, 7.219861 ], [ 2.160139, 7.220139 ], [ 2.160417, 7.220139 ] ] } },
{ "type": "Feature", "properties": { "strahler_order": 1, "longueur_km": 1.2770887811691882 }, "geometry": { "type": "LineString", "coordinates": [ [ 2.173194, 7.237361 ], [ 2.173472, 7.237083 ], [ 2.17375, 7.236806 ], [ 2.174028, 7.236806 ], [ 2.174306, 7.236806 ], [ 2.174583, 7.236806 ], [ 2.174861, 7.236528 ], [ 2.175139, 7.23625 ], [ 2.175417, 7.235972 ], [ 2.175417, 7.235694 ], [ 2.175694, 7.235694 ], [ 2.175972, 7.235417 ], [ 2.17625, 7.235417 ], [ 2.176528, 7.235139 ], [ 2.176806, 7.234861 ], [ 2.177083, 7.234861 ], [ 2.177361, 7.235139 ], [ 2.177639, 7.235417 ], [ 2.177917, 7.235417 ], [ 2.178194, 7.235417 ], [ 2.178472, 7.235694 ], [ 2.17875, 7.235694 ], [ 2.179028, 7.235694 ], [ 2.179306, 7.235694 ], [ 2.179583, 7.235417 ], [ 2.179861, 7.235417 ], [ 2.180139, 7.235417 ], [ 2.180417, 7.235694 ], [ 2.180694, 7.235694 ], [ 2.180972, 7.235694 ], [ 2.18125, 7.235972 ], [ 2.181528, 7.23625 ], [ 2.181806, 7.23625 ], [ 2.182083, 7.236528 ], [ 2.182361, 7.236528 ], [ 2.182639, 7.236528 ] ] } },
{ "type": "Feature", "properties": { "strahler_order": 1, "longueur_km": 1.1418796387064012 }, "geometry": { "type": "LineString", "coordinates": [ [ 2.182639, 7.236528 ], [ 2.182917, 7.236528 ], [ 2.183194, 7.23625 ], [ 2.183472, 7.23625 ], [ 2.18375, 7.236528 ], [ 2.184028, 7.236806 ], [ 2.184306, 7.236528 ], [ 2.184583, 7.23625 ], [ 2.184861, 7.235972 ], [ 2.185139, 7.235972 ], [ 2.185417, 7.235694 ], [ 2.185694, 7.235694 ], [ 2.185972, 7.235694 ], [ 2.18625, 7.235694 ], [ 2.186528, 7.235417 ], [ 2.186806, 7.235139 ], [ 2.187083, 7.234861 ], [ 2.187083, 7.234583 ], [ 2.186806, 7.234306 ], [ 2.186806, 7.234028 ], [ 2.186806, 7.23375 ], [ 2.187083, 7.233472 ], [ 2.187361, 7.233472 ], [ 2.187639, 7.23375 ], [ 2.187917, 7.23375 ], [ 2.188194, 7.23375 ], [ 2.188472, 7.233472 ], [ 2.18875, 7.233472 ], [ 2.189028, 7.233472 ], [ 2.189306, 7.233194 ], [ 2.189583, 7.233194 ], [ 2.189861, 7.233194 ] ] } },
{ "type": "Feature", "properties": { "strahler_order": 1, "longueur_km": 0.043438683859614434 }, "geometry": { "type": "LineString", "coordinates": [ [ 1.980417, 7.23625 ], [ 1.980139, 7.236528 ] ] } },
{ "type": "Feature", "properties": { "strahler_order": 1, "longueur_km": 1.4363546597258257 }, "geometry": { "type": "LineString", "coordinates": [ [ 2.042083, 7.235972 ], [ 2.042083, 7.235694 ], [ 2.042083, 7.235417 ], [ 2.041806, 7.235139 ], [ 2.041806, 7.234861 ], [ 2.041528, 7.234583 ], [ 2.041528, 7.234306 ], [ 2.041528, 7.234028 ], [ 2.041528, 7.23375 ], [ 2.041528, 7.233472 ], [ 2.041528, 7.233194 ], [ 2.041528, 7.232917 ], [ 2.041528, 7.232639 ], [ 2.04125, 7.232361 ], [ 2.041528, 7.232083 ], [ 2.041806, 7.231806 ], [ 2.042083, 7.231806 ], [ 2.042361, 7.231528 ], [ 2.042639, 7.231528 ], [ 2.042917, 7.231528 ], [ 2.043194, 7.231528 ], [ 2.043472, 7.231528 ], [ 2.04375, 7.23125 ], [ 2.044028, 7.23125 ], [ 2.044306, 7.23125 ], [ 2.044583, 7.230972 ], [ 2.044861, 7.230972 ], [ 2.045139, 7.230694 ], [ 2.045417, 7.230417 ], [ 2.045694, 7.230417 ], [ 2.045694, 7.230139 ], [ 2.045694, 7.229861 ], [ 2.045694, 7.229583 ], [ 2.045972, 7.229306 ], [ 2.04625, 7.229028 ], [ 2.04625, 7.22875 ], [ 2.04625, 7.228472 ], [ 2.046528, 7.228194 ], [ 2.046528, 7.227917 ], [ 2.046528, 7.227639 ], [ 2.046806, 7.227639 ], [ 2.047083, 7.227361 ] ] } },
{ "type": "Feature", "properties": { "strahler_order": 1, "longueur_km": 1.5100542436385667 }, "geometry": { "type": "LineString", "coordinates": [ [ 2.047083, 7.227361 ], [ 2.047361, 7.227083 ], [ 2.047639, 7.226806 ], [ 2.047639, 7.226528 ], [ 2.047639, 7.22625 ], [ 2.047917, 7.225972 ], [ 2.048194, 7.225694 ], [ 2.048472, 7.225417 ], [ 2.04875, 7.225139 ], [ 2.049028, 7.225139 ], [ 2.049306, 7.225139 ], [ 2.049583, 7.224861 ], [ 2.049861, 7.224583 ], [ 2.050139, 7.224583 ], [ 2.050417, 7.224583 ], [ 2.050694, 7.224583 ], [ 2.050972, 7.224583 ], [ 2.05125, 7.224583 ], [ 2.051528, 7.224583 ], [ 2.051806, 7.224861 ], [ 2.052083, 7.225139 ], [ 2.052361, 7.225139 ], [ 2.052639, 7.225139 ], [ 2.052917, 7.225417 ], [ 2.053194, 7.225417 ], [ 2.053472, 7.225417 ], [ 2.05375, 7.225139 ], [ 2.054028, 7.224861 ], [ 2.054306, 7.224583 ], [ 2.054583, 7.224583 ], [ 2.054861, 7.224583 ], [ 2.055139, 7.224583 ], [ 2.055417, 7.224583 ], [ 2.055694, 7.224583 ], [ 2.055972, 7.224583 ], [ 2.05625, 7.224583 ], [ 2.056528, 7.224583 ], [ 2.056806, 7.224583 ], [ 2.057083, 7.224583 ], [ 2.057361, 7.224583 ], [ 2.057639, 7.224861 ], [ 2.057917, 7.224861 ], [ 2.058194, 7.224861 ], [ 2.058472, 7.224861 ] ] } },
{ "type": "Feature", "properties": { "strahler_order": 1, "longueur_km": 0.11738522441637883 }, "geometry": { "type": "LineString", "coordinates": [ [ 1.932361, 7.235694 ], [ 1.932083, 7.235417 ], [ 1.931806, 7.235417 ], [ 1.931528, 7.235139 ] ] } },
{ "type": "Feature", "properties": { "strahler_order": 1, "longueur_km": 0.82027321986038881 }, "geometry": { "type": "LineString", "coordinates": [ [ 1.946528, 7.235694 ], [ 1.94625, 7.235972 ], [ 1.945972, 7.23625 ], [ 1.945694, 7.236528 ], [ 1.945694, 7.236806 ], [ 1.945417, 7.237083 ], [ 1.945139, 7.237083 ], [ 1.944861, 7.237083 ], [ 1.944583, 7.237083 ], [ 1.944306, 7.237361 ], [ 1.944306, 7.237639 ], [ 1.944306, 7.237917 ], [ 1.944028, 7.238194 ], [ 1.94375, 7.238472 ], [ 1.943472, 7.238472 ], [ 1.943194, 7.238472 ], [ 1.942917, 7.238472 ], [ 1.942639, 7.238472 ], [ 1.942361, 7.238472 ], [ 1.942083, 7.238472 ], [ 1.941806, 7.238472 ], [ 1.941528, 7.238472 ], [ 1.94125, 7.23875 ], [ 1.940972, 7.239028 ] ] } },
{ "type": "Feature", "properties": { "strahler_order": 1, "longueur_km": 0.11753719473866094 }, "geometry": { "type": "LineString", "coordinates": [ [ 1.956806, 7.235417 ], [ 1.956528, 7.235694 ], [ 1.956528, 7.235972 ], [ 1.95625, 7.23625 ] ] } },
{ "type": "Feature", "properties": { "strahler_order": 1, "longueur_km": 0.72083019084191402 }, "geometry": { "type": "LineString", "coordinates": [ [ 2.194306, 7.235139 ], [ 2.194306, 7.234861 ], [ 2.194306, 7.234583 ], [ 2.194583, 7.234306 ], [ 2.194583, 7.234028 ], [ 2.194583, 7.23375 ], [ 2.194583, 7.233472 ], [ 2.194583, 7.233194 ], [ 2.194583, 7.232917 ], [ 2.194306, 7.232639 ], [ 2.194306, 7.232361 ], [ 2.194583, 7.232083 ], [ 2.194861, 7.232083 ], [ 2.195139, 7.232083 ], [ 2.195417, 7.232083 ], [ 2.195694, 7.231806 ], [ 2.195972, 7.231528 ], [ 2.19625, 7.23125 ], [ 2.19625, 7.230972 ], [ 2.19625, 7.230694 ], [ 2.19625, 7.230417 ], [ 2.19625, 7.230139 ] ] } },
{ "type": "Feature", "properties": { "strahler_order": 1, "longueur_km": 1.5485854689761067 }, "geometry": { "type": "LineString", "coordinates": [ [ 2.056528, 7.234861 ], [ 2.056806, 7.234861 ], [ 2.057083, 7.234861 ], [ 2.057361, 7.234861 ], [ 2.057639, 7.234861 ], [ 2.057917, 7.235139 ], [ 2.058194, 7.235139 ], [ 2.058472, 7.235139 ], [ 2.05875, 7.235139 ], [ 2.059028, 7.235139 ], [ 2.059306, 7.235139 ], [ 2.059583, 7.234861 ], [ 2.059861, 7.234583 ], [ 2.060139, 7.234583 ], [ 2.060417, 7.234861 ], [ 2.060694, 7.234583 ], [ 2.060972, 7.234583 ], [ 2.06125, 7.234306 ], [ 2.061528, 7.234306 ], [ 2.061806, 7.234306 ], [ 2.062083, 7.234306 ], [ 2.062361, 7.234028 ], [ 2.062639, 7.23375 ], [ 2.062917, 7.233472 ], [ 2.062917, 7.233194 ], [ 2.063194, 7.232917 ], [ 2.063194, 7.232639 ], [ 2.063472, 7.232361 ], [ 2.06375, 7.232083 ], [ 2.06375, 7.231806 ], [ 2.06375, 7.231528 ], [ 2.064028, 7.23125 ], [ 2.064306, 7.230972 ], [ 2.064583, 7.230694 ], [ 2.064861, 7.230417 ], [ 2.065139, 7.230417 ], [ 2.065139, 7.230139 ], [ 2.065139, 7.229861 ], [ 2.065139, 7.229583 ], [ 2.064861, 7.229306 ], [ 2.064583, 7.229028 ], [ 2.064583, 7.22875 ], [ 2.064583, 7.228472 ], [ 2.064583, 7.228194 ] ] } },
{ "type": "Feature", "properties": { "strahler_order": 1, "longueur_km": 0.44461095439979931 }, "geometry": { "type": "LineString", "coordinates": [ [ 2.09375, 7.234861 ], [ 2.094028, 7.234583 ], [ 2.094306, 7.234306 ], [ 2.094583, 7.234028 ], [ 2.094861, 7.23375 ], [ 2.095139, 7.23375 ], [ 2.095417, 7.23375 ], [ 2.095694, 7.233472 ], [ 2.095694, 7.233194 ], [ 2.095694, 7.232917 ], [ 2.095694, 7.232639 ], [ 2.095972, 7.232361 ], [ 2.095972, 7.232083 ] ] } },
{ "type": "Feature", "properties": { "strahler_order": 1, "longueur_km": 5.0369414977036921 }, "geometry": { "type": "LineString", "coordinates": [ [ 2.095972, 7.232083 ], [ 2.09625, 7.231806 ], [ 2.096528, 7.231806 ], [ 2.096806, 7.231806 ], [ 2.097083, 7.231806 ], [ 2.097361, 7.231806 ], [ 2.097639, 7.231528 ], [ 2.097917, 7.231528 ], [ 2.098194, 7.231528 ], [ 2.098472, 7.23125 ], [ 2.09875, 7.230972 ], [ 2.099028, 7.230972 ], [ 2.099306, 7.230694 ], [ 2.099583, 7.230417 ], [ 2.099861, 7.230139 ], [ 2.099861, 7.229861 ], [ 2.099861, 7.229583 ], [ 2.100139, 7.229306 ], [ 2.100417, 7.229028 ], [ 2.100417, 7.22875 ], [ 2.100417, 7.228472 ], [ 2.100417, 7.228194 ], [ 2.100417, 7.227917 ], [ 2.100417, 7.227639 ], [ 2.100694, 7.227361 ], [ 2.100972, 7.227083 ], [ 2.10125, 7.226806 ], [ 2.101528, 7.226528 ], [ 2.101528, 7.22625 ], [ 2.10125, 7.225972 ], [ 2.10125, 7.225694 ], [ 2.10125, 7.225417 ], [ 2.10125, 7.225139 ], [ 2.100972, 7.224861 ], [ 2.100972, 7.224583 ], [ 2.100972, 7.224306 ], [ 2.100972, 7.224028 ], [ 2.10125, 7.22375 ], [ 2.10125, 7.223472 ], [ 2.10125, 7.223194 ], [ 2.10125, 7.222917 ], [ 2.10125, 7.222639 ], [ 2.101528, 7.222361 ], [ 2.101528, 7.222083 ], [ 2.101528, 7.221806 ], [ 2.101528, 7.221528 ], [ 2.101528, 7.22125 ], [ 2.101528, 7.220972 ], [ 2.101806, 7.220694 ], [ 2.102083, 7.220417 ], [ 2.102083, 7.220139 ], [ 2.102083, 7.219861 ], [ 2.102361, 7.219583 ], [ 2.102639, 7.219306 ], [ 2.102639, 7.219028 ], [ 2.102917, 7.219028 ], [ 2.103194, 7.21875 ], [ 2.103472, 7.218472 ], [ 2.10375, 7.218194 ], [ 2.10375, 7.217917 ], [ 2.104028, 7.217639 ], [ 2.104306, 7.217361 ], [ 2.104583, 7.217083 ], [ 2.104583, 7.216806 ], [ 2.104583, 7.216528 ], [ 2.104306, 7.21625 ], [ 2.104306, 7.215972 ], [ 2.104583, 7.215694 ], [ 2.104861, 7.215417 ], [ 2.105139, 7.215417 ], [ 2.105417, 7.215139 ], [ 2.105417, 7.214861 ], [ 2.105694, 7.214583 ], [ 2.105972, 7.214306 ], [ 2.10625, 7.214306 ], [ 2.106528, 7.214306 ], [ 2.106806, 7.214306 ], [ 2.107083, 7.214028 ], [ 2.107361, 7.21375 ], [ 2.107361, 7.213472 ], [ 2.107639, 7.213194 ], [ 2.107917, 7.212917 ], [ 2.108194, 7.212639 ], [ 2.108194, 7.212361 ], [ 2.108194, 7.212083 ], [ 2.107917, 7.211806 ], [ 2.107639, 7.211528 ], [ 2.107361, 7.211528 ], [ 2.107083, 7.21125 ], [ 2.106806, 7.210972 ], [ 2.106528, 7.210694 ], [ 2.106528, 7.210417 ], [ 2.106528, 7.210139 ], [ 2.106528, 7.209861 ], [ 2.10625, 7.209583 ], [ 2.105972, 7.209306 ], [ 2.105694, 7.209028 ], [ 2.105417, 7.209028 ], [ 2.105417, 7.20875 ], [ 2.105694, 7.208472 ], [ 2.105972, 7.208472 ], [ 2.10625, 7.208194 ], [ 2.106528, 7.207917 ], [ 2.106806, 7.207639 ], [ 2.106806, 7.207361 ], [ 2.106806, 7.207083 ], [ 2.106528, 7.206806 ], [ 2.10625, 7.206528 ], [ 2.10625, 7.20625 ], [ 2.10625, 7.205972 ], [ 2.10625, 7.205694 ], [ 2.10625, 7.205417 ], [ 2.106528, 7.205139 ], [ 2.106806, 7.204861 ], [ 2.107083, 7.204583 ], [ 2.107361, 7.204306 ], [ 2.107361, 7.204028 ], [ 2.107639, 7.20375 ], [ 2.107639, 7.203472 ], [ 2.107639, 7.203194 ], [ 2.107639, 7.202917 ], [ 2.107639, 7.202639 ], [ 2.107639, 7.202361 ], [ 2.107639, 7.202083 ], [ 2.107639, 7.201806 ], [ 2.107361, 7.201528 ], [ 2.107083, 7.20125 ], [ 2.106806, 7.200972 ], [ 2.106528, 7.200694 ], [ 2.10625, 7.200694 ], [ 2.105972, 7.200417 ], [ 2.105694, 7.200417 ], [ 2.105417, 7.200417 ], [ 2.105417, 7.200139 ], [ 2.105139, 7.199861 ], [ 2.105139, 7.199583 ], [ 2.105139, 7.199306 ], [ 2.105139, 7.199028 ], [ 2.105139, 7.19875 ] ] } },
{ "type": "Feature", "properties": { "strahler_order": 1, "longueur_km": 2.4592749822322286 }, "geometry": { "type": "LineString", "coordinates": [ [ 2.172361, 7.234861 ], [ 2.172639, 7.234583 ], [ 2.172917, 7.234306 ], [ 2.173194, 7.234306 ], [ 2.173472, 7.234028 ], [ 2.17375, 7.234028 ], [ 2.174028, 7.234028 ], [ 2.174306, 7.234028 ], [ 2.174583, 7.234028 ], [ 2.174861, 7.23375 ], [ 2.175139, 7.23375 ], [ 2.175417, 7.233472 ], [ 2.175694, 7.233194 ], [ 2.175972, 7.232917 ], [ 2.17625, 7.232639 ], [ 2.176528, 7.232639 ], [ 2.176806, 7.232361 ], [ 2.177083, 7.232361 ], [ 2.177361, 7.232639 ], [ 2.177639, 7.232639 ], [ 2.177917, 7.232639 ], [ 2.178194, 7.232639 ], [ 2.178472, 7.232361 ], [ 2.17875, 7.232361 ], [ 2.179028, 7.232361 ], [ 2.179306, 7.232361 ], [ 2.179583, 7.232639 ], [ 2.179861, 7.232917 ], [ 2.180139, 7.233194 ], [ 2.180417, 7.233194 ], [ 2.180694, 7.232917 ], [ 2.180972, 7.232917 ], [ 2.18125, 7.232917 ], [ 2.181528, 7.232639 ], [ 2.181806, 7.232361 ], [ 2.182083, 7.232083 ], [ 2.182361, 7.232083 ], [ 2.182639, 7.232083 ], [ 2.182917, 7.231806 ], [ 2.183194, 7.231528 ], [ 2.183472, 7.23125 ], [ 2.18375, 7.231528 ], [ 2.184028, 7.231806 ], [ 2.184306, 7.232083 ], [ 2.184583, 7.232361 ], [ 2.184861, 7.232083 ], [ 2.185139, 7.232083 ], [ 2.185417, 7.232083 ], [ 2.185694, 7.231806 ], [ 2.185972, 7.232083 ], [ 2.18625, 7.232361 ], [ 2.18625, 7.232639 ], [ 2.186528, 7.232917 ], [ 2.186806, 7.233194 ], [ 2.187083, 7.233194 ], [ 2.187361, 7.232917 ], [ 2.187639, 7.232639 ], [ 2.187917, 7.232361 ], [ 2.188194, 7.232639 ], [ 2.188472, 7.232917 ], [ 2.18875, 7.232639 ], [ 2.189028, 7.232639 ], [ 2.189306, 7.232639 ], [ 2.189583, 7.232917 ], [ 2.189861, 7.233194 ] ] } },
{ "type": "Feature", "properties": { "strahler_order": 1, "longueur_km": 0.88868379295992805 }, "geometry": { "type": "LineString", "coordinates": [ [ 2.189861, 7.233194 ], [ 2.190139, 7.233194 ], [ 2.190417, 7.233194 ], [ 2.190694, 7.233194 ], [ 2.190972, 7.232917 ], [ 2.19125, 7.232917 ], [ 2.191528, 7.232917 ], [ 2.191806, 7.233194 ], [ 2.192083, 7.232917 ], [ 2.192361, 7.232639 ], [ 2.192639, 7.232361 ], [ 2.192917, 7.232083 ], [ 2.192917, 7.231806 ], [ 2.193194, 7.231806 ], [ 2.193472, 7.231806 ], [ 2.19375, 7.231806 ], [ 2.194028, 7.231528 ], [ 2.194306, 7.23125 ], [ 2.194583, 7.230972 ], [ 2.194861, 7.230694 ], [ 2.195139, 7.230694 ], [ 2.195417, 7.230417 ], [ 2.195694, 7.230417 ], [ 2.195972, 7.230417 ], [ 2.19625, 7.230139 ] ] } },
{ "type": "Feature", "properties": { "strahler_order": 1, "longueur_km": 1.0755589100899465 }, "geometry": { "type": "LineString", "coordinates": [ [ 2.19625, 7.230139 ], [ 2.196528, 7.229861 ], [ 2.196806, 7.229861 ], [ 2.197083, 7.229583 ], [ 2.197361, 7.229583 ], [ 2.197639, 7.229583 ], [ 2.197917, 7.229583 ], [ 2.198194, 7.229306 ], [ 2.198472, 7.229028 ], [ 2.19875, 7.22875 ], [ 2.199028, 7.228472 ], [ 2.199306, 7.228472 ], [ 2.199583, 7.22875 ], [ 2.199861, 7.229028 ], [ 2.200139, 7.229028 ], [ 2.200417, 7.229028 ], [ 2.200694, 7.229028 ], [ 2.200972, 7.22875 ], [ 2.20125, 7.228472 ], [ 2.201528, 7.228194 ], [ 2.201528, 7.227917 ], [ 2.201806, 7.227639 ], [ 2.201806, 7.227361 ], [ 2.201528, 7.227083 ], [ 2.20125, 7.226806 ], [ 2.200972, 7.226528 ], [ 2.20125, 7.22625 ], [ 2.201528, 7.225972 ], [ 2.201528, 7.225694 ] ] } },
{ "type": "Feature", "properties": { "strahler_order": 1, "longueur_km": 1.8109826338183936 }, "geometry": { "type": "LineString", "coordinates": [ [ 2.162917, 7.234583 ], [ 2.163194, 7.234306 ], [ 2.163472, 7.234306 ], [ 2.16375, 7.234583 ], [ 2.164028, 7.234861 ], [ 2.164306, 7.234861 ], [ 2.164583, 7.234861 ], [ 2.164861, 7.234861 ], [ 2.165139, 7.234583 ], [ 2.165417, 7.234306 ], [ 2.165694, 7.234028 ], [ 2.165972, 7.23375 ], [ 2.16625, 7.233472 ], [ 2.166528, 7.233194 ], [ 2.166806, 7.232917 ], [ 2.167083, 7.232639 ], [ 2.167361, 7.232361 ], [ 2.167639, 7.232361 ], [ 2.167917, 7.232083 ], [ 2.168194, 7.231806 ], [ 2.168194, 7.231528 ], [ 2.168472, 7.23125 ], [ 2.16875, 7.230972 ], [ 2.16875, 7.230694 ], [ 2.16875, 7.230417 ], [ 2.16875, 7.230139 ], [ 2.168472, 7.229861 ], [ 2.168472, 7.229583 ], [ 2.168472, 7.229306 ], [ 2.16875, 7.229028 ], [ 2.169028, 7.22875 ], [ 2.169306, 7.228472 ], [ 2.169583, 7.228194 ], [ 2.169861, 7.228194 ], [ 2.170139, 7.228194 ], [ 2.170417, 7.228194 ], [ 2.170694, 7.227917 ], [ 2.170694, 7.227639 ], [ 2.170694, 7.227361 ], [ 2.170694, 7.227083 ], [ 2.170417, 7.226806 ], [ 2.170139, 7.226528 ], [ 2.169861, 7.22625 ], [ 2.169583, 7.225972 ], [ 2.169306, 7.225694 ], [ 2.169028, 7.225417 ], [ 2.169028, 7.225139 ], [ 2.169306, 7.224861 ] ] } },
{ "type": "Feature", "properties": { "strahler_order": 1, "longueur_km": 0.74618258221272782 }, "geometry": { "type": "LineString", "coordinates": [ [ 1.998194, 7.23375 ], [ 1.997917, 7.23375 ], [ 1.997639, 7.234028 ], [ 1.997361, 7.234028 ], [ 1.997083, 7.234028 ], [ 1.996806, 7.234306 ], [ 1.996806, 7.234583 ], [ 1.996806, 7.234861 ], [ 1.996806, 7.235139 ], [ 1.996806, 7.235417 ], [ 1.996528, 7.235694 ], [ 1.99625, 7.235972 ], [ 1.995972, 7.235972 ], [ 1.995694, 7.235972 ], [ 1.995417, 7.235694 ], [ 1.995139, 7.235694 ], [ 1.995139, 7.235972 ], [ 1.994861, 7.23625 ], [ 1.994583, 7.236528 ], [ 1.994306, 7.236528 ], [ 1.994028, 7.236528 ], [ 1.99375, 7.236806 ] ] } },
{ "type": "Feature", "properties": { "strahler_order": 1, "longueur_km": 1.0984261463669831 }, "geometry": { "type": "LineString", "coordinates": [ [ 1.99375, 7.236806 ], [ 1.993472, 7.237083 ], [ 1.993194, 7.237361 ], [ 1.992917, 7.237361 ], [ 1.992639, 7.237361 ], [ 1.992361, 7.237361 ], [ 1.992083, 7.237083 ], [ 1.991806, 7.237361 ], [ 1.991528, 7.237639 ], [ 1.991528, 7.237917 ], [ 1.99125, 7.238194 ], [ 1.990972, 7.238194 ], [ 1.990694, 7.238194 ], [ 1.990417, 7.237917 ], [ 1.990139, 7.238194 ], [ 1.989861, 7.238472 ], [ 1.989583, 7.238472 ], [ 1.989306, 7.238472 ], [ 1.989028, 7.238472 ], [ 1.98875, 7.238472 ], [ 1.988472, 7.238472 ], [ 1.988194, 7.23875 ], [ 1.988194, 7.239028 ], [ 1.988194, 7.239306 ], [ 1.987917, 7.239583 ], [ 1.987639, 7.239583 ], [ 1.987361, 7.239861 ], [ 1.987083, 7.240139 ], [ 1.986806, 7.240417 ], [ 1.986806, 7.240694 ], [ 1.986806, 7.240972 ] ] } },
{ "type": "Feature", "properties": { "strahler_order": 1, "longueur_km": 3.6555407092819494 }, "geometry": { "type": "LineString", "coordinates": [ [ 1.986806, 7.240972 ], [ 1.986528, 7.24125 ], [ 1.98625, 7.241528 ], [ 1.985972, 7.241806 ], [ 1.985694, 7.242083 ], [ 1.985417, 7.242083 ], [ 1.985139, 7.242361 ], [ 1.984861, 7.242639 ], [ 1.984583, 7.242639 ], [ 1.984306, 7.242639 ], [ 1.984028, 7.242917 ], [ 1.98375, 7.243194 ], [ 1.983472, 7.243194 ], [ 1.983194, 7.243194 ], [ 1.982917, 7.242917 ], [ 1.982639, 7.242917 ], [ 1.982361, 7.243194 ], [ 1.982083, 7.243194 ], [ 1.981806, 7.243194 ], [ 1.981528, 7.243194 ], [ 1.98125, 7.243194 ], [ 1.980972, 7.243472 ], [ 1.980694, 7.24375 ], [ 1.980417, 7.24375 ], [ 1.980139, 7.24375 ], [ 1.979861, 7.24375 ], [ 1.979583, 7.243472 ], [ 1.979306, 7.24375 ], [ 1.979028, 7.24375 ], [ 1.97875, 7.244028 ], [ 1.978472, 7.244306 ], [ 1.978194, 7.244306 ], [ 1.977917, 7.244306 ], [ 1.977639, 7.244028 ], [ 1.977361, 7.244028 ], [ 1.977083, 7.244028 ], [ 1.976806, 7.244028 ], [ 1.976528, 7.244306 ], [ 1.97625, 7.244583 ], [ 1.975972, 7.244583 ], [ 1.975694, 7.244306 ], [ 1.975417, 7.244306 ], [ 1.975139, 7.244306 ], [ 1.974861, 7.244306 ], [ 1.974583, 7.244306 ], [ 1.974306, 7.244306 ], [ 1.974028, 7.244306 ], [ 1.97375, 7.244306 ], [ 1.973472, 7.244306 ], [ 1.973194, 7.244306 ], [ 1.972917, 7.244306 ], [ 1.972639, 7.244306 ], [ 1.972361, 7.244306 ], [ 1.972083, 7.244306 ], [ 1.971806, 7.244306 ], [ 1.971528, 7.244306 ], [ 1.97125, 7.244028 ], [ 1.970972, 7.244306 ], [ 1.970694, 7.244306 ], [ 1.970417, 7.244306 ], [ 1.970139, 7.244306 ], [ 1.969861, 7.244028 ], [ 1.969583, 7.244028 ], [ 1.969306, 7.244306 ], [ 1.969028, 7.244306 ], [ 1.96875, 7.244306 ], [ 1.968472, 7.244583 ], [ 1.968194, 7.244583 ], [ 1.967917, 7.244583 ], [ 1.967639, 7.244861 ], [ 1.967361, 7.245139 ], [ 1.967361, 7.245417 ], [ 1.967083, 7.245417 ], [ 1.966806, 7.245694 ], [ 1.966528, 7.245972 ], [ 1.96625, 7.24625 ], [ 1.965972, 7.24625 ], [ 1.965694, 7.246528 ], [ 1.965417, 7.246806 ], [ 1.965139, 7.246806 ], [ 1.964861, 7.246806 ], [ 1.964583, 7.246806 ], [ 1.964306, 7.246806 ], [ 1.964028, 7.246806 ], [ 1.96375, 7.247083 ], [ 1.963472, 7.246806 ], [ 1.963194, 7.246806 ], [ 1.962917, 7.246528 ], [ 1.962639, 7.246528 ], [ 1.962361, 7.246528 ], [ 1.962083, 7.246528 ], [ 1.961806, 7.246528 ], [ 1.961528, 7.246528 ], [ 1.96125, 7.24625 ], [ 1.960972, 7.24625 ], [ 1.960694, 7.24625 ], [ 1.960417, 7.24625 ], [ 1.960139, 7.246528 ], [ 1.959861, 7.246806 ], [ 1.959583, 7.246806 ], [ 1.959306, 7.246806 ], [ 1.959028, 7.246528 ], [ 1.95875, 7.246528 ], [ 1.958472, 7.246528 ] ] } },
{ "type": "Feature", "properties": { "strahler_order": 1, "longueur_km": 0.086720734711122849 }, "geometry": { "type": "LineString", "coordinates": [ [ 1.958472, 7.246528 ], [ 1.958194, 7.246806 ], [ 1.957917, 7.247083 ] ] } },
{ "type": "Feature", "properties": { "strahler_order": 1, "longueur_km": 1.0881899549690819 }, "geometry": { "type": "LineString", "coordinates": [ [ 2.202361, 7.232361 ], [ 2.202639, 7.232639 ], [ 2.202917, 7.232917 ], [ 2.203194, 7.232917 ], [ 2.203472, 7.232917 ], [ 2.20375, 7.232639 ], [ 2.204028, 7.232639 ], [ 2.204306, 7.232361 ], [ 2.204583, 7.232083 ], [ 2.204861, 7.231806 ], [ 2.205139, 7.231528 ], [ 2.205139, 7.23125 ], [ 2.205417, 7.230972 ], [ 2.205694, 7.230694 ], [ 2.205972, 7.230417 ], [ 2.20625, 7.230417 ], [ 2.206528, 7.230139 ], [ 2.206806, 7.229861 ], [ 2.207083, 7.229583 ], [ 2.207361, 7.229306 ], [ 2.207639, 7.229028 ], [ 2.207917, 7.22875 ], [ 2.208194, 7.228472 ], [ 2.208194, 7.228194 ], [ 2.208194, 7.227917 ], [ 2.208194, 7.227639 ], [ 2.208194, 7.227361 ], [ 2.208194, 7.227083 ], [ 2.208472, 7.226806 ] ] } },
{ "type": "Feature", "properties": { "strahler_order": 1, "longueur_km": 0.31427560983559938 }, "geometry": { "type": "LineString", "coordinates": [ [ 1.900417, 7.232083 ], [ 1.900417, 7.231806 ], [ 1.900694, 7.231528 ], [ 1.900972, 7.231528 ], [ 1.90125, 7.231528 ], [ 1.901528, 7.231528 ], [ 1.901528, 7.23125 ], [ 1.901806, 7.230972 ], [ 1.901806, 7.230694 ], [ 1.902083, 7.230417 ] ] } },
{ "type": "Feature", "properties": { "strahler_order": 1, "longueur_km": 1.4493980544604605 }, "geometry": { "type": "LineString", "coordinates": [ [ 1.902083, 7.230417 ], [ 1.902083, 7.230139 ], [ 1.902083, 7.229861 ], [ 1.902083, 7.229583 ], [ 1.902083, 7.229306 ], [ 1.902083, 7.229028 ], [ 1.902083, 7.22875 ], [ 1.902083, 7.228472 ], [ 1.902083, 7.228194 ], [ 1.901806, 7.227917 ], [ 1.901528, 7.227639 ], [ 1.901528, 7.227361 ], [ 1.90125, 7.227083 ], [ 1.900972, 7.226806 ], [ 1.900972, 7.226528 ], [ 1.900694, 7.22625 ], [ 1.900694, 7.225972 ], [ 1.900417, 7.225694 ], [ 1.900139, 7.225417 ], [ 1.899861, 7.225139 ], [ 1.899861, 7.224861 ], [ 1.899583, 7.224583 ], [ 1.899306, 7.224583 ], [ 1.899028, 7.224583 ], [ 1.89875, 7.224583 ], [ 1.898472, 7.224583 ], [ 1.898472, 7.224306 ], [ 1.898472, 7.224028 ], [ 1.898472, 7.22375 ], [ 1.898472, 7.223472 ], [ 1.898194, 7.223194 ], [ 1.897917, 7.222917 ], [ 1.897639, 7.222639 ], [ 1.897361, 7.222361 ], [ 1.897083, 7.222361 ], [ 1.896806, 7.222361 ], [ 1.896528, 7.222361 ], [ 1.89625, 7.222083 ], [ 1.89625, 7.221806 ], [ 1.89625, 7.221528 ], [ 1.89625, 7.22125 ], [ 1.895972, 7.220972 ] ] } },
{ "type": "Feature", "properties": { "strahler_order": 1, "longueur_km": 0.38322667438658514 }, "geometry": { "type": "LineString", "coordinates": [ [ 2.072639, 7.231806 ], [ 2.072917, 7.231528 ], [ 2.073194, 7.23125 ], [ 2.073472, 7.230972 ], [ 2.073194, 7.230694 ], [ 2.072917, 7.230417 ], [ 2.072639, 7.230139 ], [ 2.072639, 7.229861 ], [ 2.072639, 7.229583 ], [ 2.072639, 7.229306 ], [ 2.072639, 7.229028 ] ] } },
{ "type": "Feature", "properties": { "strahler_order": 1, "longueur_km": 0.97078853458893588 }, "geometry": { "type": "LineString", "coordinates": [ [ 2.072639, 7.229028 ], [ 2.072917, 7.22875 ], [ 2.073194, 7.228472 ], [ 2.073472, 7.228194 ], [ 2.073194, 7.227917 ], [ 2.072917, 7.227639 ], [ 2.072917, 7.227361 ], [ 2.072917, 7.227083 ], [ 2.072917, 7.226806 ], [ 2.073194, 7.226528 ], [ 2.073194, 7.22625 ], [ 2.072917, 7.225972 ], [ 2.072639, 7.225694 ], [ 2.072361, 7.225417 ], [ 2.072361, 7.225139 ], [ 2.072639, 7.224861 ], [ 2.072917, 7.224583 ], [ 2.072917, 7.224306 ], [ 2.072917, 7.224028 ], [ 2.072639, 7.22375 ], [ 2.072361, 7.223472 ], [ 2.072083, 7.223194 ], [ 2.071806, 7.222917 ], [ 2.071528, 7.222639 ], [ 2.071528, 7.222361 ], [ 2.071528, 7.222083 ] ] } },
{ "type": "Feature", "properties": { "strahler_order": 1, "longueur_km": 4.9369155263919371 }, "geometry": { "type": "LineString", "coordinates": [ [ 2.105417, 7.231806 ], [ 2.105694, 7.231528 ], [ 2.105972, 7.23125 ], [ 2.10625, 7.23125 ], [ 2.106528, 7.230972 ], [ 2.106806, 7.230972 ], [ 2.107083, 7.230972 ], [ 2.107361, 7.230972 ], [ 2.107639, 7.230972 ], [ 2.107917, 7.230694 ], [ 2.108194, 7.230417 ], [ 2.108472, 7.230417 ], [ 2.10875, 7.230139 ], [ 2.109028, 7.229861 ], [ 2.109306, 7.229861 ], [ 2.109583, 7.229861 ], [ 2.109861, 7.230139 ], [ 2.110139, 7.229861 ], [ 2.110417, 7.229861 ], [ 2.110417, 7.229583 ], [ 2.110417, 7.229306 ], [ 2.110694, 7.229028 ], [ 2.110972, 7.22875 ], [ 2.110694, 7.228472 ], [ 2.110417, 7.228194 ], [ 2.110139, 7.227917 ], [ 2.109861, 7.227639 ], [ 2.109583, 7.227361 ], [ 2.109583, 7.227083 ], [ 2.109583, 7.226806 ], [ 2.109583, 7.226528 ], [ 2.109583, 7.22625 ], [ 2.109306, 7.225972 ], [ 2.109028, 7.225694 ], [ 2.10875, 7.225417 ], [ 2.10875, 7.225139 ], [ 2.109028, 7.224861 ], [ 2.109306, 7.224583 ], [ 2.109583, 7.224583 ], [ 2.109861, 7.224583 ], [ 2.110139, 7.224583 ], [ 2.110417, 7.224583 ], [ 2.110694, 7.224583 ], [ 2.110972, 7.224583 ], [ 2.11125, 7.224583 ], [ 2.111528, 7.224583 ], [ 2.111806, 7.224306 ], [ 2.112083, 7.224028 ], [ 2.112083, 7.22375 ], [ 2.112083, 7.223472 ], [ 2.112361, 7.223472 ], [ 2.112639, 7.223194 ], [ 2.112917, 7.222917 ], [ 2.113194, 7.222639 ], [ 2.113472, 7.222361 ], [ 2.113472, 7.222083 ], [ 2.113472, 7.221806 ], [ 2.113472, 7.221528 ], [ 2.113472, 7.22125 ], [ 2.113472, 7.220972 ], [ 2.113472, 7.220694 ], [ 2.113194, 7.220417 ], [ 2.112917, 7.220139 ], [ 2.113194, 7.219861 ], [ 2.113472, 7.219583 ], [ 2.11375, 7.219306 ], [ 2.114028, 7.219306 ], [ 2.114306, 7.219306 ], [ 2.114583, 7.219306 ], [ 2.114861, 7.219306 ], [ 2.115139, 7.219028 ], [ 2.115417, 7.219028 ], [ 2.115694, 7.219028 ], [ 2.115972, 7.219028 ], [ 2.11625, 7.219028 ], [ 2.116528, 7.219028 ], [ 2.116806, 7.21875 ], [ 2.117083, 7.218472 ], [ 2.117361, 7.218194 ], [ 2.117639, 7.217917 ], [ 2.117917, 7.217917 ], [ 2.118194, 7.217639 ], [ 2.118194, 7.217361 ], [ 2.118194, 7.217083 ], [ 2.118194, 7.216806 ], [ 2.118194, 7.216528 ], [ 2.118194, 7.21625 ], [ 2.117917, 7.215972 ], [ 2.117917, 7.215694 ], [ 2.117917, 7.215417 ], [ 2.118194, 7.215139 ], [ 2.118194, 7.214861 ], [ 2.117917, 7.214583 ], [ 2.117917, 7.214306 ], [ 2.117917, 7.214028 ], [ 2.117917, 7.21375 ], [ 2.117917, 7.213472 ], [ 2.118194, 7.213194 ], [ 2.118472, 7.212917 ], [ 2.118472, 7.212639 ], [ 2.11875, 7.212361 ], [ 2.11875, 7.212083 ], [ 2.11875, 7.211806 ], [ 2.11875, 7.211528 ], [ 2.11875, 7.21125 ], [ 2.119028, 7.210972 ], [ 2.119028, 7.210694 ], [ 2.119028, 7.210417 ], [ 2.119306, 7.210139 ], [ 2.119583, 7.209861 ], [ 2.119861, 7.209583 ], [ 2.120139, 7.209306 ], [ 2.120139, 7.209028 ], [ 2.120139, 7.20875 ], [ 2.120139, 7.208472 ], [ 2.119861, 7.208194 ], [ 2.119583, 7.207917 ], [ 2.119583, 7.207639 ], [ 2.119306, 7.207361 ], [ 2.119028, 7.207083 ], [ 2.11875, 7.206806 ], [ 2.118472, 7.206528 ], [ 2.118472, 7.20625 ], [ 2.118472, 7.205972 ], [ 2.118472, 7.205694 ], [ 2.118472, 7.205417 ], [ 2.118472, 7.205139 ], [ 2.11875, 7.204861 ], [ 2.119028, 7.204583 ], [ 2.119306, 7.204306 ], [ 2.119306, 7.204028 ], [ 2.119306, 7.20375 ], [ 2.119028, 7.203472 ], [ 2.11875, 7.203194 ], [ 2.11875, 7.202917 ], [ 2.11875, 7.202639 ], [ 2.11875, 7.202361 ] ] } },
{ "type": "Feature", "properties": { "strahler_order": 1, "longueur_km": 1.6532127818542053 }, "geometry": { "type": "LineString", "coordinates": [ [ 1.967361, 7.230972 ], [ 1.967361, 7.23125 ], [ 1.967361, 7.231528 ], [ 1.967083, 7.231806 ], [ 1.966806, 7.231806 ], [ 1.966528, 7.231806 ], [ 1.96625, 7.232083 ], [ 1.96625, 7.232361 ], [ 1.965972, 7.232361 ], [ 1.965694, 7.232361 ], [ 1.965417, 7.232639 ], [ 1.965139, 7.232639 ], [ 1.964861, 7.232361 ], [ 1.964583, 7.232361 ], [ 1.964306, 7.232361 ], [ 1.964028, 7.232361 ], [ 1.96375, 7.232361 ], [ 1.963472, 7.232639 ], [ 1.963194, 7.232917 ], [ 1.962917, 7.232917 ], [ 1.962639, 7.232917 ], [ 1.962361, 7.233194 ], [ 1.962083, 7.233472 ], [ 1.962083, 7.23375 ], [ 1.962083, 7.234028 ], [ 1.962083, 7.234306 ], [ 1.961806, 7.234306 ], [ 1.961528, 7.234583 ], [ 1.96125, 7.234861 ], [ 1.960972, 7.234861 ], [ 1.960694, 7.234861 ], [ 1.960417, 7.235139 ], [ 1.960139, 7.235139 ], [ 1.959861, 7.235417 ], [ 1.959583, 7.235139 ], [ 1.959306, 7.234861 ], [ 1.959028, 7.234861 ], [ 1.95875, 7.234861 ], [ 1.958472, 7.234861 ], [ 1.958194, 7.235139 ], [ 1.957917, 7.235417 ], [ 1.957639, 7.235694 ], [ 1.957361, 7.235972 ], [ 1.957083, 7.235972 ], [ 1.956806, 7.23625 ], [ 1.956528, 7.23625 ], [ 1.95625, 7.23625 ] ] } },
{ "type": "Feature", "properties": { "strahler_order": 1, "longueur_km": 1.6171752069520482 }, "geometry": { "type": "LineString", "coordinates": [ [ 1.95625, 7.23625 ], [ 1.955972, 7.23625 ], [ 1.955694, 7.23625 ], [ 1.955417, 7.235972 ], [ 1.955139, 7.235972 ], [ 1.954861, 7.23625 ], [ 1.954583, 7.23625 ], [ 1.954306, 7.23625 ], [ 1.954028, 7.23625 ], [ 1.95375, 7.236528 ], [ 1.953472, 7.236528 ], [ 1.953194, 7.236528 ], [ 1.952917, 7.236806 ], [ 1.952639, 7.237083 ], [ 1.952361, 7.237083 ], [ 1.952083, 7.237361 ], [ 1.951806, 7.237639 ], [ 1.951528, 7.237917 ], [ 1.95125, 7.238194 ], [ 1.950972, 7.238472 ], [ 1.950694, 7.23875 ], [ 1.950417, 7.239028 ], [ 1.950139, 7.239306 ], [ 1.949861, 7.239306 ], [ 1.949583, 7.239583 ], [ 1.949306, 7.239861 ], [ 1.949028, 7.240139 ], [ 1.94875, 7.240139 ], [ 1.948472, 7.240417 ], [ 1.948194, 7.240694 ], [ 1.948194, 7.240972 ], [ 1.948194, 7.24125 ], [ 1.948194, 7.241528 ], [ 1.948194, 7.241806 ], [ 1.947917, 7.242083 ], [ 1.947639, 7.242083 ], [ 1.947361, 7.242083 ], [ 1.947083, 7.242083 ], [ 1.946806, 7.242083 ], [ 1.946528, 7.242083 ], [ 1.94625, 7.242083 ], [ 1.945972, 7.242361 ], [ 1.945694, 7.242361 ], [ 1.945417, 7.242361 ], [ 1.945139, 7.242639 ] ] } },
{ "type": "Feature", "properties": { "strahler_order": 1, "longueur_km": 1.0680265436888079 }, "geometry": { "type": "LineString", "coordinates": [ [ 2.16375, 7.229583 ], [ 2.164028, 7.229306 ], [ 2.164028, 7.229028 ], [ 2.164306, 7.229028 ], [ 2.164583, 7.22875 ], [ 2.164861, 7.228472 ], [ 2.165139, 7.22875 ], [ 2.165417, 7.22875 ], [ 2.165417, 7.228472 ], [ 2.165417, 7.228194 ], [ 2.165417, 7.227917 ], [ 2.165139, 7.227639 ], [ 2.165417, 7.227361 ], [ 2.165417, 7.227083 ], [ 2.165417, 7.226806 ], [ 2.165694, 7.226528 ], [ 2.165972, 7.22625 ], [ 2.16625, 7.225972 ], [ 2.166528, 7.225694 ], [ 2.166528, 7.225417 ], [ 2.166806, 7.225139 ], [ 2.167083, 7.225139 ], [ 2.167361, 7.225139 ], [ 2.167639, 7.225417 ], [ 2.167917, 7.225417 ], [ 2.168194, 7.225417 ], [ 2.168472, 7.225417 ], [ 2.16875, 7.225139 ], [ 2.169028, 7.224861 ], [ 2.169306, 7.224861 ] ] } },
{ "type": "Feature", "properties": { "strahler_order": 1, "longueur_km": 1.586374070922552 }, "geometry": { "type": "LineString", "coordinates": [ [ 2.169306, 7.224861 ], [ 2.169583, 7.224861 ], [ 2.169861, 7.224583 ], [ 2.170139, 7.224306 ], [ 2.170417, 7.224028 ], [ 2.170694, 7.224028 ], [ 2.170972, 7.224028 ], [ 2.17125, 7.224028 ], [ 2.171528, 7.224028 ], [ 2.171806, 7.22375 ], [ 2.172083, 7.223472 ], [ 2.172361, 7.223194 ], [ 2.172639, 7.223472 ], [ 2.172917, 7.223194 ], [ 2.173194, 7.222917 ], [ 2.172917, 7.222639 ], [ 2.172917, 7.222361 ], [ 2.172917, 7.222083 ], [ 2.173194, 7.221806 ], [ 2.172917, 7.221528 ], [ 2.172917, 7.22125 ], [ 2.172917, 7.220972 ], [ 2.172917, 7.220694 ], [ 2.173194, 7.220417 ], [ 2.173194, 7.220139 ], [ 2.173472, 7.219861 ], [ 2.173472, 7.219583 ], [ 2.17375, 7.219306 ], [ 2.174028, 7.219028 ], [ 2.174306, 7.219028 ], [ 2.174583, 7.219028 ], [ 2.174861, 7.219028 ], [ 2.175139, 7.219028 ], [ 2.175417, 7.219028 ], [ 2.175694, 7.21875 ], [ 2.175694, 7.218472 ], [ 2.175972, 7.218194 ], [ 2.175972, 7.217917 ], [ 2.175972, 7.217639 ], [ 2.175694, 7.217361 ], [ 2.175417, 7.217083 ], [ 2.175417, 7.216806 ], [ 2.175139, 7.216528 ], [ 2.175139, 7.21625 ] ] } },
{ "type": "Feature", "properties": { "strahler_order": 1, "longueur_km": 0.97349254573543031 }, "geometry": { "type": "LineString", "coordinates": [ [ 2.05375, 7.22875 ], [ 2.054028, 7.228472 ], [ 2.054306, 7.228472 ], [ 2.054583, 7.228194 ], [ 2.054861, 7.228194 ], [ 2.055139, 7.228194 ], [ 2.055417, 7.228194 ], [ 2.055694, 7.228194 ], [ 2.055972, 7.227917 ], [ 2.05625, 7.227917 ], [ 2.056528, 7.227917 ], [ 2.056806, 7.228194 ], [ 2.057083, 7.228194 ], [ 2.057361, 7.227917 ], [ 2.057639, 7.227917 ], [ 2.057917, 7.228194 ], [ 2.058194, 7.228194 ], [ 2.058472, 7.227917 ], [ 2.058472, 7.227639 ], [ 2.058472, 7.227361 ], [ 2.058472, 7.227083 ], [ 2.058472, 7.226806 ], [ 2.05875, 7.226528 ], [ 2.05875, 7.22625 ], [ 2.05875, 7.225972 ], [ 2.05875, 7.225694 ], [ 2.05875, 7.225417 ], [ 2.05875, 7.225139 ], [ 2.058472, 7.224861 ] ] } },
{ "type": "Feature", "properties": { "strahler_order": 1, "longueur_km": 1.9210947513643941 }, "geometry": { "type": "LineString", "coordinates": [ [ 2.058472, 7.224861 ], [ 2.05875, 7.224583 ], [ 2.059028, 7.224306 ], [ 2.059306, 7.224028 ], [ 2.059583, 7.22375 ], [ 2.059861, 7.22375 ], [ 2.060139, 7.224028 ], [ 2.060417, 7.224028 ], [ 2.060694, 7.22375 ], [ 2.060694, 7.223472 ], [ 2.060694, 7.223194 ], [ 2.060694, 7.222917 ], [ 2.060694, 7.222639 ], [ 2.060972, 7.222361 ], [ 2.06125, 7.222083 ], [ 2.061528, 7.221806 ], [ 2.061528, 7.221528 ], [ 2.061528, 7.22125 ], [ 2.06125, 7.220972 ], [ 2.060972, 7.220694 ], [ 2.060972, 7.220417 ], [ 2.06125, 7.220139 ], [ 2.061528, 7.220139 ], [ 2.061806, 7.219861 ], [ 2.062083, 7.219583 ], [ 2.062361, 7.219306 ], [ 2.062639, 7.219306 ], [ 2.062917, 7.219306 ], [ 2.062917, 7.219583 ], [ 2.063194, 7.219861 ], [ 2.063472, 7.220139 ], [ 2.06375, 7.220139 ], [ 2.064028, 7.220417 ], [ 2.064306, 7.220694 ], [ 2.064583, 7.220972 ], [ 2.064861, 7.220972 ], [ 2.065139, 7.220972 ], [ 2.065417, 7.22125 ], [ 2.065694, 7.221528 ], [ 2.065972, 7.221806 ], [ 2.06625, 7.221806 ], [ 2.066528, 7.221806 ], [ 2.066806, 7.221806 ], [ 2.067083, 7.221806 ], [ 2.067361, 7.222083 ], [ 2.067639, 7.222083 ], [ 2.067917, 7.222361 ], [ 2.068194, 7.222361 ], [ 2.068472, 7.222639 ], [ 2.06875, 7.222917 ], [ 2.069028, 7.222917 ], [ 2.069306, 7.223194 ] ] } },
{ "type": "Feature", "properties": { "strahler_order": 1, "longueur_km": 0.20965907264928416 }, "geometry": { "type": "LineString", "coordinates": [ [ 2.063472, 7.22875 ], [ 2.06375, 7.22875 ], [ 2.064028, 7.229028 ], [ 2.064306, 7.229028 ], [ 2.064306, 7.22875 ], [ 2.064306, 7.228472 ], [ 2.064583, 7.228194 ] ] } },
{ "type": "Feature", "properties": { "strahler_order": 1, "longueur_km": 0.93772882027012805 }, "geometry": { "type": "LineString", "coordinates": [ [ 2.064583, 7.228194 ], [ 2.064861, 7.227917 ], [ 2.065139, 7.227639 ], [ 2.065139, 7.227361 ], [ 2.065417, 7.227083 ], [ 2.065417, 7.226806 ], [ 2.065694, 7.226528 ], [ 2.065694, 7.22625 ], [ 2.065694, 7.225972 ], [ 2.065417, 7.225694 ], [ 2.065694, 7.225417 ], [ 2.065972, 7.225139 ], [ 2.06625, 7.225139 ], [ 2.066528, 7.225139 ], [ 2.066806, 7.225139 ], [ 2.067083, 7.225139 ], [ 2.067361, 7.225139 ], [ 2.067639, 7.225139 ], [ 2.067917, 7.225139 ], [ 2.068194, 7.224861 ], [ 2.068472, 7.224583 ], [ 2.068472, 7.224306 ], [ 2.068472, 7.224028 ], [ 2.068472, 7.22375 ], [ 2.06875, 7.223472 ], [ 2.069028, 7.223194 ], [ 2.069306, 7.223194 ] ] } },
{ "type": "Feature", "properties": { "strahler_order": 1, "longueur_km": 0.31422466934836735 }, "geometry": { "type": "LineString", "coordinates": [ [ 2.069306, 7.223194 ], [ 2.069583, 7.223194 ], [ 2.069861, 7.223194 ], [ 2.070139, 7.222917 ], [ 2.070417, 7.222917 ], [ 2.070694, 7.222917 ], [ 2.070972, 7.222639 ], [ 2.07125, 7.222639 ], [ 2.07125, 7.222361 ], [ 2.071528, 7.222083 ] ] } },
{ "type": "Feature", "properties": { "strahler_order": 1, "longueur_km": 1.2646642631169585 }, "geometry": { "type": "LineString", "coordinates": [ [ 2.071528, 7.222083 ], [ 2.071528, 7.221806 ], [ 2.071528, 7.221528 ], [ 2.071528, 7.22125 ], [ 2.071806, 7.220972 ], [ 2.072083, 7.220972 ], [ 2.072361, 7.220694 ], [ 2.072361, 7.220417 ], [ 2.072361, 7.220139 ], [ 2.072361, 7.219861 ], [ 2.072361, 7.219583 ], [ 2.072083, 7.219306 ], [ 2.071806, 7.219028 ], [ 2.071528, 7.21875 ], [ 2.071806, 7.218472 ], [ 2.072083, 7.218194 ], [ 2.072361, 7.217917 ], [ 2.072639, 7.217917 ], [ 2.072917, 7.217639 ], [ 2.073194, 7.217361 ], [ 2.073472, 7.217083 ], [ 2.07375, 7.217083 ], [ 2.074028, 7.217083 ], [ 2.074306, 7.217083 ], [ 2.074583, 7.216806 ], [ 2.074861, 7.216528 ], [ 2.075139, 7.21625 ], [ 2.075417, 7.21625 ], [ 2.075694, 7.21625 ], [ 2.075972, 7.21625 ], [ 2.07625, 7.21625 ], [ 2.076528, 7.216528 ], [ 2.076806, 7.216528 ], [ 2.077083, 7.216528 ], [ 2.077361, 7.216528 ], [ 2.077639, 7.216528 ] ] } },
{ "type": "Feature", "properties": { "strahler_order": 1, "longueur_km": 2.7263766513453778 }, "geometry": { "type": "LineString", "coordinates": [ [ 2.007917, 7.227917 ], [ 2.008194, 7.227639 ], [ 2.008472, 7.227639 ], [ 2.00875, 7.227639 ], [ 2.009028, 7.227639 ], [ 2.009306, 7.227639 ], [ 2.009583, 7.227361 ], [ 2.009583, 7.227083 ], [ 2.009861, 7.226806 ], [ 2.010139, 7.226806 ], [ 2.010417, 7.226528 ], [ 2.010694, 7.226528 ], [ 2.010972, 7.226528 ], [ 2.01125, 7.226528 ], [ 2.011528, 7.226806 ], [ 2.011806, 7.226528 ], [ 2.012083, 7.22625 ], [ 2.012083, 7.225972 ], [ 2.012083, 7.225694 ], [ 2.012361, 7.225417 ], [ 2.012639, 7.225139 ], [ 2.012917, 7.224861 ], [ 2.013194, 7.224583 ], [ 2.013194, 7.224306 ], [ 2.013194, 7.224028 ], [ 2.013194, 7.22375 ], [ 2.013194, 7.223472 ], [ 2.013194, 7.223194 ], [ 2.012917, 7.222917 ], [ 2.012639, 7.222639 ], [ 2.012639, 7.222361 ], [ 2.012917, 7.222083 ], [ 2.013194, 7.222083 ], [ 2.013472, 7.221806 ], [ 2.01375, 7.221806 ], [ 2.014028, 7.221806 ], [ 2.014306, 7.221528 ], [ 2.014306, 7.22125 ], [ 2.014306, 7.220972 ], [ 2.014028, 7.220694 ], [ 2.01375, 7.220417 ], [ 2.01375, 7.220139 ], [ 2.014028, 7.219861 ], [ 2.014028, 7.219583 ], [ 2.014306, 7.219306 ], [ 2.014583, 7.219306 ], [ 2.014861, 7.219306 ], [ 2.015139, 7.219306 ], [ 2.015417, 7.219306 ], [ 2.015694, 7.219306 ], [ 2.015972, 7.219028 ], [ 2.01625, 7.219028 ], [ 2.016528, 7.21875 ], [ 2.016806, 7.218472 ], [ 2.016806, 7.218194 ], [ 2.016806, 7.217917 ], [ 2.016806, 7.217639 ], [ 2.016806, 7.217361 ], [ 2.017083, 7.217083 ], [ 2.017361, 7.216806 ], [ 2.017639, 7.217083 ], [ 2.017917, 7.217083 ], [ 2.018194, 7.216806 ], [ 2.018472, 7.216806 ], [ 2.01875, 7.216806 ], [ 2.019028, 7.217083 ], [ 2.019306, 7.217083 ], [ 2.019583, 7.216806 ], [ 2.019861, 7.216806 ], [ 2.020139, 7.216806 ], [ 2.020417, 7.217083 ], [ 2.020417, 7.217361 ], [ 2.020694, 7.217639 ], [ 2.020694, 7.217917 ], [ 2.020972, 7.217917 ], [ 2.02125, 7.217917 ], [ 2.021528, 7.217917 ] ] } },
{ "type": "Feature", "properties": { "strahler_order": 1, "longueur_km": 1.9951605158910626 }, "geometry": { "type": "LineString", "coordinates": [ [ 2.082361, 7.227639 ], [ 2.082639, 7.227917 ], [ 2.082917, 7.227917 ], [ 2.083194, 7.228194 ], [ 2.083472, 7.228194 ], [ 2.08375, 7.228194 ], [ 2.084028, 7.228194 ], [ 2.084306, 7.227917 ], [ 2.084583, 7.227639 ], [ 2.084861, 7.227639 ], [ 2.085139, 7.227639 ], [ 2.085417, 7.227639 ], [ 2.085694, 7.227639 ], [ 2.085972, 7.227639 ], [ 2.08625, 7.227639 ], [ 2.086528, 7.227361 ], [ 2.086528, 7.227083 ], [ 2.086806, 7.226806 ], [ 2.087083, 7.226528 ], [ 2.087361, 7.22625 ], [ 2.087639, 7.225972 ], [ 2.087917, 7.225694 ], [ 2.087917, 7.225417 ], [ 2.088194, 7.225139 ], [ 2.088472, 7.225139 ], [ 2.08875, 7.225139 ], [ 2.089028, 7.224861 ], [ 2.089028, 7.224583 ], [ 2.089028, 7.224306 ], [ 2.089028, 7.224028 ], [ 2.089028, 7.22375 ], [ 2.089306, 7.223472 ], [ 2.089583, 7.223472 ], [ 2.089861, 7.223472 ], [ 2.090139, 7.223472 ], [ 2.090417, 7.223472 ], [ 2.090694, 7.223194 ], [ 2.090972, 7.222917 ], [ 2.090972, 7.222639 ], [ 2.09125, 7.222361 ], [ 2.091528, 7.222083 ], [ 2.091806, 7.221806 ], [ 2.092083, 7.221528 ], [ 2.092361, 7.22125 ], [ 2.092361, 7.220972 ], [ 2.092083, 7.220694 ], [ 2.092361, 7.220417 ], [ 2.092639, 7.220139 ], [ 2.092917, 7.219861 ], [ 2.093194, 7.219583 ], [ 2.093472, 7.219306 ], [ 2.09375, 7.219028 ], [ 2.094028, 7.21875 ], [ 2.094306, 7.218472 ] ] } },
{ "type": "Feature", "properties": { "strahler_order": 1, "longueur_km": 2.989648176335558 }, "geometry": { "type": "LineString", "coordinates": [ [ 2.094306, 7.218472 ], [ 2.094583, 7.218194 ], [ 2.094861, 7.217917 ], [ 2.095139, 7.217917 ], [ 2.095417, 7.217639 ], [ 2.095694, 7.217361 ], [ 2.095972, 7.217083 ], [ 2.09625, 7.216806 ], [ 2.09625, 7.216528 ], [ 2.096528, 7.21625 ], [ 2.096806, 7.215972 ], [ 2.096806, 7.215694 ], [ 2.096806, 7.215417 ], [ 2.097083, 7.215139 ], [ 2.097361, 7.214861 ], [ 2.097361, 7.214583 ], [ 2.097639, 7.214306 ], [ 2.097639, 7.214028 ], [ 2.097917, 7.214028 ], [ 2.098194, 7.21375 ], [ 2.098472, 7.213472 ], [ 2.09875, 7.213194 ], [ 2.099028, 7.213194 ], [ 2.099306, 7.213194 ], [ 2.099583, 7.213194 ], [ 2.099861, 7.212917 ], [ 2.100139, 7.212639 ], [ 2.100139, 7.212361 ], [ 2.100417, 7.212083 ], [ 2.100417, 7.211806 ], [ 2.100417, 7.211528 ], [ 2.100694, 7.21125 ], [ 2.100694, 7.210972 ], [ 2.100694, 7.210694 ], [ 2.100694, 7.210417 ], [ 2.100972, 7.210139 ], [ 2.10125, 7.209861 ], [ 2.101528, 7.209583 ], [ 2.101806, 7.209306 ], [ 2.101806, 7.209028 ], [ 2.101806, 7.20875 ], [ 2.101806, 7.208472 ], [ 2.102083, 7.208194 ], [ 2.102361, 7.207917 ], [ 2.102639, 7.207639 ], [ 2.102639, 7.207361 ], [ 2.102639, 7.207083 ], [ 2.102361, 7.206806 ], [ 2.102361, 7.206528 ], [ 2.102361, 7.20625 ], [ 2.102361, 7.205972 ], [ 2.102083, 7.205694 ], [ 2.102083, 7.205417 ], [ 2.102083, 7.205139 ], [ 2.102361, 7.204861 ], [ 2.102639, 7.204583 ], [ 2.102917, 7.204306 ], [ 2.102917, 7.204028 ], [ 2.102639, 7.20375 ], [ 2.102361, 7.203472 ], [ 2.102083, 7.203194 ], [ 2.101806, 7.202917 ], [ 2.102083, 7.202639 ], [ 2.102361, 7.202639 ], [ 2.102639, 7.202361 ], [ 2.102917, 7.202083 ], [ 2.102917, 7.201806 ], [ 2.102917, 7.201528 ], [ 2.102917, 7.20125 ], [ 2.103194, 7.200972 ], [ 2.103194, 7.200694 ], [ 2.103194, 7.200417 ], [ 2.103194, 7.200139 ], [ 2.103472, 7.199861 ], [ 2.103472, 7.199583 ], [ 2.10375, 7.199306 ], [ 2.104028, 7.199028 ], [ 2.104306, 7.19875 ], [ 2.104583, 7.19875 ], [ 2.104861, 7.19875 ], [ 2.105139, 7.19875 ] ] } },
{ "type": "Feature", "properties": { "strahler_order": 1, "longueur_km": 1.7459491267995342 }, "geometry": { "type": "LineString", "coordinates": [ [ 2.105139, 7.19875 ], [ 2.105417, 7.198472 ], [ 2.105694, 7.198194 ], [ 2.105972, 7.197917 ], [ 2.105972, 7.197639 ], [ 2.105972, 7.197361 ], [ 2.10625, 7.197083 ], [ 2.10625, 7.196806 ], [ 2.106528, 7.196528 ], [ 2.106806, 7.19625 ], [ 2.106806, 7.195972 ], [ 2.106806, 7.195694 ], [ 2.106806, 7.195417 ], [ 2.106528, 7.195139 ], [ 2.106528, 7.194861 ], [ 2.10625, 7.194583 ], [ 2.105972, 7.194306 ], [ 2.105972, 7.194028 ], [ 2.105694, 7.194028 ], [ 2.105417, 7.19375 ], [ 2.105139, 7.193472 ], [ 2.104861, 7.193472 ], [ 2.104583, 7.193472 ], [ 2.104583, 7.193194 ], [ 2.104583, 7.192917 ], [ 2.104583, 7.192639 ], [ 2.104583, 7.192361 ], [ 2.104583, 7.192083 ], [ 2.104583, 7.191806 ], [ 2.104306, 7.191528 ], [ 2.104028, 7.19125 ], [ 2.104028, 7.190972 ], [ 2.10375, 7.190694 ], [ 2.10375, 7.190417 ], [ 2.10375, 7.190139 ], [ 2.10375, 7.189861 ], [ 2.104028, 7.189583 ], [ 2.104028, 7.189306 ], [ 2.104028, 7.189028 ], [ 2.104028, 7.18875 ], [ 2.104306, 7.188472 ], [ 2.104306, 7.188194 ], [ 2.104306, 7.187917 ], [ 2.104306, 7.187639 ], [ 2.104028, 7.187361 ], [ 2.104306, 7.187083 ], [ 2.104306, 7.186806 ], [ 2.104306, 7.186528 ], [ 2.104583, 7.18625 ], [ 2.104583, 7.185972 ] ] } },
{ "type": "Feature", "properties": { "strahler_order": 1, "longueur_km": 0.50589969093561638 }, "geometry": { "type": "LineString", "coordinates": [ [ 2.197639, 7.22625 ], [ 2.197917, 7.225972 ], [ 2.198194, 7.225972 ], [ 2.198472, 7.225972 ], [ 2.19875, 7.225972 ], [ 2.199028, 7.225972 ], [ 2.199306, 7.22625 ], [ 2.199583, 7.226528 ], [ 2.199861, 7.226528 ], [ 2.200139, 7.22625 ], [ 2.200417, 7.22625 ], [ 2.200694, 7.225972 ], [ 2.200972, 7.225972 ], [ 2.20125, 7.225694 ], [ 2.201528, 7.225694 ] ] } },
{ "type": "Feature", "properties": { "strahler_order": 1, "longueur_km": 0.91956213236904494 }, "geometry": { "type": "LineString", "coordinates": [ [ 2.201528, 7.225694 ], [ 2.201806, 7.225417 ], [ 2.202083, 7.225417 ], [ 2.202361, 7.225417 ], [ 2.202639, 7.225417 ], [ 2.202917, 7.225417 ], [ 2.203194, 7.225139 ], [ 2.203472, 7.225139 ], [ 2.20375, 7.225139 ], [ 2.204028, 7.225139 ], [ 2.204306, 7.225139 ], [ 2.204583, 7.225417 ], [ 2.204861, 7.225694 ], [ 2.205139, 7.225972 ], [ 2.205417, 7.22625 ], [ 2.205694, 7.226528 ], [ 2.205972, 7.226806 ], [ 2.20625, 7.226806 ], [ 2.206528, 7.226806 ], [ 2.206806, 7.226528 ], [ 2.207083, 7.22625 ], [ 2.207361, 7.22625 ], [ 2.207639, 7.22625 ], [ 2.207917, 7.226528 ], [ 2.208194, 7.226528 ], [ 2.208472, 7.226806 ] ] } },
{ "type": "Feature", "properties": { "strahler_order": 1, "longueur_km": 0.15335567936952388 }, "geometry": { "type": "LineString", "coordinates": [ [ 2.208472, 7.226806 ], [ 2.20875, 7.226806 ], [ 2.209028, 7.226806 ], [ 2.209306, 7.226806 ], [ 2.209583, 7.226806 ], [ 2.209861, 7.226806 ] ] } },
{ "type": "Feature", "properties": { "strahler_order": 1, "longueur_km": 0.69227927868844485 }, "geometry": { "type": "LineString", "coordinates": [ [ 2.209861, 7.226806 ], [ 2.210139, 7.226528 ], [ 2.210417, 7.226528 ], [ 2.210694, 7.22625 ], [ 2.210972, 7.225972 ], [ 2.21125, 7.225694 ], [ 2.21125, 7.225417 ], [ 2.21125, 7.225139 ], [ 2.211528, 7.224861 ], [ 2.211806, 7.224583 ], [ 2.212083, 7.224306 ], [ 2.212083, 7.224028 ], [ 2.212361, 7.22375 ], [ 2.212639, 7.22375 ], [ 2.212917, 7.223472 ], [ 2.213194, 7.223194 ], [ 2.213472, 7.223194 ], [ 2.21375, 7.223194 ], [ 2.214028, 7.222917 ] ] } },
{ "type": "Feature", "properties": { "strahler_order": 1, "longueur_km": 2.3759485805725267 }, "geometry": { "type": "LineString", "coordinates": [ [ 1.990972, 7.225417 ], [ 1.990694, 7.225694 ], [ 1.990417, 7.225972 ], [ 1.990139, 7.22625 ], [ 1.989861, 7.22625 ], [ 1.989583, 7.22625 ], [ 1.989306, 7.22625 ], [ 1.989028, 7.226528 ], [ 1.98875, 7.226806 ], [ 1.988472, 7.227083 ], [ 1.988194, 7.227083 ], [ 1.987917, 7.227361 ], [ 1.987639, 7.227639 ], [ 1.987917, 7.227917 ], [ 1.987917, 7.228194 ], [ 1.987917, 7.228472 ], [ 1.987917, 7.22875 ], [ 1.988194, 7.229028 ], [ 1.987917, 7.229306 ], [ 1.987917, 7.229583 ], [ 1.987639, 7.229861 ], [ 1.987361, 7.230139 ], [ 1.987639, 7.230417 ], [ 1.987639, 7.230694 ], [ 1.987361, 7.230972 ], [ 1.987083, 7.23125 ], [ 1.987083, 7.231528 ], [ 1.986806, 7.231806 ], [ 1.986528, 7.231806 ], [ 1.98625, 7.231806 ], [ 1.985972, 7.231806 ], [ 1.985694, 7.231806 ], [ 1.985417, 7.231806 ], [ 1.985139, 7.231806 ], [ 1.984861, 7.231806 ], [ 1.984583, 7.231806 ], [ 1.984306, 7.231806 ], [ 1.984028, 7.231806 ], [ 1.98375, 7.232083 ], [ 1.983472, 7.232361 ], [ 1.983472, 7.232639 ], [ 1.983472, 7.232917 ], [ 1.983194, 7.233194 ], [ 1.982917, 7.233472 ], [ 1.982639, 7.23375 ], [ 1.982361, 7.234028 ], [ 1.982083, 7.234028 ], [ 1.981806, 7.234028 ], [ 1.981528, 7.23375 ], [ 1.98125, 7.23375 ], [ 1.980972, 7.234028 ], [ 1.980694, 7.234306 ], [ 1.980417, 7.234583 ], [ 1.980139, 7.234583 ], [ 1.979861, 7.234583 ], [ 1.979583, 7.234583 ], [ 1.979306, 7.234583 ], [ 1.979028, 7.234861 ], [ 1.979028, 7.235139 ], [ 1.979028, 7.235417 ], [ 1.979028, 7.235694 ], [ 1.979306, 7.235972 ], [ 1.979583, 7.235972 ], [ 1.979861, 7.235972 ], [ 1.980139, 7.23625 ], [ 1.980139, 7.236528 ] ] } },
{ "type": "Feature", "properties": { "strahler_order": 1, "longueur_km": 1.2951718975445183 }, "geometry": { "type": "LineString", "coordinates": [ [ 1.980139, 7.236528 ], [ 1.979861, 7.236806 ], [ 1.979583, 7.236806 ], [ 1.979306, 7.237083 ], [ 1.979028, 7.237083 ], [ 1.97875, 7.237083 ], [ 1.978472, 7.237083 ], [ 1.978194, 7.237361 ], [ 1.977917, 7.237361 ], [ 1.977639, 7.237361 ], [ 1.977361, 7.237361 ], [ 1.977083, 7.237361 ], [ 1.976806, 7.237361 ], [ 1.976528, 7.237361 ], [ 1.97625, 7.237361 ], [ 1.975972, 7.237361 ], [ 1.975694, 7.237361 ], [ 1.975417, 7.237639 ], [ 1.975139, 7.237639 ], [ 1.975139, 7.237917 ], [ 1.974861, 7.238194 ], [ 1.974583, 7.238472 ], [ 1.974306, 7.23875 ], [ 1.974028, 7.23875 ], [ 1.97375, 7.23875 ], [ 1.973472, 7.239028 ], [ 1.973194, 7.239306 ], [ 1.972917, 7.239583 ], [ 1.972639, 7.239583 ], [ 1.972361, 7.239583 ], [ 1.972083, 7.239306 ], [ 1.971806, 7.239306 ], [ 1.971528, 7.239306 ], [ 1.97125, 7.239028 ], [ 1.970972, 7.23875 ], [ 1.970694, 7.238472 ], [ 1.970417, 7.238194 ] ] } },
{ "type": "Feature", "properties": { "strahler_order": 1, "longueur_km": 1.875923796561856 }, "geometry": { "type": "LineString", "coordinates": [ [ 2.022361, 7.224861 ], [ 2.022639, 7.224583 ], [ 2.022917, 7.224583 ], [ 2.023194, 7.224306 ], [ 2.023472, 7.224306 ], [ 2.02375, 7.224028 ], [ 2.024028, 7.224028 ], [ 2.024306, 7.224028 ], [ 2.024583, 7.22375 ], [ 2.024583, 7.223472 ], [ 2.024861, 7.223194 ], [ 2.024861, 7.222917 ], [ 2.024861, 7.222639 ], [ 2.024861, 7.222361 ], [ 2.024861, 7.222083 ], [ 2.025139, 7.222083 ], [ 2.025417, 7.221806 ], [ 2.025417, 7.221528 ], [ 2.025417, 7.22125 ], [ 2.025417, 7.220972 ], [ 2.025417, 7.220694 ], [ 2.025139, 7.220417 ], [ 2.024861, 7.220139 ], [ 2.024583, 7.219861 ], [ 2.024583, 7.219583 ], [ 2.024583, 7.219306 ], [ 2.024583, 7.219028 ], [ 2.024583, 7.21875 ], [ 2.024583, 7.218472 ], [ 2.024583, 7.218194 ], [ 2.024861, 7.217917 ], [ 2.025139, 7.217639 ], [ 2.025417, 7.217639 ], [ 2.025694, 7.217917 ], [ 2.025972, 7.218194 ], [ 2.02625, 7.218194 ], [ 2.026528, 7.217917 ], [ 2.026806, 7.217639 ], [ 2.027083, 7.217361 ], [ 2.027083, 7.217083 ], [ 2.027361, 7.216806 ], [ 2.027639, 7.216528 ], [ 2.027917, 7.21625 ], [ 2.028194, 7.21625 ], [ 2.028194, 7.215972 ], [ 2.028194, 7.215694 ], [ 2.028194, 7.215417 ], [ 2.027917, 7.215139 ], [ 2.027639, 7.214861 ], [ 2.027639, 7.214583 ], [ 2.027361, 7.214583 ], [ 2.027083, 7.214306 ], [ 2.027083, 7.214028 ] ] } },
{ "type": "Feature", "properties": { "strahler_order": 1, "longueur_km": 2.0511820143633117 }, "geometry": { "type": "LineString", "coordinates": [ [ 2.029306, 7.224306 ], [ 2.029583, 7.224028 ], [ 2.029861, 7.22375 ], [ 2.030139, 7.223472 ], [ 2.030139, 7.223194 ], [ 2.030417, 7.222917 ], [ 2.030417, 7.222639 ], [ 2.030694, 7.222361 ], [ 2.030694, 7.222083 ], [ 2.030972, 7.221806 ], [ 2.030972, 7.221528 ], [ 2.03125, 7.221528 ], [ 2.031528, 7.22125 ], [ 2.031806, 7.220972 ], [ 2.032083, 7.220694 ], [ 2.032361, 7.220417 ], [ 2.032639, 7.220139 ], [ 2.032917, 7.219861 ], [ 2.033194, 7.219583 ], [ 2.033472, 7.219306 ], [ 2.033472, 7.219028 ], [ 2.033472, 7.21875 ], [ 2.03375, 7.218472 ], [ 2.034028, 7.218194 ], [ 2.034306, 7.217917 ], [ 2.034583, 7.217917 ], [ 2.034861, 7.218194 ], [ 2.035139, 7.218194 ], [ 2.035417, 7.218472 ], [ 2.035694, 7.21875 ], [ 2.035694, 7.219028 ], [ 2.035694, 7.219306 ], [ 2.035972, 7.219583 ], [ 2.03625, 7.219583 ], [ 2.036528, 7.219583 ], [ 2.036806, 7.219583 ], [ 2.037083, 7.219583 ], [ 2.037361, 7.219861 ], [ 2.037639, 7.219861 ], [ 2.037917, 7.219861 ], [ 2.038194, 7.219861 ], [ 2.038472, 7.219861 ], [ 2.03875, 7.219861 ], [ 2.039028, 7.220139 ], [ 2.039306, 7.220139 ], [ 2.039583, 7.220417 ], [ 2.039861, 7.220694 ], [ 2.040139, 7.220972 ], [ 2.040417, 7.22125 ], [ 2.040694, 7.221528 ], [ 2.040972, 7.221528 ], [ 2.04125, 7.221806 ], [ 2.041528, 7.222083 ], [ 2.041806, 7.222083 ], [ 2.042083, 7.221806 ] ] } },
{ "type": "Feature", "properties": { "strahler_order": 1, "longueur_km": 0.31446758335533642 }, "geometry": { "type": "LineString", "coordinates": [ [ 2.04125, 7.224306 ], [ 2.04125, 7.224028 ], [ 2.041528, 7.22375 ], [ 2.041806, 7.223472 ], [ 2.041806, 7.223194 ], [ 2.042083, 7.222917 ], [ 2.042083, 7.222639 ], [ 2.042083, 7.222361 ], [ 2.042083, 7.222083 ], [ 2.042083, 7.221806 ] ] } },
{ "type": "Feature", "properties": { "strahler_order": 1, "longueur_km": 9.0541673628093449 }, "geometry": { "type": "LineString", "coordinates": [ [ 2.042083, 7.221806 ], [ 2.042083, 7.221528 ], [ 2.042083, 7.22125 ], [ 2.042083, 7.220972 ], [ 2.042361, 7.220694 ], [ 2.042639, 7.220417 ], [ 2.042917, 7.220139 ], [ 2.042917, 7.219861 ], [ 2.043194, 7.219583 ], [ 2.043194, 7.219306 ], [ 2.043194, 7.219028 ], [ 2.043194, 7.21875 ], [ 2.043194, 7.218472 ], [ 2.043194, 7.218194 ], [ 2.043472, 7.217917 ], [ 2.043472, 7.217639 ], [ 2.04375, 7.217361 ], [ 2.044028, 7.217083 ], [ 2.044306, 7.216806 ], [ 2.044306, 7.216528 ], [ 2.044306, 7.21625 ], [ 2.044583, 7.215972 ], [ 2.044861, 7.215694 ], [ 2.044861, 7.215417 ], [ 2.044861, 7.215139 ], [ 2.045139, 7.214861 ], [ 2.045417, 7.214583 ], [ 2.045694, 7.214583 ], [ 2.045972, 7.214306 ], [ 2.04625, 7.214028 ], [ 2.046528, 7.214028 ], [ 2.046528, 7.21375 ], [ 2.046528, 7.213472 ], [ 2.046806, 7.213194 ], [ 2.047083, 7.212917 ], [ 2.046806, 7.212639 ], [ 2.046806, 7.212361 ], [ 2.046528, 7.212083 ], [ 2.046528, 7.211806 ], [ 2.046806, 7.211528 ], [ 2.047083, 7.211528 ], [ 2.047083, 7.21125 ], [ 2.047361, 7.210972 ], [ 2.047639, 7.210972 ], [ 2.047917, 7.210972 ], [ 2.048194, 7.210972 ], [ 2.048472, 7.21125 ], [ 2.04875, 7.21125 ], [ 2.049028, 7.21125 ], [ 2.049306, 7.21125 ], [ 2.049583, 7.21125 ], [ 2.049861, 7.210972 ], [ 2.050139, 7.210972 ], [ 2.050417, 7.210972 ], [ 2.050694, 7.210972 ], [ 2.050972, 7.210972 ], [ 2.05125, 7.210972 ], [ 2.051528, 7.210694 ], [ 2.051806, 7.210694 ], [ 2.052083, 7.210694 ], [ 2.052361, 7.210694 ], [ 2.052639, 7.210694 ], [ 2.052917, 7.210417 ], [ 2.053194, 7.210139 ], [ 2.053472, 7.209861 ], [ 2.053472, 7.209583 ], [ 2.05375, 7.209306 ], [ 2.054028, 7.209028 ], [ 2.054306, 7.20875 ], [ 2.054306, 7.208472 ], [ 2.054306, 7.208194 ], [ 2.054583, 7.207917 ], [ 2.054861, 7.207639 ], [ 2.055139, 7.207361 ], [ 2.055417, 7.207083 ], [ 2.055694, 7.207083 ], [ 2.055972, 7.206806 ], [ 2.05625, 7.206528 ], [ 2.05625, 7.20625 ], [ 2.05625, 7.205972 ], [ 2.05625, 7.205694 ], [ 2.055972, 7.205417 ], [ 2.055694, 7.205139 ], [ 2.055972, 7.204861 ], [ 2.05625, 7.204583 ], [ 2.056528, 7.204306 ], [ 2.056806, 7.204028 ], [ 2.057083, 7.204028 ], [ 2.057361, 7.20375 ], [ 2.057361, 7.203472 ], [ 2.057361, 7.203194 ], [ 2.057361, 7.202917 ], [ 2.057639, 7.202639 ], [ 2.057917, 7.202361 ], [ 2.058194, 7.202361 ], [ 2.058472, 7.202361 ], [ 2.05875, 7.202639 ], [ 2.059028, 7.202639 ], [ 2.059306, 7.202361 ], [ 2.059583, 7.202083 ], [ 2.059583, 7.201806 ], [ 2.059583, 7.201528 ], [ 2.059306, 7.20125 ], [ 2.059583, 7.200972 ], [ 2.059861, 7.200694 ], [ 2.060139, 7.200417 ], [ 2.060139, 7.200139 ], [ 2.060139, 7.199861 ], [ 2.059861, 7.199583 ], [ 2.059583, 7.199583 ], [ 2.059306, 7.199306 ], [ 2.059028, 7.199028 ], [ 2.05875, 7.19875 ], [ 2.058472, 7.198472 ], [ 2.058472, 7.198194 ], [ 2.05875, 7.197917 ], [ 2.059028, 7.197639 ], [ 2.059306, 7.197639 ], [ 2.059583, 7.197639 ], [ 2.059861, 7.197639 ], [ 2.060139, 7.197639 ], [ 2.060417, 7.197639 ], [ 2.060694, 7.197639 ], [ 2.060972, 7.197361 ], [ 2.06125, 7.197083 ], [ 2.061528, 7.197083 ], [ 2.061806, 7.196806 ], [ 2.062083, 7.196806 ], [ 2.062361, 7.196806 ], [ 2.062639, 7.196806 ], [ 2.062917, 7.196806 ], [ 2.063194, 7.196806 ], [ 2.063472, 7.196806 ], [ 2.06375, 7.196806 ], [ 2.064028, 7.196528 ], [ 2.064306, 7.19625 ], [ 2.064306, 7.195972 ], [ 2.064306, 7.195694 ], [ 2.064583, 7.195417 ], [ 2.064861, 7.195139 ], [ 2.065139, 7.194861 ], [ 2.065139, 7.194583 ], [ 2.065139, 7.194306 ], [ 2.065139, 7.194028 ], [ 2.065139, 7.19375 ], [ 2.065417, 7.193472 ], [ 2.065417, 7.193194 ], [ 2.065417, 7.192917 ], [ 2.065139, 7.192639 ], [ 2.065139, 7.192361 ], [ 2.065139, 7.192083 ], [ 2.065417, 7.191806 ], [ 2.065417, 7.191528 ], [ 2.065694, 7.19125 ], [ 2.065972, 7.190972 ], [ 2.065972, 7.190694 ], [ 2.065972, 7.190417 ], [ 2.065972, 7.190139 ], [ 2.065694, 7.189861 ], [ 2.065694, 7.189583 ], [ 2.065694, 7.189306 ], [ 2.065694, 7.189028 ], [ 2.065694, 7.18875 ], [ 2.065972, 7.188472 ], [ 2.06625, 7.188472 ], [ 2.066528, 7.188194 ], [ 2.066806, 7.187917 ], [ 2.067083, 7.187917 ], [ 2.067361, 7.187639 ], [ 2.067639, 7.187361 ], [ 2.067917, 7.187083 ], [ 2.067917, 7.186806 ], [ 2.067917, 7.186528 ], [ 2.067917, 7.18625 ], [ 2.068194, 7.185972 ], [ 2.068472, 7.185694 ], [ 2.068472, 7.185417 ], [ 2.068472, 7.185139 ], [ 2.068472, 7.184861 ], [ 2.068194, 7.184583 ], [ 2.068194, 7.184306 ], [ 2.068194, 7.184028 ], [ 2.068194, 7.18375 ], [ 2.067917, 7.183472 ], [ 2.067917, 7.183194 ], [ 2.068194, 7.182917 ], [ 2.068472, 7.182917 ], [ 2.06875, 7.182639 ], [ 2.069028, 7.182639 ], [ 2.069306, 7.182639 ], [ 2.069583, 7.182639 ], [ 2.069861, 7.182361 ], [ 2.070139, 7.182083 ], [ 2.070139, 7.181806 ], [ 2.070139, 7.181528 ], [ 2.069861, 7.18125 ], [ 2.069583, 7.180972 ], [ 2.069861, 7.180694 ], [ 2.070139, 7.180417 ], [ 2.070417, 7.180139 ], [ 2.070417, 7.179861 ], [ 2.070694, 7.179583 ], [ 2.070972, 7.179583 ], [ 2.07125, 7.179583 ], [ 2.071528, 7.179306 ], [ 2.071528, 7.179028 ], [ 2.071528, 7.17875 ], [ 2.071528, 7.178472 ], [ 2.071528, 7.178194 ], [ 2.071528, 7.177917 ], [ 2.07125, 7.177639 ], [ 2.070972, 7.177361 ], [ 2.070694, 7.177083 ], [ 2.070972, 7.176806 ], [ 2.07125, 7.176528 ], [ 2.071528, 7.176528 ], [ 2.071806, 7.176528 ], [ 2.072083, 7.176528 ], [ 2.072083, 7.17625 ], [ 2.072083, 7.175972 ], [ 2.072361, 7.175694 ], [ 2.072361, 7.175417 ], [ 2.072361, 7.175139 ], [ 2.072361, 7.174861 ], [ 2.072639, 7.174583 ], [ 2.072639, 7.174306 ], [ 2.072639, 7.174028 ], [ 2.072639, 7.17375 ], [ 2.072639, 7.173472 ], [ 2.072639, 7.173194 ], [ 2.072361, 7.172917 ], [ 2.072083, 7.172639 ], [ 2.071806, 7.172361 ], [ 2.071806, 7.172083 ], [ 2.071806, 7.171806 ], [ 2.071806, 7.171528 ], [ 2.072083, 7.17125 ], [ 2.072083, 7.170972 ], [ 2.072361, 7.170694 ], [ 2.072639, 7.170417 ], [ 2.072639, 7.170139 ], [ 2.072361, 7.169861 ], [ 2.072083, 7.169583 ], [ 2.072083, 7.169306 ], [ 2.072083, 7.169028 ], [ 2.072083, 7.16875 ], [ 2.071806, 7.168472 ], [ 2.071528, 7.168194 ], [ 2.071528, 7.167917 ], [ 2.07125, 7.167639 ] ] } },
{ "type": "Feature", "properties": { "strahler_order": 1, "longueur_km": 0.22240423465862921 }, "geometry": { "type": "LineString", "coordinates": [ [ 2.213472, 7.224306 ], [ 2.21375, 7.224028 ], [ 2.214028, 7.22375 ], [ 2.214306, 7.223472 ], [ 2.214306, 7.223194 ], [ 2.214306, 7.222917 ], [ 2.214306, 7.222639 ] ] } },
{ "type": "Feature", "properties": { "strahler_order": 1, "longueur_km": 2.2246652647899476 }, "geometry": { "type": "LineString", "coordinates": [ [ 2.144583, 7.224028 ], [ 2.144861, 7.22375 ], [ 2.145139, 7.223472 ], [ 2.145417, 7.223194 ], [ 2.145694, 7.222917 ], [ 2.145972, 7.222639 ], [ 2.14625, 7.222361 ], [ 2.146528, 7.222361 ], [ 2.146806, 7.222361 ], [ 2.147083, 7.222083 ], [ 2.147361, 7.222083 ], [ 2.147639, 7.221806 ], [ 2.147917, 7.221528 ], [ 2.148194, 7.22125 ], [ 2.148472, 7.22125 ], [ 2.14875, 7.22125 ], [ 2.149028, 7.220972 ], [ 2.149306, 7.220694 ], [ 2.149583, 7.220694 ], [ 2.149861, 7.220694 ], [ 2.149861, 7.220972 ], [ 2.150139, 7.22125 ], [ 2.150417, 7.221528 ], [ 2.150694, 7.221806 ], [ 2.150972, 7.222083 ], [ 2.15125, 7.222083 ], [ 2.151528, 7.222361 ], [ 2.151806, 7.222361 ], [ 2.152083, 7.222361 ], [ 2.152361, 7.222083 ], [ 2.152639, 7.221806 ], [ 2.152917, 7.221528 ], [ 2.153194, 7.22125 ], [ 2.153472, 7.220972 ], [ 2.15375, 7.220694 ], [ 2.154028, 7.220417 ], [ 2.154306, 7.220139 ], [ 2.154583, 7.219861 ], [ 2.154861, 7.219861 ], [ 2.155139, 7.219583 ], [ 2.155417, 7.219583 ], [ 2.155694, 7.219306 ], [ 2.155972, 7.219028 ], [ 2.15625, 7.21875 ], [ 2.156528, 7.219028 ], [ 2.156806, 7.219306 ], [ 2.157083, 7.219306 ], [ 2.157361, 7.219306 ], [ 2.157639, 7.219306 ], [ 2.157917, 7.219306 ], [ 2.158194, 7.219306 ], [ 2.158472, 7.219306 ], [ 2.15875, 7.219306 ], [ 2.159028, 7.219583 ], [ 2.159306, 7.219583 ], [ 2.159583, 7.219583 ], [ 2.159861, 7.219583 ], [ 2.160139, 7.219861 ], [ 2.160417, 7.220139 ] ] } },
{ "type": "Feature", "properties": { "strahler_order": 1, "longueur_km": 3.4995408094459153 }, "geometry": { "type": "LineString", "coordinates": [ [ 2.160417, 7.220139 ], [ 2.160694, 7.219861 ], [ 2.160972, 7.219583 ], [ 2.16125, 7.219306 ], [ 2.161528, 7.219028 ], [ 2.161806, 7.219028 ], [ 2.162083, 7.21875 ], [ 2.162361, 7.218472 ], [ 2.162639, 7.218194 ], [ 2.162917, 7.217917 ], [ 2.163194, 7.217639 ], [ 2.163472, 7.217361 ], [ 2.16375, 7.217083 ], [ 2.164028, 7.217361 ], [ 2.164306, 7.217361 ], [ 2.164583, 7.217083 ], [ 2.164861, 7.216806 ], [ 2.165139, 7.216528 ], [ 2.165139, 7.21625 ], [ 2.165417, 7.215972 ], [ 2.165417, 7.215694 ], [ 2.165694, 7.215417 ], [ 2.165694, 7.215139 ], [ 2.165694, 7.214861 ], [ 2.165417, 7.214583 ], [ 2.165417, 7.214306 ], [ 2.165139, 7.214028 ], [ 2.165139, 7.21375 ], [ 2.164861, 7.213472 ], [ 2.164583, 7.213194 ], [ 2.164583, 7.212917 ], [ 2.164861, 7.212639 ], [ 2.165139, 7.212361 ], [ 2.165417, 7.212083 ], [ 2.165694, 7.211806 ], [ 2.165972, 7.211528 ], [ 2.16625, 7.21125 ], [ 2.166528, 7.21125 ], [ 2.166806, 7.21125 ], [ 2.167083, 7.21125 ], [ 2.167361, 7.21125 ], [ 2.167639, 7.21125 ], [ 2.167917, 7.210972 ], [ 2.168194, 7.210694 ], [ 2.168472, 7.210417 ], [ 2.16875, 7.210139 ], [ 2.169028, 7.210139 ], [ 2.169306, 7.210139 ], [ 2.169583, 7.210139 ], [ 2.169861, 7.210139 ], [ 2.170139, 7.210139 ], [ 2.170417, 7.209861 ], [ 2.170694, 7.210139 ], [ 2.170972, 7.210139 ], [ 2.17125, 7.210417 ], [ 2.171528, 7.210694 ], [ 2.171806, 7.210417 ], [ 2.172083, 7.210417 ], [ 2.172361, 7.210417 ], [ 2.172639, 7.210417 ], [ 2.172917, 7.210417 ], [ 2.173194, 7.210417 ], [ 2.173472, 7.210417 ], [ 2.17375, 7.210417 ], [ 2.174028, 7.210417 ], [ 2.174306, 7.210417 ], [ 2.174583, 7.210694 ], [ 2.174861, 7.210972 ], [ 2.175139, 7.21125 ], [ 2.175417, 7.21125 ], [ 2.175694, 7.211528 ], [ 2.175972, 7.21125 ], [ 2.17625, 7.21125 ], [ 2.176528, 7.21125 ], [ 2.176806, 7.21125 ], [ 2.177083, 7.211528 ], [ 2.177361, 7.211806 ], [ 2.177639, 7.211806 ], [ 2.177917, 7.212083 ], [ 2.178194, 7.212083 ], [ 2.178472, 7.211806 ], [ 2.17875, 7.211806 ], [ 2.179028, 7.211806 ], [ 2.179306, 7.211806 ], [ 2.179583, 7.211806 ], [ 2.179861, 7.211806 ], [ 2.180139, 7.211806 ], [ 2.180417, 7.211806 ], [ 2.180694, 7.211806 ], [ 2.180972, 7.211806 ], [ 2.18125, 7.211806 ], [ 2.181528, 7.211528 ], [ 2.181806, 7.211528 ], [ 2.182083, 7.211528 ], [ 2.182361, 7.211528 ], [ 2.182639, 7.211528 ] ] } },
{ "type": "Feature", "properties": { "strahler_order": 1, "longueur_km": 0.44479841277213605 }, "geometry": { "type": "LineString", "coordinates": [ [ 2.18875, 7.224028 ], [ 2.188472, 7.22375 ], [ 2.188194, 7.223472 ], [ 2.187917, 7.223194 ], [ 2.187639, 7.222917 ], [ 2.187639, 7.222639 ], [ 2.187639, 7.222361 ], [ 2.187639, 7.222083 ], [ 2.187361, 7.221806 ], [ 2.187083, 7.221528 ], [ 2.187083, 7.22125 ], [ 2.187083, 7.220972 ], [ 2.187083, 7.220694 ] ] } },
{ "type": "Feature", "properties": { "strahler_order": 1, "longueur_km": 1.3181977900680175 }, "geometry": { "type": "LineString", "coordinates": [ [ 1.939583, 7.22375 ], [ 1.939306, 7.22375 ], [ 1.939028, 7.224028 ], [ 1.93875, 7.224028 ], [ 1.938472, 7.224028 ], [ 1.938194, 7.224028 ], [ 1.937917, 7.224306 ], [ 1.937639, 7.224583 ], [ 1.937361, 7.224583 ], [ 1.937083, 7.224583 ], [ 1.936806, 7.224861 ], [ 1.936528, 7.225139 ], [ 1.936528, 7.225417 ], [ 1.93625, 7.225694 ], [ 1.93625, 7.225972 ], [ 1.93625, 7.22625 ], [ 1.93625, 7.226528 ], [ 1.935972, 7.226806 ], [ 1.935694, 7.227083 ], [ 1.935417, 7.227083 ], [ 1.935139, 7.227083 ], [ 1.934861, 7.227083 ], [ 1.934583, 7.227083 ], [ 1.934306, 7.227083 ], [ 1.934028, 7.227083 ], [ 1.93375, 7.226806 ], [ 1.933472, 7.226806 ], [ 1.933194, 7.226806 ], [ 1.932917, 7.227083 ], [ 1.932639, 7.227083 ], [ 1.932361, 7.227083 ], [ 1.932083, 7.227083 ], [ 1.931806, 7.227083 ], [ 1.931528, 7.226806 ], [ 1.93125, 7.226806 ], [ 1.930972, 7.226806 ], [ 1.930694, 7.227083 ], [ 1.930417, 7.227083 ], [ 1.930139, 7.227083 ] ] } },
{ "type": "Feature", "properties": { "strahler_order": 1, "longueur_km": 2.8849197858978051 }, "geometry": { "type": "LineString", "coordinates": [ [ 2.134306, 7.22375 ], [ 2.134583, 7.223472 ], [ 2.134861, 7.223194 ], [ 2.135139, 7.222917 ], [ 2.135417, 7.222639 ], [ 2.135694, 7.222361 ], [ 2.135694, 7.222083 ], [ 2.135972, 7.221806 ], [ 2.13625, 7.221528 ], [ 2.13625, 7.22125 ], [ 2.136528, 7.220972 ], [ 2.13625, 7.220694 ], [ 2.13625, 7.220417 ], [ 2.136528, 7.220139 ], [ 2.136806, 7.219861 ], [ 2.137083, 7.219583 ], [ 2.137361, 7.219583 ], [ 2.137639, 7.219583 ], [ 2.137917, 7.219306 ], [ 2.138194, 7.219028 ], [ 2.138472, 7.219028 ], [ 2.13875, 7.219028 ], [ 2.139028, 7.219028 ], [ 2.139306, 7.219028 ], [ 2.139583, 7.21875 ], [ 2.139861, 7.218472 ], [ 2.139861, 7.218194 ], [ 2.140139, 7.217917 ], [ 2.139861, 7.217639 ], [ 2.139861, 7.217361 ], [ 2.139861, 7.217083 ], [ 2.139861, 7.216806 ], [ 2.139583, 7.216528 ], [ 2.139306, 7.21625 ], [ 2.139306, 7.215972 ], [ 2.139583, 7.215694 ], [ 2.139861, 7.215417 ], [ 2.139861, 7.215139 ], [ 2.139861, 7.214861 ], [ 2.139583, 7.214583 ], [ 2.139583, 7.214306 ], [ 2.139583, 7.214028 ], [ 2.139583, 7.21375 ], [ 2.139861, 7.213472 ], [ 2.140139, 7.213194 ], [ 2.140417, 7.213194 ], [ 2.140694, 7.212917 ], [ 2.140972, 7.212639 ], [ 2.14125, 7.212361 ], [ 2.141528, 7.212083 ], [ 2.141806, 7.211806 ], [ 2.142083, 7.211806 ], [ 2.142361, 7.211528 ], [ 2.142361, 7.21125 ], [ 2.142083, 7.210972 ], [ 2.141806, 7.210694 ], [ 2.141528, 7.210417 ], [ 2.14125, 7.210139 ], [ 2.140972, 7.209861 ], [ 2.140972, 7.209583 ], [ 2.140972, 7.209306 ], [ 2.14125, 7.209028 ], [ 2.141528, 7.20875 ], [ 2.141528, 7.208472 ], [ 2.141528, 7.208194 ], [ 2.141528, 7.207917 ], [ 2.141528, 7.207639 ], [ 2.141528, 7.207361 ], [ 2.141528, 7.207083 ], [ 2.141528, 7.206806 ], [ 2.141528, 7.206528 ], [ 2.141528, 7.20625 ], [ 2.141528, 7.205972 ], [ 2.141528, 7.205694 ], [ 2.141806, 7.205417 ], [ 2.141806, 7.205139 ], [ 2.141528, 7.204861 ], [ 2.14125, 7.204583 ] ] } },
{ "type": "Feature", "properties": { "strahler_order": 1, "longueur_km": 2.2360499594907117 }, "geometry": { "type": "LineString", "coordinates": [ [ 2.14125, 7.204583 ], [ 2.141528, 7.204306 ], [ 2.141806, 7.204306 ], [ 2.142083, 7.204306 ], [ 2.142361, 7.204028 ], [ 2.142639, 7.204028 ], [ 2.142639, 7.20375 ], [ 2.142917, 7.203472 ], [ 2.143194, 7.203194 ], [ 2.143472, 7.202917 ], [ 2.14375, 7.202639 ], [ 2.144028, 7.202361 ], [ 2.144028, 7.202083 ], [ 2.144028, 7.201806 ], [ 2.14375, 7.201528 ], [ 2.143472, 7.201528 ], [ 2.143194, 7.20125 ], [ 2.142917, 7.200972 ], [ 2.142917, 7.200694 ], [ 2.142639, 7.200417 ], [ 2.142917, 7.200139 ], [ 2.143194, 7.199861 ], [ 2.143472, 7.199583 ], [ 2.14375, 7.199306 ], [ 2.144028, 7.199028 ], [ 2.144306, 7.19875 ], [ 2.144583, 7.198472 ], [ 2.144861, 7.198194 ], [ 2.145139, 7.197917 ], [ 2.145417, 7.197917 ], [ 2.145694, 7.197917 ], [ 2.145972, 7.197639 ], [ 2.145972, 7.197361 ], [ 2.145972, 7.197083 ], [ 2.14625, 7.196806 ], [ 2.145972, 7.196528 ], [ 2.145972, 7.19625 ], [ 2.145972, 7.195972 ], [ 2.145972, 7.195694 ], [ 2.145972, 7.195417 ], [ 2.145972, 7.195139 ], [ 2.145972, 7.194861 ], [ 2.145972, 7.194583 ], [ 2.14625, 7.194306 ], [ 2.14625, 7.194028 ], [ 2.14625, 7.19375 ], [ 2.145972, 7.193472 ], [ 2.14625, 7.193194 ], [ 2.14625, 7.192917 ], [ 2.14625, 7.192639 ], [ 2.14625, 7.192361 ], [ 2.146528, 7.192083 ], [ 2.146528, 7.191806 ], [ 2.14625, 7.191528 ], [ 2.14625, 7.19125 ], [ 2.145972, 7.190972 ], [ 2.145694, 7.190694 ], [ 2.145694, 7.190417 ], [ 2.145694, 7.190139 ], [ 2.145972, 7.189861 ], [ 2.145972, 7.189583 ] ] } },
{ "type": "Feature", "properties": { "strahler_order": 1, "longueur_km": 0.38859543905169902 }, "geometry": { "type": "LineString", "coordinates": [ [ 2.185972, 7.22375 ], [ 2.18625, 7.223472 ], [ 2.186528, 7.223194 ], [ 2.186528, 7.222917 ], [ 2.186528, 7.222639 ], [ 2.186528, 7.222361 ], [ 2.186806, 7.222083 ], [ 2.186806, 7.221806 ], [ 2.186806, 7.221528 ], [ 2.186806, 7.22125 ], [ 2.186806, 7.220972 ], [ 2.187083, 7.220694 ] ] } },
{ "type": "Feature", "properties": { "strahler_order": 1, "longueur_km": 1.6429925262577829 }, "geometry": { "type": "LineString", "coordinates": [ [ 2.187083, 7.220694 ], [ 2.187361, 7.220417 ], [ 2.187361, 7.220139 ], [ 2.187361, 7.219861 ], [ 2.187639, 7.219583 ], [ 2.187917, 7.219583 ], [ 2.188194, 7.219583 ], [ 2.188472, 7.219861 ], [ 2.18875, 7.219861 ], [ 2.189028, 7.219861 ], [ 2.189306, 7.220139 ], [ 2.189583, 7.220417 ], [ 2.189861, 7.220694 ], [ 2.190139, 7.220972 ], [ 2.190417, 7.22125 ], [ 2.190694, 7.220972 ], [ 2.190972, 7.220694 ], [ 2.19125, 7.220417 ], [ 2.19125, 7.220139 ], [ 2.19125, 7.219861 ], [ 2.190972, 7.219583 ], [ 2.190694, 7.219306 ], [ 2.190417, 7.219028 ], [ 2.190417, 7.21875 ], [ 2.190417, 7.218472 ], [ 2.190417, 7.218194 ], [ 2.190417, 7.217917 ], [ 2.190694, 7.217639 ], [ 2.190972, 7.217361 ], [ 2.19125, 7.217083 ], [ 2.191528, 7.216806 ], [ 2.191528, 7.216528 ], [ 2.191528, 7.21625 ], [ 2.191806, 7.215972 ], [ 2.192083, 7.215694 ], [ 2.192083, 7.215417 ], [ 2.192083, 7.215139 ], [ 2.192361, 7.214861 ], [ 2.192361, 7.214583 ], [ 2.192361, 7.214306 ], [ 2.192361, 7.214028 ], [ 2.192361, 7.21375 ], [ 2.192639, 7.213472 ], [ 2.192917, 7.213194 ], [ 2.192917, 7.212917 ] ] } },
{ "type": "Feature", "properties": { "strahler_order": 1, "longueur_km": 0.04343932815363994 }, "geometry": { "type": "LineString", "coordinates": [ [ 1.977917, 7.223194 ], [ 1.977639, 7.223472 ] ] } },
{ "type": "Feature", "properties": { "strahler_order": 1, "longueur_km": 0.90725313814102593 }, "geometry": { "type": "LineString", "coordinates": [ [ 2.017917, 7.223194 ], [ 2.018194, 7.222917 ], [ 2.018472, 7.222639 ], [ 2.018472, 7.222361 ], [ 2.018472, 7.222083 ], [ 2.01875, 7.221806 ], [ 2.01875, 7.221528 ], [ 2.019028, 7.22125 ], [ 2.019306, 7.22125 ], [ 2.019583, 7.22125 ], [ 2.019861, 7.22125 ], [ 2.020139, 7.22125 ], [ 2.020417, 7.221528 ], [ 2.020694, 7.22125 ], [ 2.020972, 7.220972 ], [ 2.020972, 7.220694 ], [ 2.020972, 7.220417 ], [ 2.020694, 7.220139 ], [ 2.020694, 7.219861 ], [ 2.020694, 7.219583 ], [ 2.020694, 7.219306 ], [ 2.020694, 7.219028 ], [ 2.020972, 7.21875 ], [ 2.02125, 7.218472 ], [ 2.02125, 7.218194 ], [ 2.021528, 7.217917 ] ] } },
{ "type": "Feature", "properties": { "strahler_order": 1, "longueur_km": 1.0189900420149669 }, "geometry": { "type": "LineString", "coordinates": [ [ 2.021528, 7.217917 ], [ 2.021806, 7.217639 ], [ 2.022083, 7.217361 ], [ 2.022361, 7.217083 ], [ 2.022361, 7.216806 ], [ 2.022639, 7.216528 ], [ 2.022917, 7.21625 ], [ 2.022917, 7.215972 ], [ 2.023194, 7.215694 ], [ 2.022917, 7.215417 ], [ 2.022639, 7.215139 ], [ 2.022639, 7.214861 ], [ 2.022917, 7.214583 ], [ 2.023194, 7.214583 ], [ 2.023472, 7.214583 ], [ 2.02375, 7.214306 ], [ 2.024028, 7.214028 ], [ 2.024306, 7.214028 ], [ 2.024583, 7.214306 ], [ 2.024861, 7.214583 ], [ 2.025139, 7.214583 ], [ 2.025417, 7.214583 ], [ 2.025694, 7.214583 ], [ 2.025972, 7.214306 ], [ 2.02625, 7.214028 ], [ 2.026528, 7.214028 ], [ 2.026806, 7.214028 ], [ 2.027083, 7.214028 ] ] } },
{ "type": "Feature", "properties": { "strahler_order": 1, "longueur_km": 1.9930525661559264 }, "geometry": { "type": "LineString", "coordinates": [ [ 2.027083, 7.214028 ], [ 2.027083, 7.21375 ], [ 2.027083, 7.213472 ], [ 2.027083, 7.213194 ], [ 2.027083, 7.212917 ], [ 2.027083, 7.212639 ], [ 2.027083, 7.212361 ], [ 2.027083, 7.212083 ], [ 2.027361, 7.211806 ], [ 2.027639, 7.211806 ], [ 2.027917, 7.211528 ], [ 2.028194, 7.21125 ], [ 2.028472, 7.210972 ], [ 2.02875, 7.210694 ], [ 2.029028, 7.210417 ], [ 2.029306, 7.210139 ], [ 2.029583, 7.209861 ], [ 2.029583, 7.209583 ], [ 2.029861, 7.209583 ], [ 2.030139, 7.209306 ], [ 2.030417, 7.209306 ], [ 2.030694, 7.209583 ], [ 2.030972, 7.209583 ], [ 2.03125, 7.209306 ], [ 2.031528, 7.209028 ], [ 2.031806, 7.209028 ], [ 2.032083, 7.209028 ], [ 2.032361, 7.209028 ], [ 2.032639, 7.209028 ], [ 2.032917, 7.209028 ], [ 2.033194, 7.209028 ], [ 2.033472, 7.209028 ], [ 2.03375, 7.209028 ], [ 2.034028, 7.209028 ], [ 2.034306, 7.20875 ], [ 2.034583, 7.208472 ], [ 2.034583, 7.208194 ], [ 2.034583, 7.207917 ], [ 2.034583, 7.207639 ], [ 2.034861, 7.207361 ], [ 2.035139, 7.207083 ], [ 2.035417, 7.206806 ], [ 2.035694, 7.206528 ], [ 2.035972, 7.206528 ], [ 2.03625, 7.20625 ], [ 2.036528, 7.20625 ], [ 2.036806, 7.205972 ], [ 2.037083, 7.205972 ], [ 2.037361, 7.20625 ], [ 2.037639, 7.206528 ], [ 2.037917, 7.206806 ], [ 2.037917, 7.207083 ], [ 2.037917, 7.207361 ], [ 2.037917, 7.207639 ], [ 2.038194, 7.207639 ], [ 2.038472, 7.207917 ] ] } },
{ "type": "Feature", "properties": { "strahler_order": 1, "longueur_km": 1.0012989322967576 }, "geometry": { "type": "LineString", "coordinates": [ [ 2.175417, 7.222917 ], [ 2.175139, 7.222639 ], [ 2.175139, 7.222361 ], [ 2.174861, 7.222083 ], [ 2.174861, 7.221806 ], [ 2.174583, 7.221528 ], [ 2.174306, 7.22125 ], [ 2.174583, 7.220972 ], [ 2.174861, 7.220694 ], [ 2.175139, 7.220694 ], [ 2.175417, 7.220417 ], [ 2.175694, 7.220139 ], [ 2.175972, 7.219861 ], [ 2.17625, 7.219861 ], [ 2.176528, 7.219861 ], [ 2.176806, 7.219583 ], [ 2.177083, 7.219583 ], [ 2.177361, 7.219306 ], [ 2.177639, 7.219028 ], [ 2.177917, 7.21875 ], [ 2.178194, 7.218472 ], [ 2.178194, 7.218194 ], [ 2.178194, 7.217917 ], [ 2.178472, 7.217639 ], [ 2.17875, 7.217361 ], [ 2.179028, 7.217361 ], [ 2.179306, 7.217361 ] ] } },
{ "type": "Feature", "properties": { "strahler_order": 1, "longueur_km": 0.88144440476990238 }, "geometry": { "type": "LineString", "coordinates": [ [ 1.962361, 7.222639 ], [ 1.962083, 7.222639 ], [ 1.961806, 7.222639 ], [ 1.961528, 7.222917 ], [ 1.96125, 7.222917 ], [ 1.960972, 7.222917 ], [ 1.960694, 7.222639 ], [ 1.960417, 7.222361 ], [ 1.960139, 7.222361 ], [ 1.959861, 7.222361 ], [ 1.959583, 7.222361 ], [ 1.959306, 7.222083 ], [ 1.959028, 7.221806 ], [ 1.95875, 7.221528 ], [ 1.958472, 7.22125 ], [ 1.958194, 7.22125 ], [ 1.957917, 7.220972 ], [ 1.957639, 7.220972 ], [ 1.957361, 7.220972 ], [ 1.957083, 7.22125 ], [ 1.956806, 7.22125 ], [ 1.956528, 7.22125 ], [ 1.95625, 7.22125 ], [ 1.955972, 7.22125 ], [ 1.955694, 7.22125 ], [ 1.955417, 7.22125 ] ] } },
{ "type": "Feature", "properties": { "strahler_order": 1, "longueur_km": 0.78447941534146626 }, "geometry": { "type": "LineString", "coordinates": [ [ 2.076528, 7.221528 ], [ 2.076528, 7.22125 ], [ 2.07625, 7.220972 ], [ 2.075972, 7.220694 ], [ 2.07625, 7.220417 ], [ 2.076528, 7.220139 ], [ 2.076806, 7.220139 ], [ 2.077083, 7.219861 ], [ 2.077361, 7.219861 ], [ 2.077639, 7.219861 ], [ 2.077639, 7.219583 ], [ 2.077917, 7.219306 ], [ 2.077917, 7.219028 ], [ 2.077917, 7.21875 ], [ 2.077917, 7.218472 ], [ 2.077917, 7.218194 ], [ 2.077917, 7.217917 ], [ 2.078194, 7.217639 ], [ 2.077917, 7.217361 ], [ 2.077639, 7.217083 ], [ 2.077361, 7.216806 ], [ 2.077639, 7.216528 ] ] } },
{ "type": "Feature", "properties": { "strahler_order": 1, "longueur_km": 0.61097516567882038 }, "geometry": { "type": "LineString", "coordinates": [ [ 2.077639, 7.216528 ], [ 2.077917, 7.21625 ], [ 2.078194, 7.215972 ], [ 2.078472, 7.215694 ], [ 2.07875, 7.215417 ], [ 2.07875, 7.215139 ], [ 2.07875, 7.214861 ], [ 2.07875, 7.214583 ], [ 2.079028, 7.214306 ], [ 2.079028, 7.214028 ], [ 2.07875, 7.21375 ], [ 2.078472, 7.213472 ], [ 2.078472, 7.213194 ], [ 2.078472, 7.212917 ], [ 2.078472, 7.212639 ], [ 2.078472, 7.212361 ], [ 2.078472, 7.212083 ], [ 2.078472, 7.211806 ] ] } },
{ "type": "Feature", "properties": { "strahler_order": 1, "longueur_km": 1.1059153449232588 }, "geometry": { "type": "LineString", "coordinates": [ [ 2.167917, 7.220694 ], [ 2.168194, 7.220417 ], [ 2.168472, 7.220417 ], [ 2.16875, 7.220694 ], [ 2.169028, 7.220972 ], [ 2.169306, 7.220972 ], [ 2.169583, 7.220694 ], [ 2.169861, 7.220417 ], [ 2.169861, 7.220139 ], [ 2.170139, 7.219861 ], [ 2.170417, 7.219583 ], [ 2.170694, 7.219306 ], [ 2.170972, 7.219028 ], [ 2.17125, 7.219028 ], [ 2.171528, 7.21875 ], [ 2.171806, 7.218472 ], [ 2.171806, 7.218194 ], [ 2.172083, 7.217917 ], [ 2.172361, 7.217639 ], [ 2.172639, 7.217639 ], [ 2.172917, 7.217639 ], [ 2.173194, 7.217639 ], [ 2.173472, 7.217639 ], [ 2.17375, 7.217361 ], [ 2.174028, 7.217361 ], [ 2.174306, 7.217361 ], [ 2.174583, 7.217083 ], [ 2.174861, 7.216806 ], [ 2.174861, 7.216528 ], [ 2.175139, 7.21625 ] ] } },
{ "type": "Feature", "properties": { "strahler_order": 1, "longueur_km": 0.074021063043672314 }, "geometry": { "type": "LineString", "coordinates": [ [ 2.175139, 7.21625 ], [ 2.175417, 7.215972 ], [ 2.175694, 7.215972 ] ] } },
{ "type": "Feature", "properties": { "strahler_order": 1, "longueur_km": 0.8890760347630593 }, "geometry": { "type": "LineString", "coordinates": [ [ 1.927917, 7.220417 ], [ 1.927639, 7.220694 ], [ 1.927639, 7.220972 ], [ 1.927361, 7.22125 ], [ 1.927361, 7.221528 ], [ 1.927083, 7.221806 ], [ 1.926806, 7.222083 ], [ 1.926528, 7.222361 ], [ 1.92625, 7.222639 ], [ 1.925972, 7.222917 ], [ 1.925694, 7.222917 ], [ 1.925694, 7.223194 ], [ 1.925417, 7.223472 ], [ 1.925417, 7.22375 ], [ 1.925139, 7.224028 ], [ 1.924861, 7.224306 ], [ 1.924583, 7.224306 ], [ 1.924306, 7.224306 ], [ 1.924028, 7.224306 ], [ 1.92375, 7.224306 ], [ 1.923472, 7.224306 ], [ 1.923194, 7.224583 ], [ 1.922917, 7.224583 ], [ 1.922639, 7.224583 ], [ 1.922361, 7.224861 ] ] } },
{ "type": "Feature", "properties": { "strahler_order": 1, "longueur_km": 1.7713842429976194 }, "geometry": { "type": "LineString", "coordinates": [ [ 2.089306, 7.220417 ], [ 2.089583, 7.220139 ], [ 2.089583, 7.219861 ], [ 2.089861, 7.219583 ], [ 2.089861, 7.219306 ], [ 2.089861, 7.219028 ], [ 2.090139, 7.21875 ], [ 2.090139, 7.218472 ], [ 2.089861, 7.218194 ], [ 2.089583, 7.217917 ], [ 2.089306, 7.217639 ], [ 2.089028, 7.217361 ], [ 2.089028, 7.217083 ], [ 2.089028, 7.216806 ], [ 2.089306, 7.216528 ], [ 2.089306, 7.21625 ], [ 2.089583, 7.215972 ], [ 2.089861, 7.215694 ], [ 2.090139, 7.215417 ], [ 2.090139, 7.215139 ], [ 2.090139, 7.214861 ], [ 2.090139, 7.214583 ], [ 2.090139, 7.214306 ], [ 2.089861, 7.214028 ], [ 2.089861, 7.21375 ], [ 2.089861, 7.213472 ], [ 2.089861, 7.213194 ], [ 2.089861, 7.212917 ], [ 2.089861, 7.212639 ], [ 2.089861, 7.212361 ], [ 2.089861, 7.212083 ], [ 2.089861, 7.211806 ], [ 2.089861, 7.211528 ], [ 2.089861, 7.21125 ], [ 2.089583, 7.210972 ], [ 2.089583, 7.210694 ], [ 2.089583, 7.210417 ], [ 2.089583, 7.210139 ], [ 2.089861, 7.209861 ], [ 2.090139, 7.209583 ], [ 2.090417, 7.209306 ], [ 2.090694, 7.209028 ], [ 2.090972, 7.20875 ], [ 2.090972, 7.208472 ], [ 2.09125, 7.208194 ], [ 2.09125, 7.207917 ], [ 2.090972, 7.207639 ], [ 2.090972, 7.207361 ], [ 2.090694, 7.207083 ], [ 2.090694, 7.206806 ] ] } },
{ "type": "Feature", "properties": { "strahler_order": 1, "longueur_km": 0.75873751790933419 }, "geometry": { "type": "LineString", "coordinates": [ [ 2.20875, 7.220417 ], [ 2.20875, 7.220694 ], [ 2.209028, 7.220972 ], [ 2.209306, 7.22125 ], [ 2.209583, 7.22125 ], [ 2.209861, 7.22125 ], [ 2.210139, 7.22125 ], [ 2.210417, 7.220972 ], [ 2.210694, 7.220972 ], [ 2.210972, 7.22125 ], [ 2.21125, 7.22125 ], [ 2.21125, 7.221528 ], [ 2.211528, 7.221806 ], [ 2.211806, 7.222083 ], [ 2.212083, 7.222083 ], [ 2.212361, 7.222083 ], [ 2.212639, 7.222083 ], [ 2.212917, 7.222083 ], [ 2.213194, 7.222361 ], [ 2.213472, 7.222361 ], [ 2.21375, 7.222639 ], [ 2.214028, 7.222917 ] ] } },
{ "type": "Feature", "properties": { "strahler_order": 1, "longueur_km": 0.043436552407636282 }, "geometry": { "type": "LineString", "coordinates": [ [ 2.214028, 7.222917 ], [ 2.214306, 7.222639 ] ] } },
{ "type": "Feature", "properties": { "strahler_order": 1, "longueur_km": 1.2189381355679691 }, "geometry": { "type": "LineString", "coordinates": [ [ 2.214306, 7.222639 ], [ 2.214583, 7.222361 ], [ 2.214583, 7.222083 ], [ 2.214583, 7.221806 ], [ 2.214861, 7.221528 ], [ 2.214861, 7.22125 ], [ 2.214861, 7.220972 ], [ 2.215139, 7.220694 ], [ 2.215139, 7.220417 ], [ 2.215417, 7.220139 ], [ 2.215694, 7.220139 ], [ 2.215972, 7.220139 ], [ 2.21625, 7.219861 ], [ 2.216528, 7.219861 ], [ 2.216528, 7.219583 ], [ 2.216806, 7.219306 ], [ 2.217083, 7.219028 ], [ 2.217083, 7.21875 ], [ 2.217361, 7.21875 ], [ 2.217639, 7.21875 ], [ 2.217639, 7.218472 ], [ 2.217917, 7.218194 ], [ 2.218194, 7.217917 ], [ 2.218472, 7.217917 ], [ 2.21875, 7.217917 ], [ 2.219028, 7.217917 ], [ 2.219306, 7.217917 ], [ 2.219583, 7.217917 ], [ 2.219861, 7.217917 ], [ 2.220139, 7.217917 ], [ 2.220417, 7.217917 ], [ 2.220694, 7.217917 ], [ 2.220972, 7.217917 ], [ 2.22125, 7.217917 ], [ 2.221528, 7.217917 ], [ 2.221806, 7.217917 ], [ 2.222083, 7.217917 ] ] } },
{ "type": "Feature", "properties": { "strahler_order": 1, "longueur_km": 0.15353458092842634 }, "geometry": { "type": "LineString", "coordinates": [ [ 1.951528, 7.219306 ], [ 1.951528, 7.219583 ], [ 1.951528, 7.219861 ], [ 1.951528, 7.220139 ], [ 1.951528, 7.220417 ], [ 1.95125, 7.220417 ] ] } },
{ "type": "Feature", "properties": { "strahler_order": 1, "longueur_km": 0.60032457885698642 }, "geometry": { "type": "LineString", "coordinates": [ [ 1.920139, 7.219028 ], [ 1.919861, 7.219306 ], [ 1.919583, 7.219583 ], [ 1.919306, 7.219861 ], [ 1.919306, 7.220139 ], [ 1.919306, 7.220417 ], [ 1.919028, 7.220694 ], [ 1.91875, 7.220972 ], [ 1.91875, 7.22125 ], [ 1.918472, 7.221528 ], [ 1.918194, 7.221806 ], [ 1.917917, 7.222083 ], [ 1.917917, 7.222361 ], [ 1.917639, 7.222639 ], [ 1.917361, 7.222917 ], [ 1.917083, 7.223194 ] ] } },
{ "type": "Feature", "properties": { "strahler_order": 1, "longueur_km": 2.2465107121074528 }, "geometry": { "type": "LineString", "coordinates": [ [ 2.197083, 7.219028 ], [ 2.197361, 7.21875 ], [ 2.197361, 7.218472 ], [ 2.197639, 7.218194 ], [ 2.197639, 7.217917 ], [ 2.197639, 7.217639 ], [ 2.197917, 7.217361 ], [ 2.197917, 7.217083 ], [ 2.197917, 7.216806 ], [ 2.197917, 7.216528 ], [ 2.197917, 7.21625 ], [ 2.198194, 7.215972 ], [ 2.198194, 7.215694 ], [ 2.198194, 7.215417 ], [ 2.198472, 7.215139 ], [ 2.19875, 7.214861 ], [ 2.199028, 7.214583 ], [ 2.199306, 7.214583 ], [ 2.199583, 7.214306 ], [ 2.199861, 7.214028 ], [ 2.199861, 7.21375 ], [ 2.199861, 7.213472 ], [ 2.199861, 7.213194 ], [ 2.200139, 7.212917 ], [ 2.200417, 7.212639 ], [ 2.200694, 7.212639 ], [ 2.200972, 7.212639 ], [ 2.20125, 7.212361 ], [ 2.201528, 7.212361 ], [ 2.201806, 7.212083 ], [ 2.202083, 7.211806 ], [ 2.202361, 7.211528 ], [ 2.202361, 7.21125 ], [ 2.202361, 7.210972 ], [ 2.202639, 7.210694 ], [ 2.202917, 7.210417 ], [ 2.202917, 7.210139 ], [ 2.203194, 7.209861 ], [ 2.203472, 7.209583 ], [ 2.203472, 7.209306 ], [ 2.203472, 7.209028 ], [ 2.203472, 7.20875 ], [ 2.203472, 7.208472 ], [ 2.203472, 7.208194 ], [ 2.203194, 7.207917 ], [ 2.202917, 7.207639 ], [ 2.202639, 7.207639 ], [ 2.202361, 7.207361 ], [ 2.202361, 7.207083 ], [ 2.202361, 7.206806 ], [ 2.202361, 7.206528 ], [ 2.202361, 7.20625 ], [ 2.202083, 7.205972 ], [ 2.202083, 7.205694 ], [ 2.202083, 7.205417 ], [ 2.202361, 7.205139 ], [ 2.202361, 7.204861 ], [ 2.202361, 7.204583 ], [ 2.202361, 7.204306 ], [ 2.202083, 7.204028 ], [ 2.201806, 7.20375 ], [ 2.201806, 7.203472 ], [ 2.202083, 7.203194 ] ] } },
{ "type": "Feature", "properties": { "strahler_order": 1, "longueur_km": 0.6417285524954307 }, "geometry": { "type": "LineString", "coordinates": [ [ 1.979028, 7.218472 ], [ 1.97875, 7.21875 ], [ 1.978472, 7.219028 ], [ 1.978194, 7.219306 ], [ 1.978194, 7.219583 ], [ 1.978194, 7.219861 ], [ 1.978194, 7.220139 ], [ 1.978194, 7.220417 ], [ 1.977917, 7.220694 ], [ 1.977917, 7.220972 ], [ 1.977639, 7.22125 ], [ 1.977361, 7.221528 ], [ 1.977361, 7.221806 ], [ 1.977639, 7.222083 ], [ 1.977639, 7.222361 ], [ 1.977639, 7.222639 ], [ 1.977639, 7.222917 ], [ 1.977639, 7.223194 ], [ 1.977639, 7.223472 ] ] } },
{ "type": "Feature", "properties": { "strahler_order": 1, "longueur_km": 2.1851854562880808 }, "geometry": { "type": "LineString", "coordinates": [ [ 1.977639, 7.223472 ], [ 1.977639, 7.22375 ], [ 1.977361, 7.224028 ], [ 1.977361, 7.224306 ], [ 1.977361, 7.224583 ], [ 1.977361, 7.224861 ], [ 1.977083, 7.225139 ], [ 1.976806, 7.225417 ], [ 1.976528, 7.225694 ], [ 1.976806, 7.225972 ], [ 1.976806, 7.22625 ], [ 1.976528, 7.226528 ], [ 1.97625, 7.226806 ], [ 1.975972, 7.227083 ], [ 1.975694, 7.227083 ], [ 1.975417, 7.227083 ], [ 1.975139, 7.227083 ], [ 1.975139, 7.227361 ], [ 1.975139, 7.227639 ], [ 1.975139, 7.227917 ], [ 1.974861, 7.228194 ], [ 1.974861, 7.228472 ], [ 1.974583, 7.22875 ], [ 1.974306, 7.229028 ], [ 1.974028, 7.229306 ], [ 1.974028, 7.229583 ], [ 1.974028, 7.229861 ], [ 1.974028, 7.230139 ], [ 1.974028, 7.230417 ], [ 1.974028, 7.230694 ], [ 1.97375, 7.230972 ], [ 1.97375, 7.23125 ], [ 1.973472, 7.231528 ], [ 1.973472, 7.231806 ], [ 1.97375, 7.232083 ], [ 1.974028, 7.232361 ], [ 1.974028, 7.232639 ], [ 1.974306, 7.232917 ], [ 1.974306, 7.233194 ], [ 1.974306, 7.233472 ], [ 1.974028, 7.23375 ], [ 1.97375, 7.234028 ], [ 1.973472, 7.234306 ], [ 1.973194, 7.234306 ], [ 1.972917, 7.234306 ], [ 1.972639, 7.234306 ], [ 1.972639, 7.234583 ], [ 1.972639, 7.234861 ], [ 1.972361, 7.235139 ], [ 1.972083, 7.235417 ], [ 1.971806, 7.235417 ], [ 1.971528, 7.235694 ], [ 1.97125, 7.235972 ], [ 1.970972, 7.23625 ], [ 1.970694, 7.236528 ], [ 1.970694, 7.236806 ], [ 1.970694, 7.237083 ], [ 1.970694, 7.237361 ], [ 1.970694, 7.237639 ], [ 1.970694, 7.237917 ], [ 1.970417, 7.238194 ] ] } },
{ "type": "Feature", "properties": { "strahler_order": 1, "longueur_km": 2.3433586885840292 }, "geometry": { "type": "LineString", "coordinates": [ [ 1.970417, 7.238194 ], [ 1.970139, 7.238194 ], [ 1.969861, 7.238194 ], [ 1.969583, 7.238194 ], [ 1.969306, 7.238194 ], [ 1.969028, 7.238194 ], [ 1.96875, 7.238194 ], [ 1.968472, 7.238194 ], [ 1.968194, 7.238472 ], [ 1.967917, 7.238472 ], [ 1.967639, 7.238472 ], [ 1.967639, 7.23875 ], [ 1.967361, 7.239028 ], [ 1.967083, 7.239306 ], [ 1.967083, 7.239583 ], [ 1.966806, 7.239861 ], [ 1.966528, 7.240139 ], [ 1.966528, 7.240417 ], [ 1.966528, 7.240694 ], [ 1.966528, 7.240972 ], [ 1.966528, 7.24125 ], [ 1.96625, 7.24125 ], [ 1.965972, 7.24125 ], [ 1.965694, 7.24125 ], [ 1.965417, 7.24125 ], [ 1.965139, 7.240972 ], [ 1.964861, 7.240972 ], [ 1.964583, 7.240972 ], [ 1.964306, 7.240694 ], [ 1.964028, 7.240417 ], [ 1.96375, 7.240139 ], [ 1.963472, 7.240139 ], [ 1.963194, 7.239861 ], [ 1.962917, 7.239861 ], [ 1.962639, 7.239861 ], [ 1.962361, 7.240139 ], [ 1.962083, 7.240417 ], [ 1.962083, 7.240694 ], [ 1.961806, 7.240694 ], [ 1.961528, 7.240694 ], [ 1.96125, 7.240694 ], [ 1.960972, 7.240694 ], [ 1.960694, 7.240972 ], [ 1.960417, 7.24125 ], [ 1.960139, 7.241528 ], [ 1.959861, 7.241528 ], [ 1.959583, 7.241528 ], [ 1.959306, 7.241806 ], [ 1.959028, 7.242083 ], [ 1.959028, 7.242361 ], [ 1.959028, 7.242639 ], [ 1.959306, 7.242917 ], [ 1.959028, 7.243194 ], [ 1.95875, 7.243472 ], [ 1.95875, 7.24375 ], [ 1.958472, 7.244028 ], [ 1.958194, 7.244306 ], [ 1.957917, 7.244583 ], [ 1.957639, 7.244861 ], [ 1.957639, 7.245139 ], [ 1.957639, 7.245417 ], [ 1.957639, 7.245694 ], [ 1.957639, 7.245972 ], [ 1.957639, 7.24625 ], [ 1.957917, 7.246528 ], [ 1.957917, 7.246806 ], [ 1.957917, 7.247083 ] ] } },
{ "type": "Feature", "properties": { "strahler_order": 1, "longueur_km": 1.7014876687622096 }, "geometry": { "type": "LineString", "coordinates": [ [ 1.957917, 7.247083 ], [ 1.957639, 7.247361 ], [ 1.957361, 7.247361 ], [ 1.957083, 7.247361 ], [ 1.956806, 7.247361 ], [ 1.956528, 7.247083 ], [ 1.95625, 7.247083 ], [ 1.955972, 7.246806 ], [ 1.955694, 7.246528 ], [ 1.955417, 7.246528 ], [ 1.955139, 7.246528 ], [ 1.954861, 7.246528 ], [ 1.954583, 7.24625 ], [ 1.954306, 7.24625 ], [ 1.954028, 7.24625 ], [ 1.95375, 7.24625 ], [ 1.953472, 7.24625 ], [ 1.953194, 7.24625 ], [ 1.952917, 7.24625 ], [ 1.952639, 7.245972 ], [ 1.952361, 7.245694 ], [ 1.952083, 7.245694 ], [ 1.951806, 7.245417 ], [ 1.951806, 7.245139 ], [ 1.951528, 7.244861 ], [ 1.95125, 7.244861 ], [ 1.950972, 7.244861 ], [ 1.950694, 7.244861 ], [ 1.950417, 7.244861 ], [ 1.950139, 7.244583 ], [ 1.949861, 7.244583 ], [ 1.949583, 7.244583 ], [ 1.949306, 7.244861 ], [ 1.949028, 7.244861 ], [ 1.94875, 7.244861 ], [ 1.948472, 7.244583 ], [ 1.948194, 7.244306 ], [ 1.947917, 7.244306 ], [ 1.947639, 7.244306 ], [ 1.947639, 7.244028 ], [ 1.947361, 7.24375 ], [ 1.947083, 7.243472 ], [ 1.946806, 7.243194 ], [ 1.946528, 7.242917 ], [ 1.94625, 7.242917 ], [ 1.945972, 7.242639 ], [ 1.945694, 7.242639 ], [ 1.945417, 7.242639 ], [ 1.945139, 7.242639 ] ] } },
{ "type": "Feature", "properties": { "strahler_order": 1, "longueur_km": 0.80242712151934636 }, "geometry": { "type": "LineString", "coordinates": [ [ 1.945139, 7.242639 ], [ 1.944861, 7.242917 ], [ 1.944583, 7.242639 ], [ 1.944306, 7.242361 ], [ 1.944028, 7.242083 ], [ 1.944028, 7.241806 ], [ 1.944028, 7.241528 ], [ 1.94375, 7.24125 ], [ 1.943472, 7.240972 ], [ 1.943472, 7.240694 ], [ 1.943472, 7.240417 ], [ 1.943194, 7.240139 ], [ 1.942917, 7.239861 ], [ 1.942917, 7.239583 ], [ 1.942917, 7.239306 ], [ 1.942917, 7.239028 ], [ 1.942639, 7.23875 ], [ 1.942361, 7.23875 ], [ 1.942083, 7.23875 ], [ 1.941806, 7.23875 ], [ 1.941528, 7.23875 ], [ 1.94125, 7.239028 ], [ 1.940972, 7.239028 ] ] } },
{ "type": "Feature", "properties": { "strahler_order": 1, "longueur_km": 0.74611837312902829 }, "geometry": { "type": "LineString", "coordinates": [ [ 1.940972, 7.239028 ], [ 1.940694, 7.239028 ], [ 1.940417, 7.239028 ], [ 1.940139, 7.239028 ], [ 1.939861, 7.239028 ], [ 1.939583, 7.239028 ], [ 1.939306, 7.239028 ], [ 1.939028, 7.239028 ], [ 1.93875, 7.23875 ], [ 1.93875, 7.238472 ], [ 1.93875, 7.238194 ], [ 1.93875, 7.237917 ], [ 1.938472, 7.237917 ], [ 1.938194, 7.237639 ], [ 1.937917, 7.237639 ], [ 1.937639, 7.237361 ], [ 1.937361, 7.237083 ], [ 1.937083, 7.236806 ], [ 1.937083, 7.236528 ], [ 1.936806, 7.23625 ], [ 1.936528, 7.235972 ], [ 1.93625, 7.235694 ] ] } },
{ "type": "Feature", "properties": { "strahler_order": 1, "longueur_km": 3.5597111503147252 }, "geometry": { "type": "LineString", "coordinates": [ [ 2.054861, 7.218472 ], [ 2.055139, 7.218194 ], [ 2.055139, 7.217917 ], [ 2.055139, 7.217639 ], [ 2.055417, 7.217361 ], [ 2.055694, 7.217083 ], [ 2.055972, 7.216806 ], [ 2.05625, 7.216528 ], [ 2.056528, 7.21625 ], [ 2.056806, 7.21625 ], [ 2.057083, 7.21625 ], [ 2.057361, 7.21625 ], [ 2.057639, 7.21625 ], [ 2.057917, 7.215972 ], [ 2.058194, 7.215694 ], [ 2.058194, 7.215417 ], [ 2.058194, 7.215139 ], [ 2.058472, 7.215139 ], [ 2.05875, 7.214861 ], [ 2.059028, 7.214583 ], [ 2.059306, 7.214583 ], [ 2.059583, 7.214583 ], [ 2.059861, 7.214583 ], [ 2.060139, 7.214583 ], [ 2.060139, 7.214306 ], [ 2.060417, 7.214028 ], [ 2.060694, 7.21375 ], [ 2.060972, 7.21375 ], [ 2.06125, 7.21375 ], [ 2.061528, 7.214028 ], [ 2.061806, 7.214306 ], [ 2.062083, 7.214306 ], [ 2.062361, 7.214306 ], [ 2.062639, 7.214306 ], [ 2.062917, 7.214306 ], [ 2.063194, 7.214306 ], [ 2.063472, 7.214306 ], [ 2.06375, 7.214028 ], [ 2.064028, 7.21375 ], [ 2.064306, 7.21375 ], [ 2.064583, 7.213472 ], [ 2.064583, 7.213194 ], [ 2.064861, 7.212917 ], [ 2.065139, 7.212917 ], [ 2.065417, 7.212917 ], [ 2.065694, 7.212917 ], [ 2.065972, 7.213194 ], [ 2.06625, 7.213194 ], [ 2.066528, 7.213194 ], [ 2.066806, 7.213472 ], [ 2.067083, 7.213472 ], [ 2.067361, 7.213472 ], [ 2.067639, 7.213194 ], [ 2.067917, 7.212917 ], [ 2.067917, 7.212639 ], [ 2.068194, 7.212639 ], [ 2.068472, 7.212639 ], [ 2.06875, 7.212917 ], [ 2.069028, 7.212917 ], [ 2.069306, 7.212639 ], [ 2.069583, 7.212361 ], [ 2.069861, 7.212361 ], [ 2.070139, 7.212083 ], [ 2.070139, 7.211806 ], [ 2.070139, 7.211528 ], [ 2.070417, 7.21125 ], [ 2.070417, 7.210972 ], [ 2.070694, 7.210694 ], [ 2.070972, 7.210417 ], [ 2.070972, 7.210139 ], [ 2.070972, 7.209861 ], [ 2.07125, 7.209583 ], [ 2.07125, 7.209306 ], [ 2.07125, 7.209028 ], [ 2.07125, 7.20875 ], [ 2.07125, 7.208472 ], [ 2.07125, 7.208194 ], [ 2.07125, 7.207917 ], [ 2.07125, 7.207639 ], [ 2.070972, 7.207361 ], [ 2.070694, 7.207083 ], [ 2.070694, 7.206806 ], [ 2.070694, 7.206528 ], [ 2.070972, 7.20625 ], [ 2.07125, 7.205972 ], [ 2.071528, 7.205694 ], [ 2.071806, 7.205417 ], [ 2.071806, 7.205139 ], [ 2.071528, 7.204861 ], [ 2.07125, 7.204861 ], [ 2.07125, 7.204583 ], [ 2.070972, 7.204306 ], [ 2.070694, 7.204028 ], [ 2.070417, 7.20375 ], [ 2.070139, 7.203472 ], [ 2.070139, 7.203194 ], [ 2.070139, 7.202917 ], [ 2.070139, 7.202639 ], [ 2.070139, 7.202361 ], [ 2.070139, 7.202083 ] ] } },
{ "type": "Feature", "properties": { "strahler_order": 1, "longueur_km": 2.6006102574980448 }, "geometry": { "type": "LineString", "coordinates": [ [ 2.108472, 7.217917 ], [ 2.10875, 7.217639 ], [ 2.109028, 7.217361 ], [ 2.109306, 7.217083 ], [ 2.109583, 7.216806 ], [ 2.109861, 7.216528 ], [ 2.109861, 7.21625 ], [ 2.109861, 7.215972 ], [ 2.109861, 7.215694 ], [ 2.109861, 7.215417 ], [ 2.109583, 7.215139 ], [ 2.109306, 7.214861 ], [ 2.109306, 7.214583 ], [ 2.109028, 7.214306 ], [ 2.109028, 7.214028 ], [ 2.109306, 7.21375 ], [ 2.109583, 7.213472 ], [ 2.109861, 7.213472 ], [ 2.110139, 7.213472 ], [ 2.110417, 7.213194 ], [ 2.110694, 7.212917 ], [ 2.110972, 7.212639 ], [ 2.11125, 7.212639 ], [ 2.111528, 7.212639 ], [ 2.111806, 7.212639 ], [ 2.112083, 7.212639 ], [ 2.112361, 7.212639 ], [ 2.112639, 7.212639 ], [ 2.112917, 7.212639 ], [ 2.113194, 7.212361 ], [ 2.113472, 7.212083 ], [ 2.11375, 7.211806 ], [ 2.11375, 7.211528 ], [ 2.114028, 7.21125 ], [ 2.114306, 7.210972 ], [ 2.114306, 7.210694 ], [ 2.114583, 7.210417 ], [ 2.114583, 7.210139 ], [ 2.114861, 7.209861 ], [ 2.115139, 7.209583 ], [ 2.115417, 7.209306 ], [ 2.115694, 7.209028 ], [ 2.115694, 7.20875 ], [ 2.115694, 7.208472 ], [ 2.115417, 7.208194 ], [ 2.115417, 7.207917 ], [ 2.115694, 7.207639 ], [ 2.115972, 7.207361 ], [ 2.11625, 7.207361 ], [ 2.116528, 7.207361 ], [ 2.116806, 7.207083 ], [ 2.117083, 7.206806 ], [ 2.117083, 7.206528 ], [ 2.116806, 7.20625 ], [ 2.116528, 7.20625 ], [ 2.116528, 7.205972 ], [ 2.116806, 7.205694 ], [ 2.117083, 7.205417 ], [ 2.117361, 7.205139 ], [ 2.117639, 7.205139 ], [ 2.117917, 7.205139 ], [ 2.118194, 7.204861 ], [ 2.118472, 7.204583 ], [ 2.118194, 7.204306 ], [ 2.118194, 7.204028 ], [ 2.117917, 7.20375 ], [ 2.117917, 7.203472 ], [ 2.118194, 7.203194 ], [ 2.118472, 7.202917 ], [ 2.118472, 7.202639 ] ] } },
{ "type": "Feature", "properties": { "strahler_order": 1, "longueur_km": 0.16085829053111372 }, "geometry": { "type": "LineString", "coordinates": [ [ 2.180972, 7.217917 ], [ 2.180694, 7.217639 ], [ 2.180417, 7.217361 ], [ 2.180139, 7.217083 ], [ 2.180139, 7.216806 ] ] } },
{ "type": "Feature", "properties": { "strahler_order": 1, "longueur_km": 0.53409180695055403 }, "geometry": { "type": "LineString", "coordinates": [ [ 2.217639, 7.217083 ], [ 2.217917, 7.217083 ], [ 2.218194, 7.216806 ], [ 2.218194, 7.216528 ], [ 2.218472, 7.216528 ], [ 2.21875, 7.216528 ], [ 2.219028, 7.216528 ], [ 2.219306, 7.216528 ], [ 2.219583, 7.216528 ], [ 2.219861, 7.216528 ], [ 2.220139, 7.216528 ], [ 2.220417, 7.216528 ], [ 2.220694, 7.216528 ], [ 2.220972, 7.216528 ], [ 2.22125, 7.216528 ], [ 2.221528, 7.216528 ], [ 2.221806, 7.216528 ], [ 2.222083, 7.216528 ] ] } },
{ "type": "Feature", "properties": { "strahler_order": 1, "longueur_km": 1.3341060572892491 }, "geometry": { "type": "LineString", "coordinates": [ [ 2.000694, 7.21625 ], [ 2.000972, 7.215972 ], [ 2.00125, 7.215694 ], [ 2.00125, 7.215417 ], [ 2.00125, 7.215139 ], [ 2.000972, 7.214861 ], [ 2.000972, 7.214583 ], [ 2.000972, 7.214306 ], [ 2.000972, 7.214028 ], [ 2.000694, 7.21375 ], [ 2.000694, 7.213472 ], [ 2.000417, 7.213194 ], [ 2.000139, 7.212917 ], [ 1.999861, 7.212639 ], [ 1.999861, 7.212361 ], [ 1.999861, 7.212083 ], [ 2.000139, 7.211806 ], [ 2.000139, 7.211528 ], [ 2.000139, 7.21125 ], [ 2.000139, 7.210972 ], [ 2.000417, 7.210694 ], [ 2.000417, 7.210417 ], [ 2.000694, 7.210139 ], [ 2.000972, 7.209861 ], [ 2.000972, 7.209583 ], [ 2.000972, 7.209306 ], [ 2.00125, 7.209028 ], [ 2.00125, 7.20875 ], [ 2.00125, 7.208472 ], [ 2.001528, 7.208194 ], [ 2.001806, 7.207917 ], [ 2.002083, 7.207639 ], [ 2.002361, 7.207639 ], [ 2.002639, 7.207917 ], [ 2.002917, 7.207917 ], [ 2.003194, 7.207639 ], [ 2.003472, 7.207361 ] ] } },
{ "type": "Feature", "properties": { "strahler_order": 1, "longueur_km": 0.44949649095370597 }, "geometry": { "type": "LineString", "coordinates": [ [ 2.172083, 7.215417 ], [ 2.172361, 7.215417 ], [ 2.172639, 7.215417 ], [ 2.172917, 7.215694 ], [ 2.173194, 7.215694 ], [ 2.173472, 7.215417 ], [ 2.17375, 7.215417 ], [ 2.174028, 7.215417 ], [ 2.174306, 7.215417 ], [ 2.174583, 7.215694 ], [ 2.174861, 7.215694 ], [ 2.175139, 7.215694 ], [ 2.175417, 7.215694 ], [ 2.175694, 7.215972 ] ] } },
{ "type": "Feature", "properties": { "strahler_order": 1, "longueur_km": 0.57475959246954877 }, "geometry": { "type": "LineString", "coordinates": [ [ 2.175694, 7.215972 ], [ 2.175972, 7.21625 ], [ 2.17625, 7.21625 ], [ 2.176528, 7.21625 ], [ 2.176806, 7.21625 ], [ 2.177083, 7.21625 ], [ 2.177361, 7.215972 ], [ 2.177639, 7.215694 ], [ 2.177917, 7.215417 ], [ 2.178194, 7.215694 ], [ 2.178472, 7.215972 ], [ 2.178472, 7.21625 ], [ 2.178472, 7.216528 ], [ 2.17875, 7.216806 ], [ 2.179028, 7.217083 ], [ 2.179306, 7.217361 ] ] } },
{ "type": "Feature", "properties": { "strahler_order": 1, "longueur_km": 0.11741234688364383 }, "geometry": { "type": "LineString", "coordinates": [ [ 2.179306, 7.217361 ], [ 2.179583, 7.217083 ], [ 2.179861, 7.217083 ], [ 2.180139, 7.216806 ] ] } },
{ "type": "Feature", "properties": { "strahler_order": 1, "longueur_km": 0.78458118511170438 }, "geometry": { "type": "LineString", "coordinates": [ [ 2.180139, 7.216806 ], [ 2.180417, 7.216528 ], [ 2.180417, 7.21625 ], [ 2.180417, 7.215972 ], [ 2.180417, 7.215694 ], [ 2.180417, 7.215417 ], [ 2.180417, 7.215139 ], [ 2.180417, 7.214861 ], [ 2.180417, 7.214583 ], [ 2.180139, 7.214306 ], [ 2.179861, 7.214028 ], [ 2.180139, 7.21375 ], [ 2.180417, 7.213472 ], [ 2.180694, 7.213194 ], [ 2.180972, 7.212917 ], [ 2.18125, 7.212917 ], [ 2.181528, 7.212917 ], [ 2.181806, 7.212639 ], [ 2.181806, 7.212361 ], [ 2.182083, 7.212083 ], [ 2.182361, 7.211806 ], [ 2.182639, 7.211528 ] ] } },
{ "type": "Feature", "properties": { "strahler_order": 1, "longueur_km": 2.8954580151437348 }, "geometry": { "type": "LineString", "coordinates": [ [ 2.182639, 7.211528 ], [ 2.182917, 7.21125 ], [ 2.183194, 7.210972 ], [ 2.183472, 7.210972 ], [ 2.18375, 7.210972 ], [ 2.184028, 7.210972 ], [ 2.184306, 7.21125 ], [ 2.184583, 7.210972 ], [ 2.184861, 7.210694 ], [ 2.184861, 7.210417 ], [ 2.185139, 7.210139 ], [ 2.185417, 7.210139 ], [ 2.185694, 7.209861 ], [ 2.185972, 7.209861 ], [ 2.18625, 7.209861 ], [ 2.186528, 7.210139 ], [ 2.186806, 7.210139 ], [ 2.187083, 7.209861 ], [ 2.187083, 7.209583 ], [ 2.187083, 7.209306 ], [ 2.187361, 7.209028 ], [ 2.187639, 7.20875 ], [ 2.187917, 7.208472 ], [ 2.187917, 7.208194 ], [ 2.187917, 7.207917 ], [ 2.187917, 7.207639 ], [ 2.187639, 7.207361 ], [ 2.187639, 7.207083 ], [ 2.187917, 7.207083 ], [ 2.188194, 7.207083 ], [ 2.188472, 7.206806 ], [ 2.18875, 7.206806 ], [ 2.189028, 7.206528 ], [ 2.189028, 7.20625 ], [ 2.189028, 7.205972 ], [ 2.189028, 7.205694 ], [ 2.189306, 7.205417 ], [ 2.189583, 7.205139 ], [ 2.189861, 7.204861 ], [ 2.190139, 7.204583 ], [ 2.190139, 7.204306 ], [ 2.190139, 7.204028 ], [ 2.190139, 7.20375 ], [ 2.190139, 7.203472 ], [ 2.190139, 7.203194 ], [ 2.190139, 7.202917 ], [ 2.190139, 7.202639 ], [ 2.190139, 7.202361 ], [ 2.190417, 7.202083 ], [ 2.190694, 7.201806 ], [ 2.190972, 7.201528 ], [ 2.190972, 7.20125 ], [ 2.190972, 7.200972 ], [ 2.190972, 7.200694 ], [ 2.190972, 7.200417 ], [ 2.19125, 7.200139 ], [ 2.191528, 7.199861 ], [ 2.191528, 7.199583 ], [ 2.191528, 7.199306 ], [ 2.191528, 7.199028 ], [ 2.191806, 7.19875 ], [ 2.191806, 7.198472 ], [ 2.192083, 7.198194 ], [ 2.192361, 7.197917 ], [ 2.192639, 7.197639 ], [ 2.192639, 7.197361 ], [ 2.192917, 7.197083 ], [ 2.193194, 7.196806 ], [ 2.193194, 7.196528 ], [ 2.193194, 7.19625 ], [ 2.193194, 7.195972 ], [ 2.192917, 7.195694 ], [ 2.192639, 7.195417 ], [ 2.192361, 7.195139 ], [ 2.192083, 7.194861 ], [ 2.192083, 7.194583 ], [ 2.192361, 7.194306 ], [ 2.192361, 7.194028 ], [ 2.192083, 7.19375 ], [ 2.191806, 7.193472 ] ] } },
{ "type": "Feature", "properties": { "strahler_order": 1, "longueur_km": 0.6795949181939781 }, "geometry": { "type": "LineString", "coordinates": [ [ 2.15625, 7.214861 ], [ 2.156528, 7.214583 ], [ 2.156806, 7.214306 ], [ 2.157083, 7.214028 ], [ 2.157361, 7.214028 ], [ 2.157639, 7.214028 ], [ 2.157917, 7.214028 ], [ 2.158194, 7.214028 ], [ 2.158472, 7.214306 ], [ 2.15875, 7.214028 ], [ 2.15875, 7.21375 ], [ 2.15875, 7.213472 ], [ 2.159028, 7.213194 ], [ 2.159306, 7.212917 ], [ 2.159306, 7.212639 ], [ 2.159583, 7.212361 ], [ 2.159583, 7.212083 ], [ 2.159861, 7.211806 ], [ 2.160139, 7.211528 ] ] } },
{ "type": "Feature", "properties": { "strahler_order": 1, "longueur_km": 0.68478591655554277 }, "geometry": { "type": "LineString", "coordinates": [ [ 2.074306, 7.214028 ], [ 2.074583, 7.214028 ], [ 2.074861, 7.214028 ], [ 2.075139, 7.214028 ], [ 2.075417, 7.214028 ], [ 2.075694, 7.21375 ], [ 2.075972, 7.213472 ], [ 2.07625, 7.213472 ], [ 2.076528, 7.213472 ], [ 2.076806, 7.21375 ], [ 2.077083, 7.214028 ], [ 2.077361, 7.21375 ], [ 2.077639, 7.213472 ], [ 2.077917, 7.213472 ], [ 2.078194, 7.213194 ], [ 2.078194, 7.212917 ], [ 2.078194, 7.212639 ], [ 2.078194, 7.212361 ], [ 2.078194, 7.212083 ], [ 2.078472, 7.211806 ] ] } },
{ "type": "Feature", "properties": { "strahler_order": 1, "longueur_km": 0.27842761356237572 }, "geometry": { "type": "LineString", "coordinates": [ [ 2.078472, 7.211806 ], [ 2.07875, 7.211528 ], [ 2.079028, 7.21125 ], [ 2.079306, 7.210972 ], [ 2.079583, 7.210694 ], [ 2.079861, 7.210417 ], [ 2.080139, 7.210417 ], [ 2.080417, 7.210417 ] ] } },
{ "type": "Feature", "properties": { "strahler_order": 1, "longueur_km": 1.2342082512575563 }, "geometry": { "type": "LineString", "coordinates": [ [ 2.03125, 7.21375 ], [ 2.031528, 7.213472 ], [ 2.031806, 7.213194 ], [ 2.032083, 7.212917 ], [ 2.032361, 7.212639 ], [ 2.032361, 7.212361 ], [ 2.032639, 7.212083 ], [ 2.032917, 7.212083 ], [ 2.033194, 7.212361 ], [ 2.033472, 7.212083 ], [ 2.03375, 7.211806 ], [ 2.034028, 7.211806 ], [ 2.034306, 7.211528 ], [ 2.034583, 7.21125 ], [ 2.034861, 7.21125 ], [ 2.035139, 7.21125 ], [ 2.035417, 7.21125 ], [ 2.035694, 7.210972 ], [ 2.035972, 7.210972 ], [ 2.03625, 7.210972 ], [ 2.036528, 7.210972 ], [ 2.036806, 7.210972 ], [ 2.037083, 7.210972 ], [ 2.037361, 7.210972 ], [ 2.037361, 7.210694 ], [ 2.037639, 7.210417 ], [ 2.037639, 7.210139 ], [ 2.037639, 7.209861 ], [ 2.037639, 7.209583 ], [ 2.037639, 7.209306 ], [ 2.037917, 7.209028 ], [ 2.037917, 7.20875 ], [ 2.037917, 7.208472 ], [ 2.038194, 7.208194 ], [ 2.038472, 7.207917 ] ] } },
{ "type": "Feature", "properties": { "strahler_order": 1, "longueur_km": 3.1993198282854793 }, "geometry": { "type": "LineString", "coordinates": [ [ 2.038472, 7.207917 ], [ 2.03875, 7.207639 ], [ 2.039028, 7.207361 ], [ 2.039028, 7.207083 ], [ 2.039028, 7.206806 ], [ 2.039306, 7.206528 ], [ 2.039306, 7.20625 ], [ 2.039583, 7.205972 ], [ 2.039583, 7.205694 ], [ 2.039583, 7.205417 ], [ 2.039583, 7.205139 ], [ 2.039583, 7.204861 ], [ 2.039583, 7.204583 ], [ 2.039583, 7.204306 ], [ 2.039583, 7.204028 ], [ 2.039861, 7.20375 ], [ 2.039861, 7.203472 ], [ 2.040139, 7.203194 ], [ 2.040417, 7.202917 ], [ 2.040694, 7.202917 ], [ 2.040972, 7.202917 ], [ 2.04125, 7.202917 ], [ 2.041528, 7.202917 ], [ 2.041806, 7.202639 ], [ 2.042083, 7.202361 ], [ 2.042361, 7.202083 ], [ 2.042639, 7.202083 ], [ 2.042639, 7.201806 ], [ 2.042917, 7.201528 ], [ 2.043194, 7.20125 ], [ 2.043472, 7.200972 ], [ 2.04375, 7.200694 ], [ 2.044028, 7.200417 ], [ 2.044306, 7.200139 ], [ 2.044306, 7.199861 ], [ 2.044028, 7.199583 ], [ 2.04375, 7.199583 ], [ 2.043472, 7.199306 ], [ 2.043472, 7.199028 ], [ 2.043194, 7.19875 ], [ 2.043194, 7.198472 ], [ 2.043194, 7.198194 ], [ 2.043194, 7.197917 ], [ 2.043194, 7.197639 ], [ 2.043472, 7.197361 ], [ 2.043472, 7.197083 ], [ 2.04375, 7.196806 ], [ 2.044028, 7.196806 ], [ 2.044306, 7.196528 ], [ 2.044583, 7.19625 ], [ 2.044861, 7.19625 ], [ 2.045139, 7.195972 ], [ 2.045417, 7.195694 ], [ 2.045694, 7.195417 ], [ 2.045972, 7.195139 ], [ 2.045972, 7.194861 ], [ 2.045694, 7.194583 ], [ 2.045694, 7.194306 ], [ 2.045694, 7.194028 ], [ 2.045694, 7.19375 ], [ 2.045694, 7.193472 ], [ 2.045972, 7.193194 ], [ 2.04625, 7.193194 ], [ 2.046528, 7.193194 ], [ 2.046806, 7.193194 ], [ 2.046806, 7.192917 ], [ 2.046806, 7.192639 ], [ 2.047083, 7.192361 ], [ 2.047361, 7.192083 ], [ 2.047639, 7.191806 ], [ 2.047917, 7.191528 ], [ 2.048194, 7.19125 ], [ 2.048472, 7.190972 ], [ 2.048194, 7.190694 ], [ 2.047917, 7.190417 ], [ 2.047917, 7.190139 ], [ 2.048194, 7.189861 ], [ 2.048472, 7.189583 ], [ 2.04875, 7.189583 ], [ 2.049028, 7.189306 ], [ 2.049306, 7.189028 ], [ 2.049583, 7.18875 ], [ 2.049583, 7.188472 ], [ 2.049583, 7.188194 ], [ 2.049583, 7.187917 ], [ 2.049306, 7.187639 ], [ 2.049028, 7.187361 ] ] } },
{ "type": "Feature", "properties": { "strahler_order": 1, "longueur_km": 1.1421479201138514 }, "geometry": { "type": "LineString", "coordinates": [ [ 2.010417, 7.213472 ], [ 2.010417, 7.213194 ], [ 2.010417, 7.212917 ], [ 2.010417, 7.212639 ], [ 2.010417, 7.212361 ], [ 2.010417, 7.212083 ], [ 2.010694, 7.212083 ], [ 2.010972, 7.211806 ], [ 2.01125, 7.211528 ], [ 2.01125, 7.21125 ], [ 2.01125, 7.210972 ], [ 2.011528, 7.210694 ], [ 2.011806, 7.210417 ], [ 2.011806, 7.210139 ], [ 2.012083, 7.209861 ], [ 2.012361, 7.209583 ], [ 2.012639, 7.209306 ], [ 2.012917, 7.209028 ], [ 2.013194, 7.209028 ], [ 2.013472, 7.20875 ], [ 2.01375, 7.20875 ], [ 2.014028, 7.20875 ], [ 2.014306, 7.20875 ], [ 2.014583, 7.209028 ], [ 2.014861, 7.20875 ], [ 2.014861, 7.208472 ], [ 2.015139, 7.208194 ], [ 2.015417, 7.207917 ], [ 2.015694, 7.207639 ], [ 2.015694, 7.207361 ], [ 2.015417, 7.207361 ], [ 2.015139, 7.207083 ] ] } },
{ "type": "Feature", "properties": { "strahler_order": 1, "longueur_km": 0.55693309853182305 }, "geometry": { "type": "LineString", "coordinates": [ [ 2.157083, 7.213472 ], [ 2.157361, 7.213194 ], [ 2.157639, 7.212917 ], [ 2.157917, 7.212639 ], [ 2.157917, 7.212361 ], [ 2.158194, 7.212083 ], [ 2.158194, 7.211806 ], [ 2.158194, 7.211528 ], [ 2.158472, 7.21125 ], [ 2.15875, 7.210972 ], [ 2.159028, 7.210694 ], [ 2.159306, 7.210972 ], [ 2.159583, 7.21125 ], [ 2.159861, 7.211528 ], [ 2.160139, 7.211528 ] ] } },
{ "type": "Feature", "properties": { "strahler_order": 1, "longueur_km": 0.8712304084472049 }, "geometry": { "type": "LineString", "coordinates": [ [ 2.160139, 7.211528 ], [ 2.160417, 7.21125 ], [ 2.160694, 7.210972 ], [ 2.160972, 7.210694 ], [ 2.16125, 7.210694 ], [ 2.161528, 7.210694 ], [ 2.161806, 7.210417 ], [ 2.162083, 7.210417 ], [ 2.162361, 7.210139 ], [ 2.162361, 7.209861 ], [ 2.162361, 7.209583 ], [ 2.162083, 7.209306 ], [ 2.162083, 7.209028 ], [ 2.162361, 7.20875 ], [ 2.162639, 7.208472 ], [ 2.162917, 7.208194 ], [ 2.162917, 7.207917 ], [ 2.162917, 7.207639 ], [ 2.162639, 7.207361 ], [ 2.162917, 7.207083 ], [ 2.163194, 7.206806 ], [ 2.163472, 7.206528 ], [ 2.16375, 7.206528 ], [ 2.164028, 7.206528 ] ] } },
{ "type": "Feature", "properties": { "strahler_order": 1, "longueur_km": 0.50054697002351478 }, "geometry": { "type": "LineString", "coordinates": [ [ 2.189306, 7.212917 ], [ 2.189583, 7.212639 ], [ 2.189861, 7.212361 ], [ 2.190139, 7.212361 ], [ 2.190417, 7.212361 ], [ 2.190694, 7.212361 ], [ 2.190972, 7.212639 ], [ 2.19125, 7.212639 ], [ 2.191528, 7.212917 ], [ 2.191806, 7.213194 ], [ 2.192083, 7.213472 ], [ 2.192361, 7.213194 ], [ 2.192639, 7.212917 ], [ 2.192917, 7.212917 ] ] } },
{ "type": "Feature", "properties": { "strahler_order": 1, "longueur_km": 1.9624751886738285 }, "geometry": { "type": "LineString", "coordinates": [ [ 2.192917, 7.212917 ], [ 2.193194, 7.212917 ], [ 2.193472, 7.212917 ], [ 2.19375, 7.212639 ], [ 2.194028, 7.212361 ], [ 2.194306, 7.212083 ], [ 2.194306, 7.211806 ], [ 2.194306, 7.211528 ], [ 2.194306, 7.21125 ], [ 2.194306, 7.210972 ], [ 2.194306, 7.210694 ], [ 2.194583, 7.210417 ], [ 2.194861, 7.210139 ], [ 2.195139, 7.209861 ], [ 2.195417, 7.209583 ], [ 2.195694, 7.209306 ], [ 2.195972, 7.209306 ], [ 2.19625, 7.209028 ], [ 2.196528, 7.209028 ], [ 2.196528, 7.20875 ], [ 2.196528, 7.208472 ], [ 2.196806, 7.208194 ], [ 2.196806, 7.207917 ], [ 2.196806, 7.207639 ], [ 2.196806, 7.207361 ], [ 2.196806, 7.207083 ], [ 2.196528, 7.206806 ], [ 2.19625, 7.206528 ], [ 2.196528, 7.20625 ], [ 2.196528, 7.205972 ], [ 2.196528, 7.205694 ], [ 2.196528, 7.205417 ], [ 2.196806, 7.205139 ], [ 2.197083, 7.204861 ], [ 2.197361, 7.204861 ], [ 2.197361, 7.204583 ], [ 2.197639, 7.204306 ], [ 2.197917, 7.204028 ], [ 2.198194, 7.20375 ], [ 2.198472, 7.203472 ], [ 2.198472, 7.203194 ], [ 2.198472, 7.202917 ], [ 2.19875, 7.202639 ], [ 2.199028, 7.202361 ], [ 2.199306, 7.202361 ], [ 2.199583, 7.202361 ], [ 2.199861, 7.202361 ], [ 2.200139, 7.202361 ], [ 2.200417, 7.202639 ], [ 2.200694, 7.202917 ], [ 2.200972, 7.202917 ], [ 2.20125, 7.203194 ], [ 2.201528, 7.203194 ], [ 2.201806, 7.203194 ], [ 2.202083, 7.203194 ] ] } },
{ "type": "Feature", "properties": { "strahler_order": 1, "longueur_km": 1.7653864090323514 }, "geometry": { "type": "LineString", "coordinates": [ [ 2.202083, 7.203194 ], [ 2.202361, 7.203194 ], [ 2.202639, 7.203194 ], [ 2.202917, 7.202917 ], [ 2.202917, 7.202639 ], [ 2.202917, 7.202361 ], [ 2.203194, 7.202083 ], [ 2.203472, 7.201806 ], [ 2.20375, 7.201806 ], [ 2.20375, 7.201528 ], [ 2.20375, 7.20125 ], [ 2.204028, 7.200972 ], [ 2.204306, 7.200694 ], [ 2.204583, 7.200417 ], [ 2.204861, 7.200139 ], [ 2.205139, 7.199861 ], [ 2.205417, 7.199583 ], [ 2.205417, 7.199306 ], [ 2.205694, 7.199028 ], [ 2.205972, 7.19875 ], [ 2.20625, 7.198472 ], [ 2.206528, 7.198194 ], [ 2.206806, 7.198194 ], [ 2.207083, 7.198472 ], [ 2.207361, 7.198472 ], [ 2.207639, 7.198472 ], [ 2.207917, 7.19875 ], [ 2.208194, 7.198472 ], [ 2.208472, 7.198194 ], [ 2.20875, 7.197917 ], [ 2.209028, 7.197639 ], [ 2.209306, 7.197361 ], [ 2.209583, 7.197083 ], [ 2.209861, 7.196806 ], [ 2.210139, 7.196806 ], [ 2.210417, 7.196806 ], [ 2.210694, 7.196806 ], [ 2.210972, 7.196806 ], [ 2.21125, 7.196528 ], [ 2.21125, 7.19625 ], [ 2.211528, 7.19625 ], [ 2.211806, 7.19625 ], [ 2.212083, 7.19625 ], [ 2.212361, 7.19625 ], [ 2.212639, 7.19625 ], [ 2.212917, 7.19625 ], [ 2.213194, 7.19625 ], [ 2.213472, 7.19625 ], [ 2.21375, 7.19625 ] ] } },
{ "type": "Feature", "properties": { "strahler_order": 1, "longueur_km": 0.98120622572433003 }, "geometry": { "type": "LineString", "coordinates": [ [ 2.013194, 7.212639 ], [ 2.013472, 7.212639 ], [ 2.01375, 7.212639 ], [ 2.014028, 7.212361 ], [ 2.014306, 7.212361 ], [ 2.014583, 7.212361 ], [ 2.014861, 7.212361 ], [ 2.015139, 7.212083 ], [ 2.015417, 7.211806 ], [ 2.015417, 7.211528 ], [ 2.015694, 7.21125 ], [ 2.015694, 7.210972 ], [ 2.015417, 7.210694 ], [ 2.015417, 7.210417 ], [ 2.015417, 7.210139 ], [ 2.015417, 7.209861 ], [ 2.015694, 7.209583 ], [ 2.015972, 7.209306 ], [ 2.01625, 7.209028 ], [ 2.016528, 7.20875 ], [ 2.016528, 7.208472 ], [ 2.016528, 7.208194 ], [ 2.016528, 7.207917 ], [ 2.01625, 7.207639 ], [ 2.015972, 7.207361 ], [ 2.015694, 7.207083 ], [ 2.015417, 7.207083 ], [ 2.015139, 7.207083 ] ] } },
{ "type": "Feature", "properties": { "strahler_order": 1, "longueur_km": 2.0728798325623194 }, "geometry": { "type": "LineString", "coordinates": [ [ 2.015139, 7.207083 ], [ 2.015139, 7.206806 ], [ 2.015139, 7.206528 ], [ 2.015417, 7.20625 ], [ 2.015694, 7.20625 ], [ 2.015972, 7.20625 ], [ 2.01625, 7.205972 ], [ 2.016528, 7.205694 ], [ 2.016806, 7.205417 ], [ 2.017083, 7.205139 ], [ 2.017361, 7.204861 ], [ 2.017361, 7.204583 ], [ 2.017639, 7.204306 ], [ 2.017639, 7.204028 ], [ 2.017917, 7.20375 ], [ 2.017917, 7.203472 ], [ 2.017917, 7.203194 ], [ 2.018194, 7.202917 ], [ 2.018472, 7.202639 ], [ 2.01875, 7.202639 ], [ 2.019028, 7.202639 ], [ 2.019306, 7.202639 ], [ 2.019583, 7.202639 ], [ 2.019861, 7.202361 ], [ 2.020139, 7.202083 ], [ 2.020139, 7.201806 ], [ 2.020417, 7.201528 ], [ 2.020417, 7.20125 ], [ 2.020417, 7.200972 ], [ 2.020694, 7.200694 ], [ 2.020694, 7.200417 ], [ 2.020694, 7.200139 ], [ 2.020694, 7.199861 ], [ 2.020694, 7.199583 ], [ 2.020694, 7.199306 ], [ 2.020972, 7.199028 ], [ 2.02125, 7.19875 ], [ 2.02125, 7.198472 ], [ 2.02125, 7.198194 ], [ 2.02125, 7.197917 ], [ 2.02125, 7.197639 ], [ 2.021528, 7.197361 ], [ 2.021528, 7.197083 ], [ 2.021806, 7.196806 ], [ 2.022083, 7.196806 ], [ 2.022361, 7.196806 ], [ 2.022361, 7.196528 ], [ 2.022361, 7.19625 ], [ 2.022361, 7.195972 ], [ 2.022361, 7.195694 ], [ 2.022639, 7.195417 ], [ 2.022639, 7.195139 ], [ 2.022639, 7.194861 ], [ 2.022361, 7.194583 ], [ 2.022361, 7.194306 ], [ 2.022361, 7.194028 ], [ 2.022083, 7.19375 ], [ 2.021806, 7.193472 ], [ 2.021528, 7.193194 ] ] } },
{ "type": "Feature", "properties": { "strahler_order": 1, "longueur_km": 1.3386083022687192 }, "geometry": { "type": "LineString", "coordinates": [ [ 1.994306, 7.212361 ], [ 1.994583, 7.212361 ], [ 1.994861, 7.212361 ], [ 1.995139, 7.212361 ], [ 1.995417, 7.212361 ], [ 1.995694, 7.212083 ], [ 1.995972, 7.211806 ], [ 1.99625, 7.211528 ], [ 1.996528, 7.21125 ], [ 1.996806, 7.210972 ], [ 1.996806, 7.210694 ], [ 1.996806, 7.210417 ], [ 1.997083, 7.210139 ], [ 1.997361, 7.209861 ], [ 1.997639, 7.209583 ], [ 1.997917, 7.209583 ], [ 1.998194, 7.209583 ], [ 1.998472, 7.209306 ], [ 1.99875, 7.209028 ], [ 1.999028, 7.20875 ], [ 1.999028, 7.208472 ], [ 1.999028, 7.208194 ], [ 1.999306, 7.207917 ], [ 1.999583, 7.207639 ], [ 1.999861, 7.207639 ], [ 2.000139, 7.207639 ], [ 2.000417, 7.207639 ], [ 2.000694, 7.207639 ], [ 2.000972, 7.207639 ], [ 2.00125, 7.207639 ], [ 2.001528, 7.207639 ], [ 2.001806, 7.207361 ], [ 2.002083, 7.207361 ], [ 2.002361, 7.207361 ], [ 2.002639, 7.207083 ], [ 2.002917, 7.207083 ], [ 2.003194, 7.207083 ], [ 2.003472, 7.206806 ] ] } },
{ "type": "Feature", "properties": { "strahler_order": 1, "longueur_km": 0.26031933616573949 }, "geometry": { "type": "LineString", "coordinates": [ [ 2.079861, 7.212083 ], [ 2.079583, 7.211806 ], [ 2.079306, 7.211528 ], [ 2.079583, 7.21125 ], [ 2.079861, 7.210972 ], [ 2.080139, 7.210694 ], [ 2.080417, 7.210417 ] ] } },
{ "type": "Feature", "properties": { "strahler_order": 1, "longueur_km": 2.6443863818981295 }, "geometry": { "type": "LineString", "coordinates": [ [ 2.080417, 7.210417 ], [ 2.080417, 7.210139 ], [ 2.080417, 7.209861 ], [ 2.080694, 7.209583 ], [ 2.080694, 7.209306 ], [ 2.080972, 7.209028 ], [ 2.080972, 7.20875 ], [ 2.080694, 7.208472 ], [ 2.080417, 7.208194 ], [ 2.080139, 7.207917 ], [ 2.080139, 7.207639 ], [ 2.080139, 7.207361 ], [ 2.080139, 7.207083 ], [ 2.080139, 7.206806 ], [ 2.080139, 7.206528 ], [ 2.080139, 7.20625 ], [ 2.080417, 7.205972 ], [ 2.080694, 7.205694 ], [ 2.080972, 7.205417 ], [ 2.08125, 7.205139 ], [ 2.08125, 7.204861 ], [ 2.08125, 7.204583 ], [ 2.08125, 7.204306 ], [ 2.080972, 7.204028 ], [ 2.080694, 7.20375 ], [ 2.080694, 7.203472 ], [ 2.080417, 7.203194 ], [ 2.080417, 7.202917 ], [ 2.080417, 7.202639 ], [ 2.080139, 7.202361 ], [ 2.080139, 7.202083 ], [ 2.080139, 7.201806 ], [ 2.080417, 7.201528 ], [ 2.080694, 7.20125 ], [ 2.080694, 7.200972 ], [ 2.080972, 7.200694 ], [ 2.080694, 7.200417 ], [ 2.080694, 7.200139 ], [ 2.080417, 7.199861 ], [ 2.080139, 7.199583 ], [ 2.080139, 7.199306 ], [ 2.080417, 7.199028 ], [ 2.080694, 7.19875 ], [ 2.080417, 7.198472 ], [ 2.080139, 7.198194 ], [ 2.080417, 7.197917 ], [ 2.080694, 7.197639 ], [ 2.080972, 7.197361 ], [ 2.08125, 7.197083 ], [ 2.08125, 7.196806 ], [ 2.08125, 7.196528 ], [ 2.08125, 7.19625 ], [ 2.08125, 7.195972 ], [ 2.08125, 7.195694 ], [ 2.081528, 7.195694 ], [ 2.081806, 7.195694 ], [ 2.081806, 7.195417 ], [ 2.082083, 7.195139 ], [ 2.082361, 7.194861 ], [ 2.082639, 7.194583 ], [ 2.082917, 7.194306 ], [ 2.083194, 7.194306 ], [ 2.083472, 7.194028 ], [ 2.08375, 7.194028 ], [ 2.084028, 7.19375 ], [ 2.084306, 7.193472 ], [ 2.084583, 7.193194 ], [ 2.084306, 7.192917 ], [ 2.084028, 7.192639 ], [ 2.08375, 7.192361 ], [ 2.083472, 7.192083 ] ] } },
{ "type": "Feature", "properties": { "strahler_order": 1, "longueur_km": 2.061335186920322 }, "geometry": { "type": "LineString", "coordinates": [ [ 1.912361, 7.211806 ], [ 1.912083, 7.211806 ], [ 1.911806, 7.211806 ], [ 1.911528, 7.211528 ], [ 1.91125, 7.211528 ], [ 1.910972, 7.211528 ], [ 1.910694, 7.211806 ], [ 1.910694, 7.212083 ], [ 1.910417, 7.212083 ], [ 1.910139, 7.212083 ], [ 1.909861, 7.212083 ], [ 1.909583, 7.212083 ], [ 1.909306, 7.211806 ], [ 1.909028, 7.211806 ], [ 1.90875, 7.211806 ], [ 1.908472, 7.211806 ], [ 1.908194, 7.211806 ], [ 1.907917, 7.212083 ], [ 1.907639, 7.212083 ], [ 1.907361, 7.211806 ], [ 1.907083, 7.211806 ], [ 1.906806, 7.211806 ], [ 1.906528, 7.211528 ], [ 1.90625, 7.21125 ], [ 1.905972, 7.210972 ], [ 1.905694, 7.210972 ], [ 1.905417, 7.210694 ], [ 1.905139, 7.210694 ], [ 1.904861, 7.210694 ], [ 1.904583, 7.210417 ], [ 1.904306, 7.210417 ], [ 1.904028, 7.210139 ], [ 1.90375, 7.209861 ], [ 1.903472, 7.209583 ], [ 1.903194, 7.209306 ], [ 1.902917, 7.209028 ], [ 1.902639, 7.20875 ], [ 1.902361, 7.208472 ], [ 1.902083, 7.208194 ], [ 1.901806, 7.207917 ], [ 1.901528, 7.207639 ], [ 1.90125, 7.207361 ], [ 1.900972, 7.207083 ], [ 1.900972, 7.206806 ], [ 1.900694, 7.206806 ], [ 1.900417, 7.206806 ], [ 1.900139, 7.206806 ], [ 1.899861, 7.206528 ], [ 1.899583, 7.206528 ], [ 1.899306, 7.20625 ], [ 1.899028, 7.20625 ], [ 1.89875, 7.20625 ], [ 1.898472, 7.20625 ], [ 1.898194, 7.205972 ], [ 1.897917, 7.205694 ], [ 1.897639, 7.205417 ], [ 1.897361, 7.205417 ] ] } },
{ "type": "Feature", "properties": { "strahler_order": 1, "longueur_km": 0.28369489393060032 }, "geometry": { "type": "LineString", "coordinates": [ [ 1.969306, 7.211528 ], [ 1.969028, 7.21125 ], [ 1.969028, 7.210972 ], [ 1.969028, 7.210694 ], [ 1.96875, 7.210417 ], [ 1.968472, 7.210417 ], [ 1.968194, 7.210417 ], [ 1.967917, 7.210417 ], [ 1.967639, 7.210139 ] ] } },
{ "type": "Feature", "properties": { "strahler_order": 1, "longueur_km": 0.57750221157716886 }, "geometry": { "type": "LineString", "coordinates": [ [ 2.217361, 7.210417 ], [ 2.217639, 7.210694 ], [ 2.217639, 7.210972 ], [ 2.217917, 7.21125 ], [ 2.218194, 7.21125 ], [ 2.218472, 7.21125 ], [ 2.21875, 7.21125 ], [ 2.219028, 7.21125 ], [ 2.219306, 7.21125 ], [ 2.219583, 7.21125 ], [ 2.219861, 7.21125 ], [ 2.220139, 7.21125 ], [ 2.220417, 7.21125 ], [ 2.220694, 7.21125 ], [ 2.220972, 7.21125 ], [ 2.22125, 7.21125 ], [ 2.221528, 7.21125 ], [ 2.221806, 7.21125 ], [ 2.222083, 7.21125 ] ] } },
{ "type": "Feature", "properties": { "strahler_order": 1, "longueur_km": 0.31451879879233802 }, "geometry": { "type": "LineString", "coordinates": [ [ 2.004306, 7.209861 ], [ 2.004306, 7.209583 ], [ 2.004306, 7.209306 ], [ 2.004306, 7.209028 ], [ 2.004028, 7.20875 ], [ 2.00375, 7.208472 ], [ 2.00375, 7.208194 ], [ 2.00375, 7.207917 ], [ 2.00375, 7.207639 ], [ 2.003472, 7.207361 ] ] } },
{ "type": "Feature", "properties": { "strahler_order": 1, "longueur_km": 0.061363067696158229 }, "geometry": { "type": "LineString", "coordinates": [ [ 2.003472, 7.207361 ], [ 2.003472, 7.207083 ], [ 2.003472, 7.206806 ] ] } },
{ "type": "Feature", "properties": { "strahler_order": 1, "longueur_km": 1.1169026418127479 }, "geometry": { "type": "LineString", "coordinates": [ [ 2.003472, 7.206806 ], [ 2.003472, 7.206528 ], [ 2.003472, 7.20625 ], [ 2.003472, 7.205972 ], [ 2.00375, 7.205694 ], [ 2.004028, 7.205694 ], [ 2.004306, 7.205417 ], [ 2.004583, 7.205139 ], [ 2.004583, 7.204861 ], [ 2.004583, 7.204583 ], [ 2.004583, 7.204306 ], [ 2.004306, 7.204028 ], [ 2.004306, 7.20375 ], [ 2.004306, 7.203472 ], [ 2.004306, 7.203194 ], [ 2.004306, 7.202917 ], [ 2.004583, 7.202639 ], [ 2.004861, 7.202361 ], [ 2.004861, 7.202083 ], [ 2.004861, 7.201806 ], [ 2.005139, 7.201528 ], [ 2.005139, 7.20125 ], [ 2.005417, 7.20125 ], [ 2.005694, 7.200972 ], [ 2.005972, 7.200972 ], [ 2.00625, 7.200972 ], [ 2.006528, 7.200694 ], [ 2.006806, 7.200694 ], [ 2.007083, 7.200417 ], [ 2.007361, 7.200139 ], [ 2.007639, 7.199861 ], [ 2.007917, 7.199583 ] ] } },
{ "type": "Feature", "properties": { "strahler_order": 1, "longueur_km": 2.3614270425989243 }, "geometry": { "type": "LineString", "coordinates": [ [ 2.126806, 7.209583 ], [ 2.127083, 7.209583 ], [ 2.127361, 7.209583 ], [ 2.127639, 7.209583 ], [ 2.127917, 7.209583 ], [ 2.128194, 7.209306 ], [ 2.128472, 7.209028 ], [ 2.128472, 7.20875 ], [ 2.128472, 7.208472 ], [ 2.128472, 7.208194 ], [ 2.12875, 7.207917 ], [ 2.129028, 7.207917 ], [ 2.129306, 7.207917 ], [ 2.129583, 7.207917 ], [ 2.129861, 7.208194 ], [ 2.130139, 7.208472 ], [ 2.130417, 7.20875 ], [ 2.130694, 7.20875 ], [ 2.130972, 7.209028 ], [ 2.13125, 7.209028 ], [ 2.131528, 7.209028 ], [ 2.131806, 7.209028 ], [ 2.132083, 7.209028 ], [ 2.132361, 7.209306 ], [ 2.132639, 7.209583 ], [ 2.132917, 7.209583 ], [ 2.133194, 7.209583 ], [ 2.133472, 7.209306 ], [ 2.133472, 7.209028 ], [ 2.133472, 7.20875 ], [ 2.13375, 7.208472 ], [ 2.134028, 7.208194 ], [ 2.134028, 7.207917 ], [ 2.134306, 7.207639 ], [ 2.134306, 7.207361 ], [ 2.134583, 7.207083 ], [ 2.134583, 7.206806 ], [ 2.134583, 7.206528 ], [ 2.134583, 7.20625 ], [ 2.134583, 7.205972 ], [ 2.134583, 7.205694 ], [ 2.134583, 7.205417 ], [ 2.134583, 7.205139 ], [ 2.134583, 7.204861 ], [ 2.134583, 7.204583 ], [ 2.134583, 7.204306 ], [ 2.134583, 7.204028 ], [ 2.134861, 7.20375 ], [ 2.135139, 7.203472 ], [ 2.135417, 7.203194 ], [ 2.135694, 7.202917 ], [ 2.135972, 7.202917 ], [ 2.13625, 7.202639 ], [ 2.136528, 7.202639 ], [ 2.136806, 7.202361 ], [ 2.136806, 7.202083 ], [ 2.136806, 7.201806 ], [ 2.136806, 7.201528 ], [ 2.136806, 7.20125 ], [ 2.137083, 7.200972 ], [ 2.137361, 7.200694 ], [ 2.137361, 7.200417 ], [ 2.137639, 7.200139 ], [ 2.137639, 7.199861 ], [ 2.137639, 7.199583 ], [ 2.137361, 7.199306 ], [ 2.137361, 7.199028 ], [ 2.137361, 7.19875 ] ] } },
{ "type": "Feature", "properties": { "strahler_order": 1, "longueur_km": 1.6859610895053398 }, "geometry": { "type": "LineString", "coordinates": [ [ 2.152639, 7.20875 ], [ 2.152639, 7.208472 ], [ 2.152917, 7.208472 ], [ 2.153194, 7.208472 ], [ 2.153472, 7.208472 ], [ 2.15375, 7.208194 ], [ 2.154028, 7.207917 ], [ 2.154306, 7.207917 ], [ 2.154583, 7.208194 ], [ 2.154861, 7.208472 ], [ 2.154861, 7.20875 ], [ 2.155139, 7.20875 ], [ 2.155417, 7.209028 ], [ 2.155694, 7.209028 ], [ 2.155972, 7.209028 ], [ 2.15625, 7.209028 ], [ 2.156528, 7.209306 ], [ 2.156806, 7.209583 ], [ 2.157083, 7.209861 ], [ 2.157361, 7.210139 ], [ 2.157639, 7.210417 ], [ 2.157917, 7.210417 ], [ 2.158194, 7.210417 ], [ 2.158194, 7.210139 ], [ 2.158194, 7.209861 ], [ 2.158472, 7.209583 ], [ 2.15875, 7.209306 ], [ 2.159028, 7.209306 ], [ 2.159306, 7.209306 ], [ 2.159583, 7.209306 ], [ 2.159861, 7.209306 ], [ 2.160139, 7.209306 ], [ 2.160417, 7.209028 ], [ 2.160694, 7.20875 ], [ 2.160972, 7.208472 ], [ 2.16125, 7.208194 ], [ 2.161528, 7.207917 ], [ 2.161806, 7.207639 ], [ 2.162083, 7.207361 ], [ 2.162361, 7.207083 ], [ 2.162639, 7.206806 ], [ 2.162917, 7.206528 ], [ 2.163194, 7.20625 ], [ 2.163472, 7.20625 ], [ 2.16375, 7.20625 ], [ 2.164028, 7.206528 ] ] } },
{ "type": "Feature", "properties": { "strahler_order": 1, "longueur_km": 0.17885007820604082 }, "geometry": { "type": "LineString", "coordinates": [ [ 2.164028, 7.206528 ], [ 2.164306, 7.206528 ], [ 2.164583, 7.206528 ], [ 2.164861, 7.20625 ], [ 2.165139, 7.205972 ], [ 2.165417, 7.205972 ] ] } },
{ "type": "Feature", "properties": { "strahler_order": 1, "longueur_km": 0.35783768293513857 }, "geometry": { "type": "LineString", "coordinates": [ [ 1.946806, 7.208472 ], [ 1.946528, 7.20875 ], [ 1.946528, 7.209028 ], [ 1.946528, 7.209306 ], [ 1.94625, 7.209306 ], [ 1.945972, 7.209583 ], [ 1.945694, 7.209583 ], [ 1.945417, 7.209861 ], [ 1.945417, 7.210139 ], [ 1.945139, 7.210417 ], [ 1.945139, 7.210694 ] ] } },
{ "type": "Feature", "properties": { "strahler_order": 1, "longueur_km": 0.11757841882291072 }, "geometry": { "type": "LineString", "coordinates": [ [ 1.929028, 7.207917 ], [ 1.92875, 7.207639 ], [ 1.928472, 7.207361 ], [ 1.928194, 7.207361 ] ] } },
{ "type": "Feature", "properties": { "strahler_order": 1, "longueur_km": 0.61589137362610957 }, "geometry": { "type": "LineString", "coordinates": [ [ 1.957361, 7.207917 ], [ 1.957083, 7.208194 ], [ 1.957083, 7.208472 ], [ 1.956806, 7.208472 ], [ 1.956528, 7.208472 ], [ 1.95625, 7.208472 ], [ 1.955972, 7.208472 ], [ 1.955694, 7.20875 ], [ 1.955417, 7.20875 ], [ 1.955417, 7.209028 ], [ 1.955417, 7.209306 ], [ 1.955139, 7.209583 ], [ 1.954861, 7.209861 ], [ 1.954583, 7.209861 ], [ 1.954306, 7.209861 ], [ 1.954028, 7.209861 ], [ 1.95375, 7.209583 ], [ 1.953472, 7.209583 ], [ 1.953194, 7.209583 ] ] } },
{ "type": "Feature", "properties": { "strahler_order": 1, "longueur_km": 1.6986358820238392 }, "geometry": { "type": "LineString", "coordinates": [ [ 2.022917, 7.207639 ], [ 2.023194, 7.207361 ], [ 2.023472, 7.207083 ], [ 2.023472, 7.206806 ], [ 2.023472, 7.206528 ], [ 2.02375, 7.20625 ], [ 2.024028, 7.205972 ], [ 2.024306, 7.205694 ], [ 2.024583, 7.205417 ], [ 2.024861, 7.205139 ], [ 2.025139, 7.204861 ], [ 2.025417, 7.204583 ], [ 2.025694, 7.204583 ], [ 2.025972, 7.204306 ], [ 2.02625, 7.204306 ], [ 2.026528, 7.204306 ], [ 2.026806, 7.204306 ], [ 2.027083, 7.204583 ], [ 2.027083, 7.204861 ], [ 2.027361, 7.204861 ], [ 2.027639, 7.204583 ], [ 2.027639, 7.204306 ], [ 2.027917, 7.204028 ], [ 2.028194, 7.20375 ], [ 2.028472, 7.203472 ], [ 2.02875, 7.203472 ], [ 2.029028, 7.203472 ], [ 2.029306, 7.203194 ], [ 2.029306, 7.202917 ], [ 2.029028, 7.202639 ], [ 2.029028, 7.202361 ], [ 2.02875, 7.202083 ], [ 2.029028, 7.201806 ], [ 2.029306, 7.201528 ], [ 2.029583, 7.201528 ], [ 2.029861, 7.201528 ], [ 2.030139, 7.201528 ], [ 2.030417, 7.20125 ], [ 2.030694, 7.200972 ], [ 2.030972, 7.200694 ], [ 2.03125, 7.200417 ], [ 2.031528, 7.200694 ], [ 2.031806, 7.200694 ], [ 2.032083, 7.200694 ], [ 2.032361, 7.200694 ], [ 2.032639, 7.200694 ] ] } },
{ "type": "Feature", "properties": { "strahler_order": 1, "longueur_km": 0.19155074273921543 }, "geometry": { "type": "LineString", "coordinates": [ [ 2.092083, 7.207639 ], [ 2.091806, 7.207361 ], [ 2.091528, 7.207361 ], [ 2.09125, 7.207083 ], [ 2.090972, 7.207083 ], [ 2.090694, 7.206806 ] ] } },
{ "type": "Feature", "properties": { "strahler_order": 1, "longueur_km": 0.94336520312710659 }, "geometry": { "type": "LineString", "coordinates": [ [ 2.090694, 7.206806 ], [ 2.090417, 7.206528 ], [ 2.090417, 7.20625 ], [ 2.090417, 7.205972 ], [ 2.090694, 7.205694 ], [ 2.090694, 7.205417 ], [ 2.090694, 7.205139 ], [ 2.090972, 7.204861 ], [ 2.09125, 7.204583 ], [ 2.091528, 7.204306 ], [ 2.091528, 7.204028 ], [ 2.091806, 7.20375 ], [ 2.091806, 7.203472 ], [ 2.091806, 7.203194 ], [ 2.091806, 7.202917 ], [ 2.091806, 7.202639 ], [ 2.091806, 7.202361 ], [ 2.091806, 7.202083 ], [ 2.092083, 7.201806 ], [ 2.092083, 7.201528 ], [ 2.092083, 7.20125 ], [ 2.092361, 7.200972 ], [ 2.092361, 7.200694 ], [ 2.092361, 7.200417 ], [ 2.092639, 7.200139 ], [ 2.092639, 7.199861 ], [ 2.092639, 7.199583 ], [ 2.092639, 7.199306 ] ] } },
{ "type": "Feature", "properties": { "strahler_order": 1, "longueur_km": 0.12283969357296158 }, "geometry": { "type": "LineString", "coordinates": [ [ 1.925417, 7.207083 ], [ 1.925417, 7.206806 ], [ 1.925417, 7.206528 ], [ 1.925417, 7.20625 ], [ 1.925417, 7.205972 ] ] } },
{ "type": "Feature", "properties": { "strahler_order": 1, "longueur_km": 1.4435738562511473 }, "geometry": { "type": "LineString", "coordinates": [ [ 2.060972, 7.207083 ], [ 2.06125, 7.206806 ], [ 2.061528, 7.206806 ], [ 2.061806, 7.206528 ], [ 2.062083, 7.206528 ], [ 2.062361, 7.206528 ], [ 2.062639, 7.20625 ], [ 2.062917, 7.20625 ], [ 2.063194, 7.20625 ], [ 2.063472, 7.206528 ], [ 2.06375, 7.206806 ], [ 2.064028, 7.206806 ], [ 2.064306, 7.207083 ], [ 2.064583, 7.206806 ], [ 2.064861, 7.206528 ], [ 2.064861, 7.20625 ], [ 2.064861, 7.205972 ], [ 2.065139, 7.205694 ], [ 2.065139, 7.205417 ], [ 2.065139, 7.205139 ], [ 2.065417, 7.204861 ], [ 2.065694, 7.204583 ], [ 2.065972, 7.204306 ], [ 2.06625, 7.204306 ], [ 2.066528, 7.204306 ], [ 2.066806, 7.204306 ], [ 2.067083, 7.204306 ], [ 2.067361, 7.204028 ], [ 2.067639, 7.20375 ], [ 2.067917, 7.20375 ], [ 2.068194, 7.20375 ], [ 2.068472, 7.20375 ], [ 2.06875, 7.20375 ], [ 2.069028, 7.20375 ], [ 2.069306, 7.20375 ], [ 2.069306, 7.203472 ], [ 2.069583, 7.203194 ], [ 2.069861, 7.202917 ], [ 2.069861, 7.202639 ], [ 2.069861, 7.202361 ], [ 2.070139, 7.202083 ] ] } },
{ "type": "Feature", "properties": { "strahler_order": 1, "longueur_km": 2.1466450194746076 }, "geometry": { "type": "LineString", "coordinates": [ [ 2.070139, 7.202083 ], [ 2.070417, 7.201806 ], [ 2.070694, 7.201528 ], [ 2.070972, 7.20125 ], [ 2.07125, 7.20125 ], [ 2.071528, 7.20125 ], [ 2.071806, 7.201528 ], [ 2.072083, 7.201806 ], [ 2.072361, 7.201806 ], [ 2.072639, 7.201806 ], [ 2.072917, 7.201528 ], [ 2.072917, 7.20125 ], [ 2.073194, 7.200972 ], [ 2.073472, 7.200694 ], [ 2.07375, 7.200694 ], [ 2.074028, 7.200694 ], [ 2.074306, 7.200694 ], [ 2.074583, 7.200417 ], [ 2.074583, 7.200139 ], [ 2.074861, 7.199861 ], [ 2.075139, 7.199583 ], [ 2.075417, 7.199306 ], [ 2.075694, 7.199028 ], [ 2.075972, 7.199028 ], [ 2.07625, 7.19875 ], [ 2.076528, 7.19875 ], [ 2.076806, 7.19875 ], [ 2.077083, 7.19875 ], [ 2.077361, 7.19875 ], [ 2.077639, 7.19875 ], [ 2.077917, 7.19875 ], [ 2.078194, 7.19875 ], [ 2.078472, 7.19875 ], [ 2.07875, 7.19875 ], [ 2.07875, 7.198472 ], [ 2.07875, 7.198194 ], [ 2.07875, 7.197917 ], [ 2.07875, 7.197639 ], [ 2.07875, 7.197361 ], [ 2.07875, 7.197083 ], [ 2.07875, 7.196806 ], [ 2.07875, 7.196528 ], [ 2.07875, 7.19625 ], [ 2.079028, 7.195972 ], [ 2.079306, 7.195694 ], [ 2.079306, 7.195417 ], [ 2.079306, 7.195139 ], [ 2.079583, 7.194861 ], [ 2.079861, 7.194583 ], [ 2.080139, 7.194583 ], [ 2.080417, 7.194306 ], [ 2.080694, 7.194028 ], [ 2.080694, 7.19375 ], [ 2.080694, 7.193472 ], [ 2.080694, 7.193194 ], [ 2.080694, 7.192917 ], [ 2.080972, 7.192639 ], [ 2.080972, 7.192361 ], [ 2.080694, 7.192083 ], [ 2.080417, 7.191806 ], [ 2.080139, 7.191528 ] ] } },
{ "type": "Feature", "properties": { "strahler_order": 1, "longueur_km": 1.9927228591883979 }, "geometry": { "type": "LineString", "coordinates": [ [ 1.980972, 7.206528 ], [ 1.980694, 7.206806 ], [ 1.980417, 7.206806 ], [ 1.980139, 7.206528 ], [ 1.979861, 7.206528 ], [ 1.979583, 7.206806 ], [ 1.979306, 7.207083 ], [ 1.979028, 7.207083 ], [ 1.97875, 7.207361 ], [ 1.978472, 7.207639 ], [ 1.978472, 7.207917 ], [ 1.978472, 7.208194 ], [ 1.978472, 7.208472 ], [ 1.978194, 7.208472 ], [ 1.977917, 7.208472 ], [ 1.977639, 7.208472 ], [ 1.977361, 7.208472 ], [ 1.977083, 7.208472 ], [ 1.976806, 7.20875 ], [ 1.976528, 7.208472 ], [ 1.97625, 7.208194 ], [ 1.975972, 7.207917 ], [ 1.975694, 7.207917 ], [ 1.975417, 7.207917 ], [ 1.975139, 7.207917 ], [ 1.974861, 7.207917 ], [ 1.974583, 7.207917 ], [ 1.974306, 7.207917 ], [ 1.974028, 7.207917 ], [ 1.97375, 7.207917 ], [ 1.973472, 7.207917 ], [ 1.973194, 7.208194 ], [ 1.972917, 7.208472 ], [ 1.972639, 7.208194 ], [ 1.972361, 7.207917 ], [ 1.972083, 7.207639 ], [ 1.971806, 7.207361 ], [ 1.971528, 7.207361 ], [ 1.97125, 7.207361 ], [ 1.970972, 7.207639 ], [ 1.970694, 7.207917 ], [ 1.970417, 7.208194 ], [ 1.970139, 7.208472 ], [ 1.970417, 7.20875 ], [ 1.970139, 7.209028 ], [ 1.970139, 7.209306 ], [ 1.970139, 7.209583 ], [ 1.969861, 7.209583 ], [ 1.969583, 7.209861 ], [ 1.969306, 7.210139 ], [ 1.969028, 7.210139 ], [ 1.96875, 7.210139 ], [ 1.968472, 7.210139 ], [ 1.968194, 7.210139 ], [ 1.967917, 7.210139 ], [ 1.967639, 7.210139 ] ] } },
{ "type": "Feature", "properties": { "strahler_order": 1, "longueur_km": 1.6658327555957093 }, "geometry": { "type": "LineString", "coordinates": [ [ 1.943194, 7.20625 ], [ 1.942917, 7.206528 ], [ 1.942639, 7.206806 ], [ 1.942361, 7.206806 ], [ 1.942083, 7.206806 ], [ 1.941806, 7.206806 ], [ 1.941528, 7.206806 ], [ 1.94125, 7.206806 ], [ 1.94125, 7.207083 ], [ 1.940972, 7.207361 ], [ 1.940694, 7.207361 ], [ 1.940417, 7.207083 ], [ 1.940139, 7.207083 ], [ 1.939861, 7.207083 ], [ 1.939583, 7.207361 ], [ 1.939306, 7.207639 ], [ 1.939028, 7.207361 ], [ 1.93875, 7.207083 ], [ 1.938472, 7.206806 ], [ 1.938194, 7.206528 ], [ 1.937917, 7.20625 ], [ 1.937639, 7.20625 ], [ 1.937361, 7.20625 ], [ 1.937083, 7.206528 ], [ 1.936806, 7.206806 ], [ 1.936528, 7.207083 ], [ 1.93625, 7.207083 ], [ 1.935972, 7.207083 ], [ 1.935694, 7.206806 ], [ 1.935694, 7.206528 ], [ 1.935694, 7.20625 ], [ 1.935417, 7.205972 ], [ 1.935139, 7.205694 ], [ 1.934861, 7.205694 ], [ 1.934583, 7.205694 ], [ 1.934306, 7.205694 ], [ 1.934028, 7.205694 ], [ 1.93375, 7.205694 ], [ 1.933472, 7.205972 ], [ 1.933194, 7.205972 ], [ 1.932917, 7.20625 ], [ 1.932639, 7.20625 ], [ 1.932361, 7.20625 ], [ 1.932083, 7.20625 ], [ 1.931806, 7.20625 ], [ 1.931528, 7.20625 ], [ 1.93125, 7.205972 ] ] } },
{ "type": "Feature", "properties": { "strahler_order": 1, "longueur_km": 3.5183445863129004 }, "geometry": { "type": "LineString", "coordinates": [ [ 1.990694, 7.205694 ], [ 1.990972, 7.205972 ], [ 1.99125, 7.20625 ], [ 1.991528, 7.206528 ], [ 1.991806, 7.206806 ], [ 1.992083, 7.207083 ], [ 1.992361, 7.207083 ], [ 1.992639, 7.206806 ], [ 1.992917, 7.206528 ], [ 1.993194, 7.206528 ], [ 1.993472, 7.206528 ], [ 1.993472, 7.20625 ], [ 1.99375, 7.205972 ], [ 1.994028, 7.205972 ], [ 1.994306, 7.205694 ], [ 1.994583, 7.205417 ], [ 1.994583, 7.205139 ], [ 1.994583, 7.204861 ], [ 1.994583, 7.204583 ], [ 1.994306, 7.204306 ], [ 1.994028, 7.204028 ], [ 1.994028, 7.20375 ], [ 1.99375, 7.203472 ], [ 1.994028, 7.203194 ], [ 1.994306, 7.202917 ], [ 1.994306, 7.202639 ], [ 1.994306, 7.202361 ], [ 1.994583, 7.202083 ], [ 1.994861, 7.201806 ], [ 1.994861, 7.201528 ], [ 1.994861, 7.20125 ], [ 1.995139, 7.200972 ], [ 1.995139, 7.200694 ], [ 1.995139, 7.200417 ], [ 1.995139, 7.200139 ], [ 1.995139, 7.199861 ], [ 1.995139, 7.199583 ], [ 1.995139, 7.199306 ], [ 1.995417, 7.199028 ], [ 1.995417, 7.19875 ], [ 1.995417, 7.198472 ], [ 1.995417, 7.198194 ], [ 1.995694, 7.197917 ], [ 1.995972, 7.197639 ], [ 1.99625, 7.197361 ], [ 1.996528, 7.197361 ], [ 1.996806, 7.197361 ], [ 1.997083, 7.197361 ], [ 1.997361, 7.197361 ], [ 1.997639, 7.197361 ], [ 1.997917, 7.197361 ], [ 1.998194, 7.197083 ], [ 1.998472, 7.197083 ], [ 1.99875, 7.197083 ], [ 1.999028, 7.197083 ], [ 1.999306, 7.197083 ], [ 1.999583, 7.197083 ], [ 1.999861, 7.196806 ], [ 2.000139, 7.196806 ], [ 2.000417, 7.196806 ], [ 2.000694, 7.196806 ], [ 2.000972, 7.197083 ], [ 2.00125, 7.197361 ], [ 2.001528, 7.197361 ], [ 2.001806, 7.197083 ], [ 2.002083, 7.196806 ], [ 2.002361, 7.196528 ], [ 2.002361, 7.19625 ], [ 2.002361, 7.195972 ], [ 2.002639, 7.195694 ], [ 2.002917, 7.195417 ], [ 2.003194, 7.195139 ], [ 2.003472, 7.194861 ], [ 2.00375, 7.194583 ], [ 2.004028, 7.194583 ], [ 2.004306, 7.194583 ], [ 2.004583, 7.194861 ], [ 2.004861, 7.195139 ], [ 2.005139, 7.195139 ], [ 2.005417, 7.195417 ], [ 2.005694, 7.195694 ], [ 2.005972, 7.195694 ], [ 2.00625, 7.195694 ], [ 2.006528, 7.195694 ], [ 2.006806, 7.195417 ], [ 2.007083, 7.195139 ], [ 2.007361, 7.194861 ], [ 2.007639, 7.194861 ], [ 2.007917, 7.195139 ], [ 2.008194, 7.195417 ], [ 2.008472, 7.195694 ], [ 2.00875, 7.195972 ], [ 2.009028, 7.195972 ], [ 2.009306, 7.195972 ], [ 2.009583, 7.195972 ], [ 2.009861, 7.195972 ], [ 2.010139, 7.195972 ] ] } },
{ "type": "Feature", "properties": { "strahler_order": 1, "longueur_km": 1.8368523057786237 }, "geometry": { "type": "LineString", "coordinates": [ [ 2.209583, 7.205694 ], [ 2.209861, 7.205417 ], [ 2.210139, 7.205417 ], [ 2.210417, 7.205694 ], [ 2.210694, 7.205694 ], [ 2.210972, 7.205694 ], [ 2.21125, 7.205417 ], [ 2.21125, 7.205139 ], [ 2.21125, 7.204861 ], [ 2.21125, 7.204583 ], [ 2.210972, 7.204306 ], [ 2.210694, 7.204028 ], [ 2.210972, 7.20375 ], [ 2.21125, 7.20375 ], [ 2.211528, 7.203472 ], [ 2.211806, 7.203472 ], [ 2.212083, 7.203472 ], [ 2.212361, 7.203472 ], [ 2.212639, 7.20375 ], [ 2.212917, 7.20375 ], [ 2.213194, 7.20375 ], [ 2.213472, 7.20375 ], [ 2.21375, 7.203472 ], [ 2.214028, 7.203194 ], [ 2.214306, 7.202917 ], [ 2.214583, 7.202639 ], [ 2.214861, 7.202361 ], [ 2.215139, 7.202361 ], [ 2.215417, 7.202639 ], [ 2.215694, 7.202639 ], [ 2.215972, 7.202361 ], [ 2.21625, 7.202361 ], [ 2.216528, 7.202361 ], [ 2.216806, 7.202361 ], [ 2.217083, 7.202361 ], [ 2.217361, 7.202361 ], [ 2.217639, 7.202083 ], [ 2.217917, 7.202083 ], [ 2.218194, 7.201806 ], [ 2.218472, 7.201528 ], [ 2.21875, 7.201528 ], [ 2.219028, 7.201806 ], [ 2.219306, 7.201806 ], [ 2.219583, 7.201806 ], [ 2.219861, 7.201806 ], [ 2.220139, 7.201806 ], [ 2.220417, 7.201806 ], [ 2.220694, 7.201806 ], [ 2.220972, 7.201806 ], [ 2.22125, 7.201806 ], [ 2.221528, 7.201806 ], [ 2.221806, 7.201806 ], [ 2.222083, 7.201806 ] ] } },
{ "type": "Feature", "properties": { "strahler_order": 1, "longueur_km": 3.3111663969700169 }, "geometry": { "type": "LineString", "coordinates": [ [ 2.047361, 7.205417 ], [ 2.047639, 7.205139 ], [ 2.047917, 7.204861 ], [ 2.048194, 7.204583 ], [ 2.048472, 7.204306 ], [ 2.04875, 7.204028 ], [ 2.049028, 7.204028 ], [ 2.049306, 7.204028 ], [ 2.049583, 7.204028 ], [ 2.049861, 7.20375 ], [ 2.050139, 7.203472 ], [ 2.050417, 7.203194 ], [ 2.050417, 7.202917 ], [ 2.050417, 7.202639 ], [ 2.050417, 7.202361 ], [ 2.050139, 7.202083 ], [ 2.050139, 7.201806 ], [ 2.050139, 7.201528 ], [ 2.050139, 7.20125 ], [ 2.050139, 7.200972 ], [ 2.050417, 7.200694 ], [ 2.050694, 7.200417 ], [ 2.050972, 7.200417 ], [ 2.05125, 7.200417 ], [ 2.051528, 7.200139 ], [ 2.051806, 7.199861 ], [ 2.052083, 7.199583 ], [ 2.051806, 7.199306 ], [ 2.052083, 7.199028 ], [ 2.052361, 7.19875 ], [ 2.052639, 7.19875 ], [ 2.052917, 7.198472 ], [ 2.053194, 7.198194 ], [ 2.053472, 7.197917 ], [ 2.05375, 7.197639 ], [ 2.054028, 7.197361 ], [ 2.054306, 7.197361 ], [ 2.054583, 7.197361 ], [ 2.054861, 7.197361 ], [ 2.055139, 7.197361 ], [ 2.055417, 7.197639 ], [ 2.055694, 7.197639 ], [ 2.055972, 7.197639 ], [ 2.05625, 7.197639 ], [ 2.056528, 7.197361 ], [ 2.056806, 7.197361 ], [ 2.057083, 7.197083 ], [ 2.057361, 7.196806 ], [ 2.057639, 7.196528 ], [ 2.057917, 7.19625 ], [ 2.058194, 7.195972 ], [ 2.058194, 7.195694 ], [ 2.058194, 7.195417 ], [ 2.057917, 7.195139 ], [ 2.057639, 7.194861 ], [ 2.057917, 7.194583 ], [ 2.058194, 7.194306 ], [ 2.058472, 7.194028 ], [ 2.05875, 7.19375 ], [ 2.059028, 7.193472 ], [ 2.059306, 7.193194 ], [ 2.059583, 7.192917 ], [ 2.059583, 7.192639 ], [ 2.059861, 7.192639 ], [ 2.060139, 7.192639 ], [ 2.060417, 7.192361 ], [ 2.060694, 7.192361 ], [ 2.060972, 7.192361 ], [ 2.06125, 7.192083 ], [ 2.061528, 7.191806 ], [ 2.061806, 7.191528 ], [ 2.061806, 7.19125 ], [ 2.061528, 7.190972 ], [ 2.06125, 7.190694 ], [ 2.06125, 7.190417 ], [ 2.06125, 7.190139 ], [ 2.061528, 7.189861 ], [ 2.061528, 7.189583 ], [ 2.061528, 7.189306 ], [ 2.061528, 7.189028 ], [ 2.061528, 7.18875 ], [ 2.06125, 7.188472 ], [ 2.06125, 7.188194 ], [ 2.060972, 7.187917 ], [ 2.060694, 7.187639 ], [ 2.060694, 7.187361 ], [ 2.060694, 7.187083 ], [ 2.060694, 7.186806 ], [ 2.060694, 7.186528 ] ] } },
{ "type": "Feature", "properties": { "strahler_order": 1, "longueur_km": 0.61105731593833323 }, "geometry": { "type": "LineString", "coordinates": [ [ 2.030972, 7.205139 ], [ 2.030972, 7.204861 ], [ 2.030972, 7.204583 ], [ 2.03125, 7.204583 ], [ 2.031528, 7.204306 ], [ 2.031806, 7.204028 ], [ 2.031806, 7.20375 ], [ 2.031528, 7.203472 ], [ 2.031528, 7.203194 ], [ 2.031528, 7.202917 ], [ 2.031528, 7.202639 ], [ 2.031806, 7.202361 ], [ 2.032083, 7.202083 ], [ 2.032361, 7.201806 ], [ 2.032639, 7.201528 ], [ 2.032639, 7.20125 ], [ 2.032639, 7.200972 ], [ 2.032639, 7.200694 ] ] } },
{ "type": "Feature", "properties": { "strahler_order": 1, "longueur_km": 1.2956859249607082 }, "geometry": { "type": "LineString", "coordinates": [ [ 2.032639, 7.200694 ], [ 2.032917, 7.200417 ], [ 2.033194, 7.200139 ], [ 2.033472, 7.200139 ], [ 2.03375, 7.200139 ], [ 2.03375, 7.199861 ], [ 2.034028, 7.199583 ], [ 2.034028, 7.199306 ], [ 2.034306, 7.199028 ], [ 2.034306, 7.19875 ], [ 2.034306, 7.198472 ], [ 2.034306, 7.198194 ], [ 2.034306, 7.197917 ], [ 2.034306, 7.197639 ], [ 2.034306, 7.197361 ], [ 2.034306, 7.197083 ], [ 2.034583, 7.196806 ], [ 2.034861, 7.196528 ], [ 2.035139, 7.196528 ], [ 2.035417, 7.196528 ], [ 2.035694, 7.19625 ], [ 2.035972, 7.195972 ], [ 2.03625, 7.195694 ], [ 2.036528, 7.195417 ], [ 2.036806, 7.195139 ], [ 2.037083, 7.195139 ], [ 2.037083, 7.194861 ], [ 2.037361, 7.194583 ], [ 2.037639, 7.194306 ], [ 2.037639, 7.194028 ], [ 2.037917, 7.194028 ], [ 2.038194, 7.194028 ], [ 2.038472, 7.19375 ], [ 2.038472, 7.193472 ], [ 2.038472, 7.193194 ], [ 2.038472, 7.192917 ], [ 2.03875, 7.192639 ] ] } },
{ "type": "Feature", "properties": { "strahler_order": 1, "longueur_km": 0.22221011374188537 }, "geometry": { "type": "LineString", "coordinates": [ [ 2.16375, 7.205139 ], [ 2.164028, 7.205139 ], [ 2.164306, 7.205139 ], [ 2.164583, 7.205139 ], [ 2.164861, 7.205417 ], [ 2.165139, 7.205694 ], [ 2.165417, 7.205972 ] ] } },
{ "type": "Feature", "properties": { "strahler_order": 1, "longueur_km": 4.584415836920777 }, "geometry": { "type": "LineString", "coordinates": [ [ 2.165417, 7.205972 ], [ 2.165694, 7.205972 ], [ 2.165972, 7.205972 ], [ 2.16625, 7.205694 ], [ 2.166528, 7.205417 ], [ 2.166806, 7.205139 ], [ 2.167083, 7.205417 ], [ 2.167361, 7.205694 ], [ 2.167639, 7.205694 ], [ 2.167917, 7.205972 ], [ 2.168194, 7.20625 ], [ 2.168472, 7.206528 ], [ 2.16875, 7.206528 ], [ 2.169028, 7.206528 ], [ 2.169306, 7.20625 ], [ 2.169583, 7.206528 ], [ 2.169861, 7.206806 ], [ 2.169861, 7.207083 ], [ 2.170139, 7.207361 ], [ 2.170417, 7.207639 ], [ 2.170694, 7.207639 ], [ 2.170972, 7.207361 ], [ 2.17125, 7.207083 ], [ 2.171528, 7.207083 ], [ 2.171806, 7.206806 ], [ 2.172083, 7.206528 ], [ 2.172361, 7.20625 ], [ 2.172361, 7.205972 ], [ 2.172083, 7.205694 ], [ 2.171806, 7.205417 ], [ 2.171806, 7.205139 ], [ 2.172083, 7.204861 ], [ 2.172361, 7.204861 ], [ 2.172639, 7.204861 ], [ 2.172917, 7.204861 ], [ 2.173194, 7.204861 ], [ 2.173472, 7.204861 ], [ 2.17375, 7.204583 ], [ 2.174028, 7.204583 ], [ 2.174306, 7.204583 ], [ 2.174583, 7.204861 ], [ 2.174861, 7.205139 ], [ 2.175139, 7.205139 ], [ 2.175417, 7.204861 ], [ 2.175694, 7.204583 ], [ 2.175694, 7.204306 ], [ 2.175694, 7.204028 ], [ 2.175694, 7.20375 ], [ 2.175694, 7.203472 ], [ 2.175694, 7.203194 ], [ 2.175694, 7.202917 ], [ 2.175972, 7.202639 ], [ 2.17625, 7.202361 ], [ 2.176528, 7.202083 ], [ 2.176528, 7.201806 ], [ 2.17625, 7.201528 ], [ 2.175972, 7.201528 ], [ 2.175694, 7.201528 ], [ 2.175694, 7.20125 ], [ 2.175694, 7.200972 ], [ 2.175972, 7.200694 ], [ 2.175972, 7.200417 ], [ 2.175972, 7.200139 ], [ 2.175972, 7.199861 ], [ 2.175972, 7.199583 ], [ 2.175972, 7.199306 ], [ 2.175972, 7.199028 ], [ 2.175972, 7.19875 ], [ 2.17625, 7.198472 ], [ 2.17625, 7.198194 ], [ 2.17625, 7.197917 ], [ 2.176528, 7.197639 ], [ 2.176528, 7.197361 ], [ 2.176528, 7.197083 ], [ 2.176528, 7.196806 ], [ 2.176528, 7.196528 ], [ 2.176528, 7.19625 ], [ 2.176528, 7.195972 ], [ 2.176806, 7.195972 ], [ 2.177083, 7.195694 ], [ 2.177361, 7.195417 ], [ 2.177639, 7.195417 ], [ 2.177917, 7.195417 ], [ 2.178194, 7.195417 ], [ 2.178472, 7.195694 ], [ 2.17875, 7.195694 ], [ 2.179028, 7.195417 ], [ 2.179028, 7.195139 ], [ 2.179306, 7.195139 ], [ 2.179583, 7.194861 ], [ 2.179861, 7.194861 ], [ 2.180139, 7.194583 ], [ 2.180139, 7.194306 ], [ 2.180417, 7.194028 ], [ 2.180417, 7.19375 ], [ 2.180417, 7.193472 ], [ 2.180417, 7.193194 ], [ 2.180417, 7.192917 ], [ 2.180694, 7.192639 ], [ 2.180972, 7.192639 ], [ 2.18125, 7.192639 ], [ 2.181528, 7.192639 ], [ 2.181806, 7.192361 ], [ 2.182083, 7.192361 ], [ 2.182361, 7.192083 ], [ 2.182639, 7.191806 ], [ 2.182917, 7.191528 ], [ 2.183194, 7.191528 ], [ 2.183472, 7.191528 ], [ 2.18375, 7.191528 ], [ 2.184028, 7.191528 ], [ 2.184306, 7.19125 ], [ 2.184583, 7.190972 ], [ 2.184861, 7.190972 ], [ 2.185139, 7.190694 ], [ 2.185417, 7.190417 ], [ 2.185417, 7.190139 ], [ 2.185417, 7.189861 ], [ 2.185139, 7.189583 ], [ 2.184861, 7.189306 ], [ 2.184583, 7.189028 ], [ 2.184583, 7.18875 ], [ 2.184861, 7.188472 ], [ 2.184861, 7.188194 ], [ 2.184861, 7.187917 ], [ 2.185139, 7.187639 ], [ 2.185139, 7.187361 ], [ 2.185139, 7.187083 ] ] } },
{ "type": "Feature", "properties": { "strahler_order": 1, "longueur_km": 0.78946893419018638 }, "geometry": { "type": "LineString", "coordinates": [ [ 2.11375, 7.204861 ], [ 2.114028, 7.204583 ], [ 2.114028, 7.204306 ], [ 2.114306, 7.204028 ], [ 2.114583, 7.20375 ], [ 2.114861, 7.203472 ], [ 2.115139, 7.203472 ], [ 2.115139, 7.203194 ], [ 2.115139, 7.202917 ], [ 2.115139, 7.202639 ], [ 2.115139, 7.202361 ], [ 2.115417, 7.202083 ], [ 2.115694, 7.201806 ], [ 2.115972, 7.201806 ], [ 2.11625, 7.201806 ], [ 2.116528, 7.201806 ], [ 2.116806, 7.202083 ], [ 2.117083, 7.202361 ], [ 2.117361, 7.202639 ], [ 2.117639, 7.202639 ], [ 2.117917, 7.202639 ], [ 2.118194, 7.202639 ], [ 2.118472, 7.202639 ] ] } },
{ "type": "Feature", "properties": { "strahler_order": 1, "longueur_km": 0.043438542979458115 }, "geometry": { "type": "LineString", "coordinates": [ [ 2.118472, 7.202639 ], [ 2.11875, 7.202361 ] ] } },
{ "type": "Feature", "properties": { "strahler_order": 1, "longueur_km": 5.2484951772662294 }, "geometry": { "type": "LineString", "coordinates": [ [ 2.11875, 7.202361 ], [ 2.11875, 7.202083 ], [ 2.11875, 7.201806 ], [ 2.11875, 7.201528 ], [ 2.119028, 7.20125 ], [ 2.119306, 7.200972 ], [ 2.119583, 7.200694 ], [ 2.119861, 7.200417 ], [ 2.120139, 7.200139 ], [ 2.119861, 7.199861 ], [ 2.119583, 7.199583 ], [ 2.119306, 7.199306 ], [ 2.119306, 7.199028 ], [ 2.119306, 7.19875 ], [ 2.119306, 7.198472 ], [ 2.119306, 7.198194 ], [ 2.119583, 7.197917 ], [ 2.119861, 7.197639 ], [ 2.120139, 7.197361 ], [ 2.120417, 7.197361 ], [ 2.120694, 7.197083 ], [ 2.120972, 7.197083 ], [ 2.12125, 7.197083 ], [ 2.121528, 7.196806 ], [ 2.121806, 7.196528 ], [ 2.121806, 7.19625 ], [ 2.121806, 7.195972 ], [ 2.122083, 7.195694 ], [ 2.122083, 7.195417 ], [ 2.122083, 7.195139 ], [ 2.122083, 7.194861 ], [ 2.122361, 7.194583 ], [ 2.122361, 7.194306 ], [ 2.122083, 7.194028 ], [ 2.121806, 7.19375 ], [ 2.121528, 7.193472 ], [ 2.12125, 7.193472 ], [ 2.12125, 7.193194 ], [ 2.120972, 7.192917 ], [ 2.120694, 7.192639 ], [ 2.120417, 7.192361 ], [ 2.120417, 7.192083 ], [ 2.120139, 7.191806 ], [ 2.120139, 7.191528 ], [ 2.119861, 7.19125 ], [ 2.119583, 7.190972 ], [ 2.119583, 7.190694 ], [ 2.119306, 7.190417 ], [ 2.119028, 7.190139 ], [ 2.11875, 7.189861 ], [ 2.11875, 7.189583 ], [ 2.11875, 7.189306 ], [ 2.118472, 7.189028 ], [ 2.118472, 7.18875 ], [ 2.118194, 7.188472 ], [ 2.117917, 7.188194 ], [ 2.118194, 7.187917 ], [ 2.118472, 7.187639 ], [ 2.118472, 7.187361 ], [ 2.118472, 7.187083 ], [ 2.118472, 7.186806 ], [ 2.118472, 7.186528 ], [ 2.11875, 7.18625 ], [ 2.11875, 7.185972 ], [ 2.11875, 7.185694 ], [ 2.11875, 7.185417 ], [ 2.11875, 7.185139 ], [ 2.118472, 7.185139 ], [ 2.118194, 7.184861 ], [ 2.117917, 7.184861 ], [ 2.117639, 7.184861 ], [ 2.117361, 7.184583 ], [ 2.117083, 7.184306 ], [ 2.117083, 7.184028 ], [ 2.117361, 7.18375 ], [ 2.117639, 7.18375 ], [ 2.117917, 7.183472 ], [ 2.117917, 7.183194 ], [ 2.117917, 7.182917 ], [ 2.117639, 7.182639 ], [ 2.117639, 7.182361 ], [ 2.117917, 7.182083 ], [ 2.117917, 7.181806 ], [ 2.117917, 7.181528 ], [ 2.117917, 7.18125 ], [ 2.117917, 7.180972 ], [ 2.118194, 7.180694 ], [ 2.118472, 7.180417 ], [ 2.118194, 7.180139 ], [ 2.118194, 7.179861 ], [ 2.117917, 7.179583 ], [ 2.117917, 7.179306 ], [ 2.117639, 7.179028 ], [ 2.117361, 7.179028 ], [ 2.117083, 7.17875 ], [ 2.116806, 7.178472 ], [ 2.117083, 7.178194 ], [ 2.117361, 7.177917 ], [ 2.117361, 7.177639 ], [ 2.117083, 7.177361 ], [ 2.116806, 7.177083 ], [ 2.116806, 7.176806 ], [ 2.116806, 7.176528 ], [ 2.116806, 7.17625 ], [ 2.116806, 7.175972 ], [ 2.117083, 7.175694 ], [ 2.117361, 7.175417 ], [ 2.117639, 7.175139 ], [ 2.117917, 7.174861 ], [ 2.117917, 7.174583 ], [ 2.118194, 7.174306 ], [ 2.117917, 7.174028 ], [ 2.117639, 7.17375 ], [ 2.117639, 7.173472 ], [ 2.117639, 7.173194 ], [ 2.117917, 7.172917 ], [ 2.117917, 7.172639 ], [ 2.118194, 7.172639 ], [ 2.118472, 7.172639 ], [ 2.11875, 7.172361 ], [ 2.11875, 7.172083 ], [ 2.119028, 7.171806 ], [ 2.119028, 7.171528 ], [ 2.119306, 7.17125 ], [ 2.119306, 7.170972 ], [ 2.119306, 7.170694 ], [ 2.119306, 7.170417 ], [ 2.119306, 7.170139 ], [ 2.119583, 7.169861 ], [ 2.119861, 7.169583 ], [ 2.120139, 7.169306 ], [ 2.120417, 7.169028 ], [ 2.120694, 7.169028 ], [ 2.120972, 7.169028 ], [ 2.12125, 7.16875 ], [ 2.121528, 7.16875 ], [ 2.121806, 7.16875 ], [ 2.122083, 7.16875 ], [ 2.122361, 7.16875 ], [ 2.122639, 7.168472 ], [ 2.122917, 7.168194 ], [ 2.123194, 7.168194 ], [ 2.123472, 7.168194 ] ] } },
{ "type": "Feature", "properties": { "strahler_order": 1, "longueur_km": 2.3050945645198384 }, "geometry": { "type": "LineString", "coordinates": [ [ 2.182361, 7.204583 ], [ 2.182639, 7.204583 ], [ 2.182917, 7.204583 ], [ 2.183194, 7.204306 ], [ 2.183472, 7.204306 ], [ 2.18375, 7.204028 ], [ 2.184028, 7.20375 ], [ 2.184306, 7.20375 ], [ 2.184306, 7.203472 ], [ 2.184306, 7.203194 ], [ 2.184583, 7.202917 ], [ 2.184583, 7.202639 ], [ 2.184583, 7.202361 ], [ 2.184306, 7.202083 ], [ 2.184306, 7.201806 ], [ 2.184306, 7.201528 ], [ 2.184583, 7.201528 ], [ 2.184861, 7.201528 ], [ 2.185139, 7.201528 ], [ 2.185417, 7.201528 ], [ 2.185694, 7.201528 ], [ 2.185972, 7.201806 ], [ 2.18625, 7.202083 ], [ 2.186528, 7.202083 ], [ 2.186806, 7.202083 ], [ 2.187083, 7.201806 ], [ 2.187361, 7.201806 ], [ 2.187639, 7.201806 ], [ 2.187639, 7.201528 ], [ 2.187917, 7.20125 ], [ 2.188194, 7.200972 ], [ 2.188194, 7.200694 ], [ 2.188194, 7.200417 ], [ 2.187917, 7.200139 ], [ 2.187917, 7.199861 ], [ 2.187917, 7.199583 ], [ 2.187639, 7.199306 ], [ 2.187639, 7.199028 ], [ 2.187361, 7.19875 ], [ 2.187361, 7.198472 ], [ 2.187083, 7.198194 ], [ 2.187083, 7.197917 ], [ 2.187083, 7.197639 ], [ 2.187361, 7.197361 ], [ 2.187639, 7.197083 ], [ 2.187917, 7.196806 ], [ 2.188194, 7.196806 ], [ 2.188472, 7.196806 ], [ 2.18875, 7.196806 ], [ 2.189028, 7.196806 ], [ 2.189306, 7.196806 ], [ 2.189583, 7.196806 ], [ 2.189861, 7.196806 ], [ 2.189861, 7.196528 ], [ 2.190139, 7.19625 ], [ 2.190139, 7.195972 ], [ 2.190139, 7.195694 ], [ 2.190139, 7.195417 ], [ 2.190139, 7.195139 ], [ 2.190417, 7.194861 ], [ 2.190694, 7.194861 ], [ 2.190972, 7.194861 ], [ 2.19125, 7.194583 ], [ 2.191528, 7.194306 ], [ 2.191528, 7.194028 ], [ 2.191806, 7.19375 ], [ 2.191806, 7.193472 ] ] } },
{ "type": "Feature", "properties": { "strahler_order": 1, "longueur_km": 2.0823042586316389 }, "geometry": { "type": "LineString", "coordinates": [ [ 2.191806, 7.193472 ], [ 2.191806, 7.193194 ], [ 2.192083, 7.192917 ], [ 2.192083, 7.192639 ], [ 2.192361, 7.192639 ], [ 2.192639, 7.192639 ], [ 2.192917, 7.192361 ], [ 2.193194, 7.192083 ], [ 2.193194, 7.191806 ], [ 2.193194, 7.191528 ], [ 2.192917, 7.19125 ], [ 2.192917, 7.190972 ], [ 2.192917, 7.190694 ], [ 2.192917, 7.190417 ], [ 2.192639, 7.190139 ], [ 2.192917, 7.189861 ], [ 2.192917, 7.189583 ], [ 2.192917, 7.189306 ], [ 2.192917, 7.189028 ], [ 2.192917, 7.18875 ], [ 2.193194, 7.188472 ], [ 2.193472, 7.188194 ], [ 2.19375, 7.188194 ], [ 2.194028, 7.187917 ], [ 2.194306, 7.187639 ], [ 2.194583, 7.187361 ], [ 2.194861, 7.187083 ], [ 2.195139, 7.186806 ], [ 2.195417, 7.186528 ], [ 2.195139, 7.18625 ], [ 2.194861, 7.185972 ], [ 2.194583, 7.185694 ], [ 2.194306, 7.185417 ], [ 2.194306, 7.185139 ], [ 2.194028, 7.184861 ], [ 2.194028, 7.184583 ], [ 2.19375, 7.184306 ], [ 2.193472, 7.184028 ], [ 2.193194, 7.18375 ], [ 2.193194, 7.183472 ], [ 2.193194, 7.183194 ], [ 2.192917, 7.182917 ], [ 2.192639, 7.182639 ], [ 2.192361, 7.182361 ], [ 2.192083, 7.182083 ], [ 2.191806, 7.181806 ], [ 2.191806, 7.181528 ], [ 2.191806, 7.18125 ], [ 2.191806, 7.180972 ], [ 2.191806, 7.180694 ], [ 2.192083, 7.180417 ], [ 2.192361, 7.180139 ], [ 2.192361, 7.179861 ], [ 2.192361, 7.179583 ], [ 2.192083, 7.179306 ], [ 2.191806, 7.179028 ] ] } },
{ "type": "Feature", "properties": { "strahler_order": 1, "longueur_km": 0.65961514769850316 }, "geometry": { "type": "LineString", "coordinates": [ [ 1.954306, 7.204306 ], [ 1.954306, 7.204583 ], [ 1.954306, 7.204861 ], [ 1.954306, 7.205139 ], [ 1.954306, 7.205417 ], [ 1.954306, 7.205694 ], [ 1.954306, 7.205972 ], [ 1.954306, 7.20625 ], [ 1.954306, 7.206528 ], [ 1.954306, 7.206806 ], [ 1.954583, 7.207083 ], [ 1.954583, 7.207361 ], [ 1.954306, 7.207639 ], [ 1.954028, 7.207917 ], [ 1.95375, 7.208194 ], [ 1.95375, 7.208472 ], [ 1.95375, 7.20875 ], [ 1.95375, 7.209028 ], [ 1.953472, 7.209306 ], [ 1.953194, 7.209583 ] ] } },
{ "type": "Feature", "properties": { "strahler_order": 1, "longueur_km": 1.0422155195856984 }, "geometry": { "type": "LineString", "coordinates": [ [ 1.953194, 7.209583 ], [ 1.952917, 7.209583 ], [ 1.952639, 7.209583 ], [ 1.952361, 7.209861 ], [ 1.952083, 7.209861 ], [ 1.951806, 7.209861 ], [ 1.951528, 7.210139 ], [ 1.95125, 7.210139 ], [ 1.950972, 7.209861 ], [ 1.950694, 7.209861 ], [ 1.950417, 7.209861 ], [ 1.950139, 7.209861 ], [ 1.949861, 7.209861 ], [ 1.949583, 7.210139 ], [ 1.949306, 7.209861 ], [ 1.949028, 7.209583 ], [ 1.94875, 7.209583 ], [ 1.948472, 7.209583 ], [ 1.948194, 7.209583 ], [ 1.947917, 7.209861 ], [ 1.947639, 7.210139 ], [ 1.947361, 7.210417 ], [ 1.947083, 7.210694 ], [ 1.946806, 7.210694 ], [ 1.946528, 7.210694 ], [ 1.94625, 7.210417 ], [ 1.945972, 7.210417 ], [ 1.945694, 7.210417 ], [ 1.945417, 7.210694 ], [ 1.945139, 7.210694 ] ] } },
{ "type": "Feature", "properties": { "strahler_order": 1, "longueur_km": 2.9046791376115566 }, "geometry": { "type": "LineString", "coordinates": [ [ 1.945139, 7.210694 ], [ 1.944861, 7.210972 ], [ 1.944583, 7.21125 ], [ 1.944583, 7.211528 ], [ 1.944583, 7.211806 ], [ 1.944583, 7.212083 ], [ 1.944306, 7.212083 ], [ 1.944028, 7.212083 ], [ 1.94375, 7.212361 ], [ 1.943472, 7.212361 ], [ 1.943194, 7.212361 ], [ 1.942917, 7.212361 ], [ 1.942639, 7.212361 ], [ 1.942361, 7.212639 ], [ 1.942083, 7.212917 ], [ 1.941806, 7.213194 ], [ 1.941528, 7.213472 ], [ 1.94125, 7.213472 ], [ 1.940972, 7.21375 ], [ 1.940694, 7.21375 ], [ 1.940417, 7.21375 ], [ 1.940139, 7.21375 ], [ 1.939861, 7.214028 ], [ 1.939583, 7.214306 ], [ 1.939306, 7.214583 ], [ 1.939028, 7.214861 ], [ 1.93875, 7.215139 ], [ 1.938472, 7.215417 ], [ 1.938194, 7.215694 ], [ 1.937917, 7.215972 ], [ 1.937639, 7.21625 ], [ 1.937361, 7.216528 ], [ 1.937083, 7.216806 ], [ 1.936806, 7.217083 ], [ 1.936806, 7.217361 ], [ 1.936528, 7.217639 ], [ 1.93625, 7.217917 ], [ 1.935972, 7.218194 ], [ 1.935694, 7.218472 ], [ 1.935417, 7.21875 ], [ 1.935139, 7.219028 ], [ 1.934861, 7.219306 ], [ 1.934583, 7.219583 ], [ 1.934583, 7.219861 ], [ 1.934861, 7.220139 ], [ 1.934861, 7.220417 ], [ 1.934861, 7.220694 ], [ 1.934861, 7.220972 ], [ 1.935139, 7.22125 ], [ 1.935139, 7.221528 ], [ 1.934861, 7.221806 ], [ 1.934861, 7.222083 ], [ 1.934583, 7.222361 ], [ 1.934306, 7.222639 ], [ 1.934028, 7.222917 ], [ 1.93375, 7.223194 ], [ 1.93375, 7.223472 ], [ 1.93375, 7.22375 ], [ 1.93375, 7.224028 ], [ 1.934028, 7.224306 ], [ 1.934028, 7.224583 ], [ 1.934028, 7.224861 ], [ 1.934028, 7.225139 ], [ 1.93375, 7.225417 ], [ 1.933472, 7.225694 ], [ 1.933194, 7.225417 ], [ 1.932917, 7.225417 ], [ 1.932639, 7.225417 ], [ 1.932361, 7.225417 ], [ 1.932083, 7.225417 ], [ 1.931806, 7.225694 ], [ 1.931528, 7.225972 ], [ 1.93125, 7.22625 ], [ 1.930972, 7.22625 ], [ 1.930694, 7.226528 ], [ 1.930417, 7.226806 ], [ 1.930139, 7.227083 ] ] } },
{ "type": "Feature", "properties": { "strahler_order": 1, "longueur_km": 0.72815581887680791 }, "geometry": { "type": "LineString", "coordinates": [ [ 1.930139, 7.227083 ], [ 1.929861, 7.227083 ], [ 1.929583, 7.227083 ], [ 1.929306, 7.227083 ], [ 1.929028, 7.227083 ], [ 1.92875, 7.227083 ], [ 1.928472, 7.227361 ], [ 1.928194, 7.227639 ], [ 1.927917, 7.227639 ], [ 1.927639, 7.227639 ], [ 1.927361, 7.227639 ], [ 1.927083, 7.227361 ], [ 1.926806, 7.227083 ], [ 1.926528, 7.226806 ], [ 1.92625, 7.226528 ], [ 1.925972, 7.22625 ], [ 1.925694, 7.225972 ], [ 1.925417, 7.22625 ], [ 1.925139, 7.22625 ], [ 1.924861, 7.22625 ], [ 1.924583, 7.22625 ] ] } },
{ "type": "Feature", "properties": { "strahler_order": 1, "longueur_km": 0.64894320670835515 }, "geometry": { "type": "LineString", "coordinates": [ [ 2.00625, 7.20375 ], [ 2.00625, 7.203472 ], [ 2.006528, 7.203194 ], [ 2.006528, 7.202917 ], [ 2.006806, 7.202639 ], [ 2.007083, 7.202361 ], [ 2.007361, 7.202083 ], [ 2.007639, 7.201806 ], [ 2.007917, 7.201806 ], [ 2.008194, 7.201806 ], [ 2.008472, 7.201528 ], [ 2.00875, 7.20125 ], [ 2.00875, 7.200972 ], [ 2.00875, 7.200694 ], [ 2.008472, 7.200417 ], [ 2.008194, 7.200139 ], [ 2.007917, 7.199861 ], [ 2.007917, 7.199583 ] ] } },
{ "type": "Feature", "properties": { "strahler_order": 1, "longueur_km": 0.19685702587910317 }, "geometry": { "type": "LineString", "coordinates": [ [ 2.007917, 7.199583 ], [ 2.008194, 7.199306 ], [ 2.008194, 7.199028 ], [ 2.008194, 7.19875 ], [ 2.008194, 7.198472 ], [ 2.008194, 7.198194 ], [ 2.008194, 7.197917 ] ] } },
{ "type": "Feature", "properties": { "strahler_order": 1, "longueur_km": 0.56732216416531189 }, "geometry": { "type": "LineString", "coordinates": [ [ 1.934583, 7.203194 ], [ 1.934306, 7.203472 ], [ 1.934028, 7.20375 ], [ 1.93375, 7.20375 ], [ 1.933472, 7.204028 ], [ 1.933194, 7.204028 ], [ 1.933194, 7.204306 ], [ 1.933194, 7.204583 ], [ 1.933194, 7.204861 ], [ 1.933194, 7.205139 ], [ 1.932917, 7.205139 ], [ 1.932639, 7.205139 ], [ 1.932361, 7.205417 ], [ 1.932083, 7.205694 ], [ 1.931806, 7.205972 ], [ 1.931528, 7.205972 ], [ 1.93125, 7.205972 ] ] } },
{ "type": "Feature", "properties": { "strahler_order": 1, "longueur_km": 0.10475685913006211 }, "geometry": { "type": "LineString", "coordinates": [ [ 1.93125, 7.205972 ], [ 1.930972, 7.205972 ], [ 1.930694, 7.205972 ], [ 1.930417, 7.20625 ] ] } },
{ "type": "Feature", "properties": { "strahler_order": 1, "longueur_km": 0.17360802958277308 }, "geometry": { "type": "LineString", "coordinates": [ [ 1.921528, 7.202917 ], [ 1.92125, 7.203194 ], [ 1.920972, 7.203472 ], [ 1.920694, 7.20375 ], [ 1.920417, 7.204028 ] ] } },
{ "type": "Feature", "properties": { "strahler_order": 1, "longueur_km": 1.4620764829181774 }, "geometry": { "type": "LineString", "coordinates": [ [ 2.099028, 7.202917 ], [ 2.099306, 7.202639 ], [ 2.099583, 7.202361 ], [ 2.099861, 7.202083 ], [ 2.100139, 7.201806 ], [ 2.100417, 7.201528 ], [ 2.100694, 7.20125 ], [ 2.100972, 7.20125 ], [ 2.10125, 7.200972 ], [ 2.101528, 7.200694 ], [ 2.101806, 7.200417 ], [ 2.101806, 7.200139 ], [ 2.101806, 7.199861 ], [ 2.101806, 7.199583 ], [ 2.101528, 7.199306 ], [ 2.10125, 7.199306 ], [ 2.100972, 7.199028 ], [ 2.100972, 7.19875 ], [ 2.100972, 7.198472 ], [ 2.10125, 7.198194 ], [ 2.10125, 7.197917 ], [ 2.10125, 7.197639 ], [ 2.100972, 7.197361 ], [ 2.100694, 7.197361 ], [ 2.100694, 7.197083 ], [ 2.100694, 7.196806 ], [ 2.100694, 7.196528 ], [ 2.100694, 7.19625 ], [ 2.100694, 7.195972 ], [ 2.100694, 7.195694 ], [ 2.100417, 7.195417 ], [ 2.100417, 7.195139 ], [ 2.100417, 7.194861 ], [ 2.100417, 7.194583 ], [ 2.100694, 7.194306 ], [ 2.100972, 7.194028 ], [ 2.100972, 7.19375 ], [ 2.100972, 7.193472 ], [ 2.100694, 7.193472 ], [ 2.100417, 7.193472 ], [ 2.100417, 7.193194 ], [ 2.100417, 7.192917 ] ] } },
{ "type": "Feature", "properties": { "strahler_order": 1, "longueur_km": 0.6361050337246299 }, "geometry": { "type": "LineString", "coordinates": [ [ 2.08875, 7.202639 ], [ 2.089028, 7.202361 ], [ 2.089306, 7.202361 ], [ 2.089583, 7.202083 ], [ 2.089861, 7.201806 ], [ 2.090139, 7.201528 ], [ 2.090417, 7.20125 ], [ 2.090417, 7.200972 ], [ 2.090417, 7.200694 ], [ 2.090417, 7.200417 ], [ 2.090694, 7.200139 ], [ 2.090972, 7.200139 ], [ 2.09125, 7.200139 ], [ 2.091528, 7.199861 ], [ 2.091806, 7.199583 ], [ 2.092083, 7.199583 ], [ 2.092361, 7.199583 ], [ 2.092639, 7.199306 ] ] } },
{ "type": "Feature", "properties": { "strahler_order": 1, "longueur_km": 0.66711283856878589 }, "geometry": { "type": "LineString", "coordinates": [ [ 2.092639, 7.199306 ], [ 2.092639, 7.199028 ], [ 2.092639, 7.19875 ], [ 2.092639, 7.198472 ], [ 2.092917, 7.198194 ], [ 2.093194, 7.197917 ], [ 2.093472, 7.197639 ], [ 2.09375, 7.197639 ], [ 2.094028, 7.197361 ], [ 2.094306, 7.197083 ], [ 2.094583, 7.196806 ], [ 2.094861, 7.196528 ], [ 2.094861, 7.19625 ], [ 2.094861, 7.195972 ], [ 2.094583, 7.195694 ], [ 2.094583, 7.195417 ], [ 2.094583, 7.195139 ], [ 2.094583, 7.194861 ], [ 2.094861, 7.194583 ] ] } },
{ "type": "Feature", "properties": { "strahler_order": 1, "longueur_km": 0.76465150198999687 }, "geometry": { "type": "LineString", "coordinates": [ [ 1.968194, 7.202361 ], [ 1.968194, 7.202639 ], [ 1.968472, 7.202917 ], [ 1.96875, 7.203194 ], [ 1.96875, 7.203472 ], [ 1.969028, 7.20375 ], [ 1.96875, 7.204028 ], [ 1.968472, 7.204306 ], [ 1.968472, 7.204583 ], [ 1.968472, 7.204861 ], [ 1.968472, 7.205139 ], [ 1.968472, 7.205417 ], [ 1.968194, 7.205694 ], [ 1.968194, 7.205972 ], [ 1.968194, 7.20625 ], [ 1.968194, 7.206528 ], [ 1.968194, 7.206806 ], [ 1.968194, 7.207083 ], [ 1.968194, 7.207361 ], [ 1.968194, 7.207639 ], [ 1.968472, 7.207917 ], [ 1.968472, 7.208194 ], [ 1.968472, 7.208472 ] ] } },
{ "type": "Feature", "properties": { "strahler_order": 1, "longueur_km": 4.5778278367189884 }, "geometry": { "type": "LineString", "coordinates": [ [ 2.12375, 7.201806 ], [ 2.12375, 7.201528 ], [ 2.12375, 7.20125 ], [ 2.12375, 7.200972 ], [ 2.12375, 7.200694 ], [ 2.123472, 7.200417 ], [ 2.123194, 7.200139 ], [ 2.123194, 7.199861 ], [ 2.123194, 7.199583 ], [ 2.123194, 7.199306 ], [ 2.123194, 7.199028 ], [ 2.123472, 7.19875 ], [ 2.12375, 7.198472 ], [ 2.124028, 7.198194 ], [ 2.124306, 7.197917 ], [ 2.124306, 7.197639 ], [ 2.124583, 7.197361 ], [ 2.124583, 7.197083 ], [ 2.124583, 7.196806 ], [ 2.124861, 7.196528 ], [ 2.124861, 7.19625 ], [ 2.124861, 7.195972 ], [ 2.124861, 7.195694 ], [ 2.124861, 7.195417 ], [ 2.124861, 7.195139 ], [ 2.125139, 7.194861 ], [ 2.125417, 7.194861 ], [ 2.125694, 7.194861 ], [ 2.125972, 7.194583 ], [ 2.12625, 7.194583 ], [ 2.126528, 7.194583 ], [ 2.126806, 7.194583 ], [ 2.127083, 7.194583 ], [ 2.127083, 7.194306 ], [ 2.127361, 7.194028 ], [ 2.127639, 7.19375 ], [ 2.127917, 7.193472 ], [ 2.128194, 7.193194 ], [ 2.128194, 7.192917 ], [ 2.128194, 7.192639 ], [ 2.128472, 7.192361 ], [ 2.12875, 7.192083 ], [ 2.12875, 7.191806 ], [ 2.128472, 7.191528 ], [ 2.128194, 7.191528 ], [ 2.127917, 7.191528 ], [ 2.127639, 7.19125 ], [ 2.127361, 7.190972 ], [ 2.127083, 7.190694 ], [ 2.126806, 7.190417 ], [ 2.126806, 7.190139 ], [ 2.127083, 7.189861 ], [ 2.127361, 7.189583 ], [ 2.127361, 7.189306 ], [ 2.127361, 7.189028 ], [ 2.127361, 7.18875 ], [ 2.127639, 7.188472 ], [ 2.127917, 7.188194 ], [ 2.127917, 7.187917 ], [ 2.127917, 7.187639 ], [ 2.127917, 7.187361 ], [ 2.127639, 7.187083 ], [ 2.127361, 7.186806 ], [ 2.127361, 7.186528 ], [ 2.127083, 7.18625 ], [ 2.126806, 7.185972 ], [ 2.126806, 7.185694 ], [ 2.126806, 7.185417 ], [ 2.126806, 7.185139 ], [ 2.126806, 7.184861 ], [ 2.126806, 7.184583 ], [ 2.126806, 7.184306 ], [ 2.126528, 7.184028 ], [ 2.12625, 7.18375 ], [ 2.125972, 7.183472 ], [ 2.125972, 7.183194 ], [ 2.125972, 7.182917 ], [ 2.125694, 7.182639 ], [ 2.125417, 7.182639 ], [ 2.125417, 7.182361 ], [ 2.125417, 7.182083 ], [ 2.125417, 7.181806 ], [ 2.125417, 7.181528 ], [ 2.125417, 7.18125 ], [ 2.125417, 7.180972 ], [ 2.125417, 7.180694 ], [ 2.125417, 7.180417 ], [ 2.125694, 7.180139 ], [ 2.125972, 7.180139 ], [ 2.12625, 7.179861 ], [ 2.125972, 7.179583 ], [ 2.125972, 7.179306 ], [ 2.125972, 7.179028 ], [ 2.125694, 7.17875 ], [ 2.125694, 7.178472 ], [ 2.125694, 7.178194 ], [ 2.125694, 7.177917 ], [ 2.125694, 7.177639 ], [ 2.125972, 7.177361 ], [ 2.125972, 7.177083 ], [ 2.125694, 7.176806 ], [ 2.125694, 7.176528 ], [ 2.125694, 7.17625 ], [ 2.125417, 7.175972 ], [ 2.125417, 7.175694 ], [ 2.125417, 7.175417 ], [ 2.125417, 7.175139 ], [ 2.125694, 7.174861 ], [ 2.125694, 7.174583 ], [ 2.125972, 7.174306 ], [ 2.12625, 7.174028 ], [ 2.126528, 7.17375 ], [ 2.126528, 7.173472 ], [ 2.126528, 7.173194 ], [ 2.12625, 7.172917 ], [ 2.12625, 7.172639 ], [ 2.125972, 7.172361 ], [ 2.125972, 7.172083 ], [ 2.125972, 7.171806 ], [ 2.125972, 7.171528 ], [ 2.125972, 7.17125 ], [ 2.125694, 7.170972 ], [ 2.125694, 7.170694 ], [ 2.125694, 7.170417 ], [ 2.125417, 7.170139 ], [ 2.125139, 7.169861 ], [ 2.124861, 7.170139 ], [ 2.124583, 7.169861 ], [ 2.124306, 7.169861 ] ] } },
{ "type": "Feature", "properties": { "strahler_order": 1, "longueur_km": 1.2034901406946572 }, "geometry": { "type": "LineString", "coordinates": [ [ 1.973472, 7.20125 ], [ 1.973194, 7.201528 ], [ 1.972917, 7.201528 ], [ 1.972917, 7.201806 ], [ 1.972917, 7.202083 ], [ 1.972917, 7.202361 ], [ 1.973194, 7.202639 ], [ 1.973194, 7.202917 ], [ 1.973194, 7.203194 ], [ 1.973194, 7.203472 ], [ 1.972917, 7.203472 ], [ 1.972639, 7.203472 ], [ 1.972361, 7.203472 ], [ 1.972083, 7.20375 ], [ 1.971806, 7.204028 ], [ 1.971528, 7.204306 ], [ 1.97125, 7.204583 ], [ 1.97125, 7.204861 ], [ 1.97125, 7.205139 ], [ 1.970972, 7.205417 ], [ 1.97125, 7.205694 ], [ 1.97125, 7.205972 ], [ 1.97125, 7.20625 ], [ 1.970972, 7.206528 ], [ 1.970694, 7.206528 ], [ 1.970417, 7.206528 ], [ 1.970139, 7.206528 ], [ 1.969861, 7.206806 ], [ 1.969583, 7.207083 ], [ 1.969306, 7.207361 ], [ 1.969028, 7.207639 ], [ 1.969028, 7.207917 ], [ 1.96875, 7.208194 ], [ 1.968472, 7.208472 ] ] } },
{ "type": "Feature", "properties": { "strahler_order": 1, "longueur_km": 0.22234328561979927 }, "geometry": { "type": "LineString", "coordinates": [ [ 1.968472, 7.208472 ], [ 1.968194, 7.20875 ], [ 1.968194, 7.209028 ], [ 1.967917, 7.209306 ], [ 1.967917, 7.209583 ], [ 1.967917, 7.209861 ], [ 1.967639, 7.210139 ] ] } },
{ "type": "Feature", "properties": { "strahler_order": 1, "longueur_km": 2.348837276748124 }, "geometry": { "type": "LineString", "coordinates": [ [ 1.967639, 7.210139 ], [ 1.967361, 7.210139 ], [ 1.967083, 7.210417 ], [ 1.966806, 7.210694 ], [ 1.966528, 7.210972 ], [ 1.96625, 7.210972 ], [ 1.965972, 7.210972 ], [ 1.965694, 7.210972 ], [ 1.965417, 7.210972 ], [ 1.965139, 7.210972 ], [ 1.964861, 7.210972 ], [ 1.964583, 7.210972 ], [ 1.964306, 7.21125 ], [ 1.964028, 7.21125 ], [ 1.96375, 7.21125 ], [ 1.96375, 7.211528 ], [ 1.963472, 7.211806 ], [ 1.96375, 7.212083 ], [ 1.96375, 7.212361 ], [ 1.96375, 7.212639 ], [ 1.96375, 7.212917 ], [ 1.963472, 7.213194 ], [ 1.963194, 7.213194 ], [ 1.962917, 7.213472 ], [ 1.962639, 7.213472 ], [ 1.962361, 7.213472 ], [ 1.962083, 7.21375 ], [ 1.961806, 7.21375 ], [ 1.961528, 7.21375 ], [ 1.96125, 7.214028 ], [ 1.960972, 7.214028 ], [ 1.960972, 7.214306 ], [ 1.960972, 7.214583 ], [ 1.960972, 7.214861 ], [ 1.960972, 7.215139 ], [ 1.960972, 7.215417 ], [ 1.960694, 7.215417 ], [ 1.960417, 7.215694 ], [ 1.960139, 7.215972 ], [ 1.960139, 7.21625 ], [ 1.959861, 7.216528 ], [ 1.959861, 7.216806 ], [ 1.959861, 7.217083 ], [ 1.959583, 7.217361 ], [ 1.959306, 7.217639 ], [ 1.959306, 7.217917 ], [ 1.959306, 7.218194 ], [ 1.959028, 7.218472 ], [ 1.959028, 7.21875 ], [ 1.95875, 7.21875 ], [ 1.958472, 7.219028 ], [ 1.958194, 7.219028 ], [ 1.957917, 7.219028 ], [ 1.957639, 7.219028 ], [ 1.957361, 7.219028 ], [ 1.957083, 7.21875 ], [ 1.956806, 7.21875 ], [ 1.956528, 7.218472 ], [ 1.95625, 7.21875 ], [ 1.955972, 7.219028 ], [ 1.955972, 7.219306 ], [ 1.955972, 7.219583 ], [ 1.955694, 7.219861 ], [ 1.955694, 7.220139 ], [ 1.955694, 7.220417 ], [ 1.955694, 7.220694 ], [ 1.955417, 7.220972 ], [ 1.955417, 7.22125 ] ] } },
{ "type": "Feature", "properties": { "strahler_order": 1, "longueur_km": 0.5746313697835016 }, "geometry": { "type": "LineString", "coordinates": [ [ 1.955417, 7.22125 ], [ 1.955139, 7.22125 ], [ 1.954861, 7.22125 ], [ 1.954583, 7.221528 ], [ 1.954306, 7.221806 ], [ 1.954028, 7.221806 ], [ 1.95375, 7.222083 ], [ 1.953472, 7.222083 ], [ 1.953194, 7.222083 ], [ 1.952917, 7.222083 ], [ 1.952639, 7.221806 ], [ 1.952361, 7.221528 ], [ 1.952083, 7.22125 ], [ 1.951806, 7.220972 ], [ 1.951528, 7.220694 ], [ 1.95125, 7.220417 ] ] } },
{ "type": "Feature", "properties": { "strahler_order": 1, "longueur_km": 2.6875587737743047 }, "geometry": { "type": "LineString", "coordinates": [ [ 1.95125, 7.220417 ], [ 1.950972, 7.220417 ], [ 1.950694, 7.220417 ], [ 1.950417, 7.220417 ], [ 1.950139, 7.220417 ], [ 1.949861, 7.220417 ], [ 1.949583, 7.220694 ], [ 1.949306, 7.220694 ], [ 1.949028, 7.220972 ], [ 1.94875, 7.22125 ], [ 1.948472, 7.22125 ], [ 1.948194, 7.22125 ], [ 1.947917, 7.221528 ], [ 1.947917, 7.221806 ], [ 1.947917, 7.222083 ], [ 1.947917, 7.222361 ], [ 1.947639, 7.222639 ], [ 1.947639, 7.222917 ], [ 1.947639, 7.223194 ], [ 1.947917, 7.223472 ], [ 1.947639, 7.22375 ], [ 1.947639, 7.224028 ], [ 1.947639, 7.224306 ], [ 1.947639, 7.224583 ], [ 1.947639, 7.224861 ], [ 1.947361, 7.225139 ], [ 1.947083, 7.225417 ], [ 1.946806, 7.225417 ], [ 1.946528, 7.225694 ], [ 1.94625, 7.225972 ], [ 1.94625, 7.22625 ], [ 1.945972, 7.226528 ], [ 1.945694, 7.226806 ], [ 1.945694, 7.227083 ], [ 1.945417, 7.227361 ], [ 1.945417, 7.227639 ], [ 1.945417, 7.227917 ], [ 1.945139, 7.228194 ], [ 1.944861, 7.228472 ], [ 1.944583, 7.22875 ], [ 1.944306, 7.229028 ], [ 1.944028, 7.229306 ], [ 1.94375, 7.229583 ], [ 1.943472, 7.229861 ], [ 1.943194, 7.230139 ], [ 1.942917, 7.230417 ], [ 1.942639, 7.230417 ], [ 1.942361, 7.230417 ], [ 1.942083, 7.230694 ], [ 1.941806, 7.230972 ], [ 1.941528, 7.23125 ], [ 1.94125, 7.231528 ], [ 1.940972, 7.231806 ], [ 1.940694, 7.232083 ], [ 1.940417, 7.232361 ], [ 1.940139, 7.232361 ], [ 1.939861, 7.232639 ], [ 1.939861, 7.232917 ], [ 1.939583, 7.233194 ], [ 1.939583, 7.233472 ], [ 1.939306, 7.23375 ], [ 1.939028, 7.234028 ], [ 1.93875, 7.234306 ], [ 1.938472, 7.234583 ], [ 1.938194, 7.234861 ], [ 1.937917, 7.235139 ], [ 1.937639, 7.235417 ], [ 1.937361, 7.235694 ], [ 1.937083, 7.235694 ], [ 1.936806, 7.235694 ], [ 1.936528, 7.235694 ], [ 1.93625, 7.235694 ] ] } },
{ "type": "Feature", "properties": { "strahler_order": 1, "longueur_km": 0.63371538511169501 }, "geometry": { "type": "LineString", "coordinates": [ [ 1.93625, 7.235694 ], [ 1.935972, 7.235694 ], [ 1.935694, 7.235694 ], [ 1.935417, 7.235694 ], [ 1.935139, 7.235972 ], [ 1.934861, 7.235972 ], [ 1.934583, 7.235694 ], [ 1.934306, 7.235694 ], [ 1.934028, 7.235694 ], [ 1.934028, 7.235417 ], [ 1.934028, 7.235139 ], [ 1.93375, 7.234861 ], [ 1.933472, 7.234861 ], [ 1.933194, 7.234861 ], [ 1.932917, 7.234861 ], [ 1.932639, 7.234861 ], [ 1.932361, 7.235139 ], [ 1.932083, 7.235139 ], [ 1.931806, 7.235139 ], [ 1.931528, 7.235139 ] ] } },
{ "type": "Feature", "properties": { "strahler_order": 1, "longueur_km": 1.397340903772254 }, "geometry": { "type": "LineString", "coordinates": [ [ 1.931528, 7.235139 ], [ 1.93125, 7.234861 ], [ 1.930972, 7.234583 ], [ 1.930694, 7.234306 ], [ 1.930417, 7.234306 ], [ 1.930139, 7.234306 ], [ 1.929861, 7.234028 ], [ 1.929583, 7.23375 ], [ 1.929306, 7.233472 ], [ 1.929028, 7.233194 ], [ 1.92875, 7.232917 ], [ 1.928472, 7.232917 ], [ 1.928194, 7.232639 ], [ 1.927917, 7.232361 ], [ 1.927917, 7.232083 ], [ 1.927917, 7.231806 ], [ 1.928194, 7.231528 ], [ 1.928194, 7.23125 ], [ 1.927917, 7.230972 ], [ 1.927639, 7.230694 ], [ 1.927361, 7.230417 ], [ 1.927083, 7.230139 ], [ 1.926806, 7.229861 ], [ 1.926528, 7.229583 ], [ 1.92625, 7.229306 ], [ 1.925972, 7.229028 ], [ 1.925694, 7.22875 ], [ 1.925694, 7.228472 ], [ 1.925694, 7.228194 ], [ 1.925694, 7.227917 ], [ 1.925694, 7.227639 ], [ 1.925694, 7.227361 ], [ 1.925694, 7.227083 ], [ 1.925417, 7.226806 ], [ 1.925139, 7.226806 ], [ 1.924861, 7.226528 ], [ 1.924583, 7.22625 ] ] } },
{ "type": "Feature", "properties": { "strahler_order": 1, "longueur_km": 0.30902077308282244 }, "geometry": { "type": "LineString", "coordinates": [ [ 1.924583, 7.22625 ], [ 1.924306, 7.225972 ], [ 1.924028, 7.225694 ], [ 1.92375, 7.225417 ], [ 1.923472, 7.225139 ], [ 1.923194, 7.224861 ], [ 1.922917, 7.224861 ], [ 1.922639, 7.224861 ], [ 1.922361, 7.224861 ] ] } },
{ "type": "Feature", "properties": { "strahler_order": 1, "longueur_km": 0.85845907745337569 }, "geometry": { "type": "LineString", "coordinates": [ [ 1.922361, 7.224861 ], [ 1.922083, 7.225139 ], [ 1.921806, 7.225417 ], [ 1.921528, 7.225694 ], [ 1.92125, 7.225972 ], [ 1.920972, 7.22625 ], [ 1.920694, 7.22625 ], [ 1.920417, 7.225972 ], [ 1.920139, 7.225694 ], [ 1.920139, 7.225417 ], [ 1.919861, 7.225139 ], [ 1.919861, 7.224861 ], [ 1.919861, 7.224583 ], [ 1.919861, 7.224306 ], [ 1.919583, 7.224028 ], [ 1.919306, 7.22375 ], [ 1.919028, 7.223472 ], [ 1.91875, 7.223472 ], [ 1.918472, 7.223472 ], [ 1.918194, 7.223472 ], [ 1.917917, 7.223472 ], [ 1.917639, 7.223194 ], [ 1.917361, 7.223194 ], [ 1.917083, 7.223194 ] ] } },
{ "type": "Feature", "properties": { "strahler_order": 1, "longueur_km": 3.0214923467895689 }, "geometry": { "type": "LineString", "coordinates": [ [ 1.917083, 7.223194 ], [ 1.916806, 7.223472 ], [ 1.916528, 7.22375 ], [ 1.91625, 7.22375 ], [ 1.915972, 7.223472 ], [ 1.915694, 7.223194 ], [ 1.915417, 7.222917 ], [ 1.915139, 7.222639 ], [ 1.914861, 7.222361 ], [ 1.914583, 7.222083 ], [ 1.914306, 7.221806 ], [ 1.914028, 7.221528 ], [ 1.91375, 7.22125 ], [ 1.913472, 7.220972 ], [ 1.913194, 7.220694 ], [ 1.912917, 7.220417 ], [ 1.912639, 7.220417 ], [ 1.912361, 7.220417 ], [ 1.912083, 7.220417 ], [ 1.911806, 7.220417 ], [ 1.911528, 7.220694 ], [ 1.91125, 7.220694 ], [ 1.910972, 7.220972 ], [ 1.910694, 7.220972 ], [ 1.910417, 7.220972 ], [ 1.910139, 7.22125 ], [ 1.909861, 7.22125 ], [ 1.909583, 7.22125 ], [ 1.909306, 7.22125 ], [ 1.909028, 7.220972 ], [ 1.90875, 7.220694 ], [ 1.908472, 7.220417 ], [ 1.908194, 7.220417 ], [ 1.907917, 7.220139 ], [ 1.907639, 7.220139 ], [ 1.907361, 7.219861 ], [ 1.907083, 7.219583 ], [ 1.906806, 7.219583 ], [ 1.906528, 7.219583 ], [ 1.90625, 7.219583 ], [ 1.905972, 7.219583 ], [ 1.905694, 7.219306 ], [ 1.905417, 7.219028 ], [ 1.905417, 7.21875 ], [ 1.905139, 7.218472 ], [ 1.905139, 7.218194 ], [ 1.904861, 7.217917 ], [ 1.904583, 7.217917 ], [ 1.904306, 7.218194 ], [ 1.904028, 7.218472 ], [ 1.90375, 7.21875 ], [ 1.903472, 7.219028 ], [ 1.903194, 7.219306 ], [ 1.902917, 7.219583 ], [ 1.902639, 7.219861 ], [ 1.902361, 7.219861 ], [ 1.902083, 7.219583 ], [ 1.901806, 7.219306 ], [ 1.901528, 7.219306 ], [ 1.90125, 7.219028 ], [ 1.900972, 7.219028 ], [ 1.900694, 7.219028 ], [ 1.900417, 7.219306 ], [ 1.900417, 7.219583 ], [ 1.900139, 7.219583 ], [ 1.899861, 7.219306 ], [ 1.899583, 7.219028 ], [ 1.899306, 7.219028 ], [ 1.899028, 7.219306 ], [ 1.89875, 7.219306 ], [ 1.898472, 7.219306 ], [ 1.898194, 7.219306 ], [ 1.897917, 7.219583 ], [ 1.897639, 7.219583 ], [ 1.897361, 7.219861 ], [ 1.897083, 7.220139 ], [ 1.896806, 7.220417 ], [ 1.896528, 7.220694 ], [ 1.89625, 7.220972 ], [ 1.895972, 7.220972 ] ] } },
{ "type": "Feature", "properties": { "strahler_order": 1, "longueur_km": 0.68493942317111201 }, "geometry": { "type": "LineString", "coordinates": [ [ 1.895972, 7.220972 ], [ 1.895694, 7.220972 ], [ 1.895417, 7.220694 ], [ 1.895139, 7.220417 ], [ 1.895139, 7.220139 ], [ 1.895139, 7.219861 ], [ 1.895139, 7.219583 ], [ 1.894861, 7.219306 ], [ 1.894861, 7.219028 ], [ 1.894861, 7.21875 ], [ 1.894861, 7.218472 ], [ 1.894583, 7.218194 ], [ 1.894306, 7.217917 ], [ 1.894028, 7.217639 ], [ 1.894028, 7.217361 ], [ 1.894028, 7.217083 ], [ 1.89375, 7.216806 ], [ 1.893472, 7.216528 ], [ 1.893194, 7.216528 ], [ 1.892917, 7.216528 ] ] } },
{ "type": "Feature", "properties": { "strahler_order": 1, "longueur_km": 0.51852337916752944 }, "geometry": { "type": "LineString", "coordinates": [ [ 2.13375, 7.200972 ], [ 2.134028, 7.200694 ], [ 2.134306, 7.200417 ], [ 2.134583, 7.200417 ], [ 2.134861, 7.200139 ], [ 2.135139, 7.200139 ], [ 2.135417, 7.199861 ], [ 2.135694, 7.199861 ], [ 2.135972, 7.199861 ], [ 2.13625, 7.199861 ], [ 2.136528, 7.199861 ], [ 2.136528, 7.199583 ], [ 2.136806, 7.199306 ], [ 2.137083, 7.199028 ], [ 2.137361, 7.19875 ] ] } },
{ "type": "Feature", "properties": { "strahler_order": 1, "longueur_km": 1.6121835473609871 }, "geometry": { "type": "LineString", "coordinates": [ [ 2.137361, 7.19875 ], [ 2.137639, 7.198472 ], [ 2.137917, 7.198194 ], [ 2.138194, 7.197917 ], [ 2.138472, 7.197639 ], [ 2.13875, 7.197361 ], [ 2.139028, 7.197083 ], [ 2.139028, 7.196806 ], [ 2.139306, 7.196528 ], [ 2.139306, 7.19625 ], [ 2.139306, 7.195972 ], [ 2.139306, 7.195694 ], [ 2.139583, 7.195417 ], [ 2.139861, 7.195139 ], [ 2.140139, 7.195139 ], [ 2.140417, 7.194861 ], [ 2.140694, 7.194583 ], [ 2.140972, 7.194306 ], [ 2.14125, 7.194028 ], [ 2.141528, 7.194028 ], [ 2.141806, 7.194028 ], [ 2.142083, 7.194028 ], [ 2.142361, 7.194028 ], [ 2.142361, 7.19375 ], [ 2.142361, 7.193472 ], [ 2.142361, 7.193194 ], [ 2.142361, 7.192917 ], [ 2.142361, 7.192639 ], [ 2.142361, 7.192361 ], [ 2.142083, 7.192083 ], [ 2.142361, 7.191806 ], [ 2.142639, 7.191528 ], [ 2.142917, 7.191528 ], [ 2.143194, 7.19125 ], [ 2.143472, 7.190972 ], [ 2.14375, 7.190694 ], [ 2.144028, 7.190417 ], [ 2.144306, 7.190139 ], [ 2.144583, 7.189861 ], [ 2.144861, 7.189861 ], [ 2.145139, 7.189583 ], [ 2.145417, 7.189583 ], [ 2.145694, 7.189583 ], [ 2.145972, 7.189583 ] ] } },
{ "type": "Feature", "properties": { "strahler_order": 1, "longueur_km": 1.044861282876314 }, "geometry": { "type": "LineString", "coordinates": [ [ 2.145972, 7.189583 ], [ 2.14625, 7.189583 ], [ 2.146528, 7.189306 ], [ 2.146806, 7.189028 ], [ 2.147083, 7.18875 ], [ 2.147361, 7.188472 ], [ 2.147361, 7.188194 ], [ 2.147361, 7.187917 ], [ 2.147639, 7.187639 ], [ 2.147917, 7.187361 ], [ 2.147917, 7.187083 ], [ 2.148194, 7.186806 ], [ 2.148472, 7.186528 ], [ 2.14875, 7.18625 ], [ 2.14875, 7.185972 ], [ 2.149028, 7.185694 ], [ 2.149028, 7.185417 ], [ 2.149028, 7.185139 ], [ 2.149306, 7.184861 ], [ 2.149583, 7.184861 ], [ 2.149861, 7.184583 ], [ 2.150139, 7.184583 ], [ 2.150417, 7.184306 ], [ 2.150694, 7.184028 ], [ 2.150972, 7.18375 ], [ 2.15125, 7.183472 ], [ 2.151528, 7.183472 ], [ 2.151806, 7.18375 ] ] } },
{ "type": "Feature", "properties": { "strahler_order": 1, "longueur_km": 1.1351778668826338 }, "geometry": { "type": "LineString", "coordinates": [ [ 2.018194, 7.199861 ], [ 2.018194, 7.199583 ], [ 2.018472, 7.199306 ], [ 2.018472, 7.199028 ], [ 2.018472, 7.19875 ], [ 2.018472, 7.198472 ], [ 2.018472, 7.198194 ], [ 2.018472, 7.197917 ], [ 2.018472, 7.197639 ], [ 2.01875, 7.197361 ], [ 2.019028, 7.197361 ], [ 2.019306, 7.197639 ], [ 2.019583, 7.197917 ], [ 2.019861, 7.197917 ], [ 2.020139, 7.197639 ], [ 2.020417, 7.197361 ], [ 2.020417, 7.197083 ], [ 2.020417, 7.196806 ], [ 2.020417, 7.196528 ], [ 2.020417, 7.19625 ], [ 2.020417, 7.195972 ], [ 2.020139, 7.195694 ], [ 2.019861, 7.195417 ], [ 2.019861, 7.195139 ], [ 2.020139, 7.194861 ], [ 2.020417, 7.194583 ], [ 2.020694, 7.194583 ], [ 2.020972, 7.194583 ], [ 2.020972, 7.194306 ], [ 2.020972, 7.194028 ], [ 2.020972, 7.19375 ], [ 2.02125, 7.193472 ], [ 2.021528, 7.193194 ] ] } },
{ "type": "Feature", "properties": { "strahler_order": 1, "longueur_km": 2.4818556184010037 }, "geometry": { "type": "LineString", "coordinates": [ [ 2.021528, 7.193194 ], [ 2.021806, 7.192917 ], [ 2.022083, 7.192639 ], [ 2.022083, 7.192361 ], [ 2.022361, 7.192083 ], [ 2.022639, 7.191806 ], [ 2.022917, 7.191528 ], [ 2.023194, 7.19125 ], [ 2.023194, 7.190972 ], [ 2.023194, 7.190694 ], [ 2.023194, 7.190417 ], [ 2.023194, 7.190139 ], [ 2.023472, 7.189861 ], [ 2.02375, 7.189583 ], [ 2.024028, 7.189306 ], [ 2.024028, 7.189028 ], [ 2.024028, 7.18875 ], [ 2.024306, 7.188472 ], [ 2.024583, 7.188194 ], [ 2.024583, 7.187917 ], [ 2.024583, 7.187639 ], [ 2.024583, 7.187361 ], [ 2.024583, 7.187083 ], [ 2.024306, 7.186806 ], [ 2.024028, 7.186528 ], [ 2.02375, 7.18625 ], [ 2.02375, 7.185972 ], [ 2.024028, 7.185694 ], [ 2.024028, 7.185417 ], [ 2.024306, 7.185139 ], [ 2.024583, 7.184861 ], [ 2.024583, 7.184583 ], [ 2.024583, 7.184306 ], [ 2.024861, 7.184028 ], [ 2.024861, 7.18375 ], [ 2.024861, 7.183472 ], [ 2.024861, 7.183194 ], [ 2.024861, 7.182917 ], [ 2.024583, 7.182639 ], [ 2.024583, 7.182361 ], [ 2.024583, 7.182083 ], [ 2.024583, 7.181806 ], [ 2.024861, 7.181528 ], [ 2.024861, 7.18125 ], [ 2.025139, 7.180972 ], [ 2.025139, 7.180694 ], [ 2.024861, 7.180417 ], [ 2.024861, 7.180139 ], [ 2.024861, 7.179861 ], [ 2.024861, 7.179583 ], [ 2.024583, 7.179306 ], [ 2.024583, 7.179028 ], [ 2.024306, 7.17875 ], [ 2.024028, 7.178472 ], [ 2.02375, 7.178194 ], [ 2.023472, 7.177917 ], [ 2.023472, 7.177639 ], [ 2.02375, 7.177361 ], [ 2.024028, 7.177083 ], [ 2.024306, 7.176806 ], [ 2.024583, 7.176806 ], [ 2.024861, 7.176528 ], [ 2.025139, 7.176528 ], [ 2.025139, 7.17625 ], [ 2.025139, 7.175972 ], [ 2.025139, 7.175694 ], [ 2.025139, 7.175417 ], [ 2.025139, 7.175139 ], [ 2.025139, 7.174861 ] ] } },
{ "type": "Feature", "properties": { "strahler_order": 1, "longueur_km": 1.2037059559684982 }, "geometry": { "type": "LineString", "coordinates": [ [ 1.934583, 7.199306 ], [ 1.934306, 7.199306 ], [ 1.934028, 7.199306 ], [ 1.93375, 7.199306 ], [ 1.933472, 7.199028 ], [ 1.933194, 7.199028 ], [ 1.932917, 7.199306 ], [ 1.932917, 7.199583 ], [ 1.932917, 7.199861 ], [ 1.932639, 7.199861 ], [ 1.932361, 7.200139 ], [ 1.932083, 7.200417 ], [ 1.932083, 7.200694 ], [ 1.932083, 7.200972 ], [ 1.931806, 7.20125 ], [ 1.931528, 7.20125 ], [ 1.93125, 7.201528 ], [ 1.930972, 7.201806 ], [ 1.930694, 7.202083 ], [ 1.930694, 7.202361 ], [ 1.930972, 7.202639 ], [ 1.93125, 7.202917 ], [ 1.93125, 7.203194 ], [ 1.931528, 7.203472 ], [ 1.931528, 7.20375 ], [ 1.93125, 7.204028 ], [ 1.930972, 7.204306 ], [ 1.930694, 7.204583 ], [ 1.930694, 7.204861 ], [ 1.930417, 7.205139 ], [ 1.930417, 7.205417 ], [ 1.930417, 7.205694 ], [ 1.930417, 7.205972 ], [ 1.930417, 7.20625 ] ] } },
{ "type": "Feature", "properties": { "strahler_order": 1, "longueur_km": 0.29636246988443909 }, "geometry": { "type": "LineString", "coordinates": [ [ 1.930417, 7.20625 ], [ 1.930139, 7.206528 ], [ 1.929861, 7.206528 ], [ 1.929583, 7.206528 ], [ 1.929306, 7.206528 ], [ 1.929028, 7.206528 ], [ 1.92875, 7.206806 ], [ 1.928472, 7.207083 ], [ 1.928194, 7.207361 ] ] } },
{ "type": "Feature", "properties": { "strahler_order": 1, "longueur_km": 0.39586474579751657 }, "geometry": { "type": "LineString", "coordinates": [ [ 1.928194, 7.207361 ], [ 1.927917, 7.207083 ], [ 1.927639, 7.207083 ], [ 1.927361, 7.206806 ], [ 1.927083, 7.206528 ], [ 1.926806, 7.20625 ], [ 1.926528, 7.205972 ], [ 1.92625, 7.205972 ], [ 1.925972, 7.20625 ], [ 1.925694, 7.20625 ], [ 1.925417, 7.205972 ] ] } },
{ "type": "Feature", "properties": { "strahler_order": 1, "longueur_km": 0.70263319138536551 }, "geometry": { "type": "LineString", "coordinates": [ [ 1.925417, 7.205972 ], [ 1.925417, 7.205694 ], [ 1.925139, 7.205694 ], [ 1.924861, 7.205694 ], [ 1.924861, 7.205417 ], [ 1.924583, 7.205139 ], [ 1.924306, 7.204861 ], [ 1.924028, 7.204583 ], [ 1.92375, 7.204306 ], [ 1.923472, 7.204306 ], [ 1.923194, 7.204306 ], [ 1.922917, 7.204306 ], [ 1.922639, 7.204306 ], [ 1.922361, 7.204028 ], [ 1.922083, 7.20375 ], [ 1.921806, 7.20375 ], [ 1.921528, 7.20375 ], [ 1.92125, 7.20375 ], [ 1.920972, 7.204028 ], [ 1.920694, 7.204028 ], [ 1.920417, 7.204028 ] ] } },
{ "type": "Feature", "properties": { "strahler_order": 1, "longueur_km": 3.0859763623257175 }, "geometry": { "type": "LineString", "coordinates": [ [ 1.920417, 7.204028 ], [ 1.920139, 7.204306 ], [ 1.919861, 7.204583 ], [ 1.919583, 7.204583 ], [ 1.919306, 7.204861 ], [ 1.919028, 7.205139 ], [ 1.91875, 7.205417 ], [ 1.918472, 7.205417 ], [ 1.918194, 7.205417 ], [ 1.917917, 7.205417 ], [ 1.917639, 7.205417 ], [ 1.917361, 7.205139 ], [ 1.917083, 7.205139 ], [ 1.916806, 7.204861 ], [ 1.916528, 7.204861 ], [ 1.91625, 7.204583 ], [ 1.915972, 7.204306 ], [ 1.915694, 7.204028 ], [ 1.915417, 7.20375 ], [ 1.915139, 7.203472 ], [ 1.914861, 7.203472 ], [ 1.914583, 7.203194 ], [ 1.914306, 7.203194 ], [ 1.914028, 7.203194 ], [ 1.91375, 7.203194 ], [ 1.913472, 7.203194 ], [ 1.913194, 7.203194 ], [ 1.912917, 7.203194 ], [ 1.912639, 7.203194 ], [ 1.912361, 7.203472 ], [ 1.912083, 7.203472 ], [ 1.911806, 7.203472 ], [ 1.911528, 7.20375 ], [ 1.91125, 7.20375 ], [ 1.910972, 7.20375 ], [ 1.910694, 7.20375 ], [ 1.910417, 7.203472 ], [ 1.910139, 7.203194 ], [ 1.909861, 7.203194 ], [ 1.909583, 7.202917 ], [ 1.909306, 7.202917 ], [ 1.909028, 7.202917 ], [ 1.90875, 7.202917 ], [ 1.908472, 7.202917 ], [ 1.908194, 7.202917 ], [ 1.907917, 7.202917 ], [ 1.907639, 7.202917 ], [ 1.907361, 7.202917 ], [ 1.907083, 7.202639 ], [ 1.906806, 7.202639 ], [ 1.906528, 7.202639 ], [ 1.90625, 7.202639 ], [ 1.905972, 7.202639 ], [ 1.905694, 7.202361 ], [ 1.905417, 7.202083 ], [ 1.905139, 7.201806 ], [ 1.904861, 7.201806 ], [ 1.904583, 7.201528 ], [ 1.904306, 7.20125 ], [ 1.904028, 7.20125 ], [ 1.90375, 7.201528 ], [ 1.903472, 7.201806 ], [ 1.903194, 7.202083 ], [ 1.902917, 7.202083 ], [ 1.902639, 7.202083 ], [ 1.902361, 7.201806 ], [ 1.902083, 7.201806 ], [ 1.901806, 7.202083 ], [ 1.901528, 7.202361 ], [ 1.90125, 7.202639 ], [ 1.900972, 7.202639 ], [ 1.900694, 7.202639 ], [ 1.900417, 7.202639 ], [ 1.900139, 7.202639 ], [ 1.899861, 7.202639 ], [ 1.899583, 7.202917 ], [ 1.899306, 7.203194 ], [ 1.899028, 7.203472 ], [ 1.89875, 7.20375 ], [ 1.898472, 7.204028 ], [ 1.898194, 7.204306 ], [ 1.897917, 7.204583 ], [ 1.897917, 7.204861 ], [ 1.897639, 7.205139 ], [ 1.897361, 7.205417 ] ] } },
{ "type": "Feature", "properties": { "strahler_order": 1, "longueur_km": 0.60543239582491493 }, "geometry": { "type": "LineString", "coordinates": [ [ 1.897361, 7.205417 ], [ 1.897083, 7.205417 ], [ 1.896806, 7.205139 ], [ 1.896528, 7.204861 ], [ 1.89625, 7.204583 ], [ 1.895972, 7.204306 ], [ 1.895694, 7.204028 ], [ 1.895417, 7.20375 ], [ 1.895139, 7.20375 ], [ 1.894861, 7.203472 ], [ 1.894583, 7.203472 ], [ 1.894306, 7.20375 ], [ 1.894028, 7.20375 ], [ 1.89375, 7.204028 ], [ 1.893472, 7.204028 ], [ 1.893194, 7.204028 ], [ 1.892917, 7.204028 ] ] } },
{ "type": "Feature", "properties": { "strahler_order": 1, "longueur_km": 0.79458661264857522 }, "geometry": { "type": "LineString", "coordinates": [ [ 2.001806, 7.199306 ], [ 2.002083, 7.199306 ], [ 2.002361, 7.199028 ], [ 2.002639, 7.199028 ], [ 2.002917, 7.199028 ], [ 2.003194, 7.19875 ], [ 2.003472, 7.198472 ], [ 2.00375, 7.198472 ], [ 2.004028, 7.198472 ], [ 2.004306, 7.198472 ], [ 2.004583, 7.19875 ], [ 2.004861, 7.19875 ], [ 2.005139, 7.19875 ], [ 2.005417, 7.19875 ], [ 2.005694, 7.198472 ], [ 2.005972, 7.198472 ], [ 2.00625, 7.198472 ], [ 2.006528, 7.198194 ], [ 2.006806, 7.197917 ], [ 2.007083, 7.197917 ], [ 2.007361, 7.197917 ], [ 2.007639, 7.197917 ], [ 2.007917, 7.197917 ], [ 2.008194, 7.197917 ] ] } },
{ "type": "Feature", "properties": { "strahler_order": 1, "longueur_km": 0.3039248972741484 }, "geometry": { "type": "LineString", "coordinates": [ [ 2.008194, 7.197917 ], [ 2.008472, 7.197639 ], [ 2.00875, 7.197361 ], [ 2.009028, 7.197083 ], [ 2.009306, 7.196806 ], [ 2.009583, 7.196528 ], [ 2.009861, 7.19625 ], [ 2.010139, 7.195972 ] ] } },
{ "type": "Feature", "properties": { "strahler_order": 1, "longueur_km": 1.5359887317390621 }, "geometry": { "type": "LineString", "coordinates": [ [ 2.010139, 7.195972 ], [ 2.010417, 7.195694 ], [ 2.010694, 7.195417 ], [ 2.010972, 7.195417 ], [ 2.01125, 7.195139 ], [ 2.011528, 7.194861 ], [ 2.011806, 7.194583 ], [ 2.012083, 7.194306 ], [ 2.012361, 7.194028 ], [ 2.012361, 7.19375 ], [ 2.012361, 7.193472 ], [ 2.012361, 7.193194 ], [ 2.012361, 7.192917 ], [ 2.012639, 7.192639 ], [ 2.012917, 7.192639 ], [ 2.013194, 7.192639 ], [ 2.013472, 7.192639 ], [ 2.01375, 7.192639 ], [ 2.014028, 7.192361 ], [ 2.014306, 7.192083 ], [ 2.014583, 7.191806 ], [ 2.014861, 7.191528 ], [ 2.014861, 7.19125 ], [ 2.014861, 7.190972 ], [ 2.014861, 7.190694 ], [ 2.014583, 7.190417 ], [ 2.014583, 7.190139 ], [ 2.014583, 7.189861 ], [ 2.014583, 7.189583 ], [ 2.014583, 7.189306 ], [ 2.014861, 7.189028 ], [ 2.015139, 7.189028 ], [ 2.015417, 7.189028 ], [ 2.015694, 7.189028 ], [ 2.015972, 7.189028 ], [ 2.01625, 7.18875 ], [ 2.016528, 7.18875 ], [ 2.016806, 7.188472 ], [ 2.016806, 7.188194 ], [ 2.016806, 7.187917 ], [ 2.016806, 7.187639 ], [ 2.016806, 7.187361 ], [ 2.016806, 7.187083 ], [ 2.017083, 7.186806 ] ] } },
{ "type": "Feature", "properties": { "strahler_order": 1, "longueur_km": 3.8426896331751164 }, "geometry": { "type": "LineString", "coordinates": [ [ 1.990972, 7.195694 ], [ 1.99125, 7.195694 ], [ 1.991528, 7.195417 ], [ 1.991806, 7.195417 ], [ 1.992083, 7.195139 ], [ 1.992361, 7.194861 ], [ 1.992639, 7.194861 ], [ 1.992917, 7.195139 ], [ 1.993194, 7.195139 ], [ 1.993472, 7.195139 ], [ 1.99375, 7.195139 ], [ 1.994028, 7.195139 ], [ 1.994306, 7.194861 ], [ 1.994583, 7.194861 ], [ 1.994861, 7.194861 ], [ 1.995139, 7.194861 ], [ 1.995417, 7.195139 ], [ 1.995694, 7.195139 ], [ 1.995972, 7.194861 ], [ 1.99625, 7.194583 ], [ 1.996528, 7.194306 ], [ 1.996806, 7.194028 ], [ 1.997083, 7.19375 ], [ 1.997361, 7.193472 ], [ 1.997361, 7.193194 ], [ 1.997361, 7.192917 ], [ 1.997639, 7.192917 ], [ 1.997917, 7.192917 ], [ 1.998194, 7.192917 ], [ 1.998472, 7.192917 ], [ 1.99875, 7.192917 ], [ 1.999028, 7.192917 ], [ 1.999306, 7.192917 ], [ 1.999583, 7.192917 ], [ 1.999861, 7.192639 ], [ 2.000139, 7.192361 ], [ 2.000417, 7.192083 ], [ 2.000417, 7.191806 ], [ 2.000694, 7.191528 ], [ 2.000972, 7.191528 ], [ 2.00125, 7.19125 ], [ 2.001528, 7.19125 ], [ 2.001806, 7.19125 ], [ 2.002083, 7.190972 ], [ 2.002083, 7.190694 ], [ 2.002361, 7.190694 ], [ 2.002639, 7.190417 ], [ 2.002917, 7.190417 ], [ 2.003194, 7.190139 ], [ 2.003472, 7.190139 ], [ 2.00375, 7.189861 ], [ 2.00375, 7.189583 ], [ 2.00375, 7.189306 ], [ 2.004028, 7.189028 ], [ 2.004306, 7.18875 ], [ 2.004583, 7.18875 ], [ 2.004861, 7.18875 ], [ 2.005139, 7.18875 ], [ 2.005139, 7.188472 ], [ 2.005417, 7.188194 ], [ 2.005417, 7.187917 ], [ 2.005417, 7.187639 ], [ 2.005694, 7.187639 ], [ 2.005972, 7.187639 ], [ 2.00625, 7.187639 ], [ 2.006528, 7.187639 ], [ 2.006806, 7.187639 ], [ 2.007083, 7.187917 ], [ 2.007361, 7.187917 ], [ 2.007639, 7.187639 ], [ 2.007639, 7.187361 ], [ 2.007917, 7.187361 ], [ 2.008194, 7.187361 ], [ 2.008472, 7.187639 ], [ 2.00875, 7.187917 ], [ 2.009028, 7.187917 ], [ 2.009306, 7.187917 ], [ 2.009583, 7.187639 ], [ 2.009861, 7.187639 ], [ 2.010139, 7.187917 ], [ 2.010417, 7.188194 ], [ 2.010694, 7.188194 ], [ 2.010972, 7.188194 ], [ 2.01125, 7.188194 ], [ 2.011528, 7.188194 ], [ 2.011806, 7.188194 ], [ 2.012083, 7.187917 ], [ 2.012361, 7.187639 ], [ 2.012639, 7.187361 ], [ 2.012917, 7.187083 ], [ 2.013194, 7.186806 ], [ 2.013194, 7.186528 ], [ 2.013194, 7.18625 ], [ 2.013472, 7.185972 ], [ 2.01375, 7.185694 ], [ 2.014028, 7.185417 ], [ 2.014306, 7.185139 ], [ 2.014583, 7.184861 ], [ 2.014861, 7.184861 ], [ 2.015139, 7.185139 ], [ 2.015139, 7.185417 ], [ 2.015417, 7.185694 ], [ 2.015694, 7.185694 ], [ 2.015972, 7.185694 ], [ 2.01625, 7.185694 ], [ 2.016528, 7.185694 ], [ 2.016806, 7.185417 ], [ 2.017083, 7.185417 ] ] } },
{ "type": "Feature", "properties": { "strahler_order": 1, "longueur_km": 2.7773121555395508 }, "geometry": { "type": "LineString", "coordinates": [ [ 2.168472, 7.195694 ], [ 2.168472, 7.195417 ], [ 2.168194, 7.195139 ], [ 2.168194, 7.194861 ], [ 2.168194, 7.194583 ], [ 2.168472, 7.194306 ], [ 2.16875, 7.194306 ], [ 2.169028, 7.194028 ], [ 2.169028, 7.19375 ], [ 2.169028, 7.193472 ], [ 2.169028, 7.193194 ], [ 2.169028, 7.192917 ], [ 2.169028, 7.192639 ], [ 2.169306, 7.192361 ], [ 2.169583, 7.192083 ], [ 2.169583, 7.191806 ], [ 2.169861, 7.191528 ], [ 2.170139, 7.19125 ], [ 2.170417, 7.190972 ], [ 2.170694, 7.190694 ], [ 2.170972, 7.190694 ], [ 2.17125, 7.190417 ], [ 2.171528, 7.190139 ], [ 2.171806, 7.190139 ], [ 2.172083, 7.190139 ], [ 2.172361, 7.189861 ], [ 2.172639, 7.189861 ], [ 2.172917, 7.189861 ], [ 2.173194, 7.189583 ], [ 2.173472, 7.189583 ], [ 2.17375, 7.189306 ], [ 2.174028, 7.189306 ], [ 2.174306, 7.189028 ], [ 2.174583, 7.18875 ], [ 2.174861, 7.18875 ], [ 2.175139, 7.188472 ], [ 2.175417, 7.188472 ], [ 2.175694, 7.18875 ], [ 2.175972, 7.18875 ], [ 2.17625, 7.189028 ], [ 2.176528, 7.189028 ], [ 2.176806, 7.189028 ], [ 2.177083, 7.18875 ], [ 2.177361, 7.18875 ], [ 2.177639, 7.188472 ], [ 2.177917, 7.188194 ], [ 2.177917, 7.187917 ], [ 2.177917, 7.187639 ], [ 2.178194, 7.187361 ], [ 2.178472, 7.187083 ], [ 2.17875, 7.186806 ], [ 2.179028, 7.186806 ], [ 2.179306, 7.186806 ], [ 2.179583, 7.186806 ], [ 2.179861, 7.186806 ], [ 2.180139, 7.186806 ], [ 2.180417, 7.186806 ], [ 2.180694, 7.186806 ], [ 2.180972, 7.186806 ], [ 2.18125, 7.186528 ], [ 2.181528, 7.18625 ], [ 2.181528, 7.185972 ], [ 2.181528, 7.185694 ], [ 2.181806, 7.185417 ], [ 2.182083, 7.185139 ], [ 2.182361, 7.185139 ], [ 2.182639, 7.185139 ], [ 2.182917, 7.185139 ], [ 2.183194, 7.184861 ], [ 2.183472, 7.184583 ], [ 2.183472, 7.184306 ], [ 2.18375, 7.184028 ], [ 2.184028, 7.18375 ], [ 2.184306, 7.183472 ], [ 2.184583, 7.183194 ], [ 2.184861, 7.183194 ], [ 2.184861, 7.182917 ] ] } },
{ "type": "Feature", "properties": { "strahler_order": 1, "longueur_km": 1.006486633059068 }, "geometry": { "type": "LineString", "coordinates": [ [ 2.07375, 7.195417 ], [ 2.074028, 7.195417 ], [ 2.074306, 7.195139 ], [ 2.074583, 7.194861 ], [ 2.074861, 7.194861 ], [ 2.075139, 7.194861 ], [ 2.075417, 7.194861 ], [ 2.075694, 7.194861 ], [ 2.075972, 7.194583 ], [ 2.07625, 7.194306 ], [ 2.076528, 7.194306 ], [ 2.076806, 7.194583 ], [ 2.077083, 7.194583 ], [ 2.077361, 7.194861 ], [ 2.077639, 7.194583 ], [ 2.077917, 7.194306 ], [ 2.078194, 7.194028 ], [ 2.078472, 7.19375 ], [ 2.078472, 7.193472 ], [ 2.078472, 7.193194 ], [ 2.07875, 7.192917 ], [ 2.079028, 7.192917 ], [ 2.079306, 7.192917 ], [ 2.079583, 7.192639 ], [ 2.079861, 7.192361 ], [ 2.080139, 7.192083 ], [ 2.080139, 7.191806 ], [ 2.080139, 7.191528 ] ] } },
{ "type": "Feature", "properties": { "strahler_order": 1, "longueur_km": 0.44443953195064412 }, "geometry": { "type": "LineString", "coordinates": [ [ 2.080139, 7.191528 ], [ 2.080417, 7.19125 ], [ 2.080694, 7.19125 ], [ 2.080972, 7.19125 ], [ 2.08125, 7.19125 ], [ 2.081528, 7.19125 ], [ 2.081806, 7.19125 ], [ 2.082083, 7.191528 ], [ 2.082361, 7.191806 ], [ 2.082639, 7.192083 ], [ 2.082917, 7.192361 ], [ 2.083194, 7.192361 ], [ 2.083472, 7.192083 ] ] } },
{ "type": "Feature", "properties": { "strahler_order": 1, "longueur_km": 1.5741610067817629 }, "geometry": { "type": "LineString", "coordinates": [ [ 2.083472, 7.192083 ], [ 2.083472, 7.191806 ], [ 2.083472, 7.191528 ], [ 2.08375, 7.19125 ], [ 2.084028, 7.190972 ], [ 2.084028, 7.190694 ], [ 2.084028, 7.190417 ], [ 2.084028, 7.190139 ], [ 2.084028, 7.189861 ], [ 2.08375, 7.189583 ], [ 2.083472, 7.189306 ], [ 2.083194, 7.189028 ], [ 2.082917, 7.18875 ], [ 2.082639, 7.188472 ], [ 2.082639, 7.188194 ], [ 2.082639, 7.187917 ], [ 2.082917, 7.187639 ], [ 2.083194, 7.187639 ], [ 2.083472, 7.187917 ], [ 2.08375, 7.187917 ], [ 2.084028, 7.187917 ], [ 2.084306, 7.187917 ], [ 2.084583, 7.187639 ], [ 2.084583, 7.187361 ], [ 2.084583, 7.187083 ], [ 2.084861, 7.187083 ], [ 2.085139, 7.187083 ], [ 2.085417, 7.186806 ], [ 2.085694, 7.186528 ], [ 2.085694, 7.18625 ], [ 2.085694, 7.185972 ], [ 2.085972, 7.185694 ], [ 2.08625, 7.185417 ], [ 2.086528, 7.185139 ], [ 2.086806, 7.184861 ], [ 2.087083, 7.184583 ], [ 2.087083, 7.184306 ], [ 2.087361, 7.184028 ], [ 2.087361, 7.18375 ], [ 2.087639, 7.18375 ], [ 2.087917, 7.183472 ], [ 2.088194, 7.183472 ], [ 2.088472, 7.183472 ], [ 2.08875, 7.183194 ] ] } },
{ "type": "Feature", "properties": { "strahler_order": 1, "longueur_km": 0.17888921196601121 }, "geometry": { "type": "LineString", "coordinates": [ [ 2.093472, 7.195139 ], [ 2.09375, 7.195139 ], [ 2.094028, 7.195139 ], [ 2.094306, 7.194861 ], [ 2.094583, 7.194583 ], [ 2.094861, 7.194583 ] ] } },
{ "type": "Feature", "properties": { "strahler_order": 1, "longueur_km": 1.3588714426746751 }, "geometry": { "type": "LineString", "coordinates": [ [ 2.094861, 7.194583 ], [ 2.095139, 7.194583 ], [ 2.095417, 7.194306 ], [ 2.095694, 7.194028 ], [ 2.095972, 7.194028 ], [ 2.09625, 7.19375 ], [ 2.096528, 7.19375 ], [ 2.096806, 7.19375 ], [ 2.097083, 7.193472 ], [ 2.097361, 7.193472 ], [ 2.097361, 7.193194 ], [ 2.097361, 7.192917 ], [ 2.097639, 7.192639 ], [ 2.097917, 7.192361 ], [ 2.098194, 7.192361 ], [ 2.098472, 7.192361 ], [ 2.09875, 7.192083 ], [ 2.099028, 7.191806 ], [ 2.099306, 7.191528 ], [ 2.099583, 7.19125 ], [ 2.099306, 7.190972 ], [ 2.099028, 7.190694 ], [ 2.099028, 7.190417 ], [ 2.09875, 7.190139 ], [ 2.099028, 7.189861 ], [ 2.099306, 7.189583 ], [ 2.099583, 7.189306 ], [ 2.099861, 7.189028 ], [ 2.100139, 7.18875 ], [ 2.100417, 7.188472 ], [ 2.100694, 7.188472 ], [ 2.100972, 7.188472 ], [ 2.10125, 7.188472 ], [ 2.101528, 7.188194 ], [ 2.101806, 7.188194 ], [ 2.102083, 7.188194 ], [ 2.102361, 7.188194 ] ] } },
{ "type": "Feature", "properties": { "strahler_order": 1, "longueur_km": 0.57988556178704409 }, "geometry": { "type": "LineString", "coordinates": [ [ 1.917361, 7.194306 ], [ 1.917083, 7.194028 ], [ 1.916806, 7.194028 ], [ 1.916528, 7.194028 ], [ 1.91625, 7.194306 ], [ 1.915972, 7.194306 ], [ 1.915694, 7.194028 ], [ 1.915417, 7.194028 ], [ 1.915139, 7.194028 ], [ 1.914861, 7.194028 ], [ 1.914583, 7.194028 ], [ 1.914306, 7.19375 ], [ 1.914028, 7.193472 ], [ 1.91375, 7.193194 ], [ 1.913472, 7.192917 ], [ 1.913194, 7.192917 ], [ 1.912917, 7.192917 ] ] } },
{ "type": "Feature", "properties": { "strahler_order": 1, "longueur_km": 3.0174346293380236 }, "geometry": { "type": "LineString", "coordinates": [ [ 1.962917, 7.194306 ], [ 1.962639, 7.194306 ], [ 1.962361, 7.194306 ], [ 1.962083, 7.194028 ], [ 1.961806, 7.19375 ], [ 1.961528, 7.19375 ], [ 1.96125, 7.193472 ], [ 1.960972, 7.193194 ], [ 1.960694, 7.193472 ], [ 1.960417, 7.19375 ], [ 1.960139, 7.194028 ], [ 1.959861, 7.194028 ], [ 1.959583, 7.194028 ], [ 1.959306, 7.194028 ], [ 1.959028, 7.19375 ], [ 1.95875, 7.193472 ], [ 1.958472, 7.193194 ], [ 1.958194, 7.193194 ], [ 1.957917, 7.193472 ], [ 1.957639, 7.193472 ], [ 1.957361, 7.193472 ], [ 1.957083, 7.193472 ], [ 1.956806, 7.193472 ], [ 1.956528, 7.19375 ], [ 1.95625, 7.194028 ], [ 1.955972, 7.194306 ], [ 1.955694, 7.194306 ], [ 1.955417, 7.194306 ], [ 1.955139, 7.194028 ], [ 1.954861, 7.19375 ], [ 1.954583, 7.19375 ], [ 1.954306, 7.194028 ], [ 1.954028, 7.194306 ], [ 1.95375, 7.194583 ], [ 1.953472, 7.194583 ], [ 1.953194, 7.194306 ], [ 1.952917, 7.194306 ], [ 1.952639, 7.194306 ], [ 1.952361, 7.194306 ], [ 1.952083, 7.194306 ], [ 1.951806, 7.194306 ], [ 1.951528, 7.194028 ], [ 1.95125, 7.194028 ], [ 1.950972, 7.19375 ], [ 1.950694, 7.193472 ], [ 1.950417, 7.193194 ], [ 1.950139, 7.193194 ], [ 1.949861, 7.193194 ], [ 1.949583, 7.193194 ], [ 1.949306, 7.193194 ], [ 1.949028, 7.192917 ], [ 1.94875, 7.192639 ], [ 1.948472, 7.192639 ], [ 1.948194, 7.192639 ], [ 1.947917, 7.192639 ], [ 1.947639, 7.192917 ], [ 1.947361, 7.192917 ], [ 1.947083, 7.192639 ], [ 1.946806, 7.192639 ], [ 1.946528, 7.192639 ], [ 1.94625, 7.192917 ], [ 1.945972, 7.193194 ], [ 1.945694, 7.193194 ], [ 1.945417, 7.193194 ], [ 1.945139, 7.193194 ], [ 1.944861, 7.193194 ], [ 1.944583, 7.193194 ], [ 1.944306, 7.193194 ], [ 1.944028, 7.192917 ], [ 1.94375, 7.192639 ], [ 1.943472, 7.192361 ], [ 1.943194, 7.192083 ], [ 1.943194, 7.191806 ], [ 1.942917, 7.191528 ], [ 1.942639, 7.19125 ], [ 1.942361, 7.19125 ], [ 1.942083, 7.190972 ], [ 1.942083, 7.190694 ], [ 1.942083, 7.190417 ], [ 1.942083, 7.190139 ], [ 1.942083, 7.189861 ], [ 1.942083, 7.189583 ], [ 1.942083, 7.189306 ], [ 1.942083, 7.189028 ] ] } },
{ "type": "Feature", "properties": { "strahler_order": 1, "longueur_km": 0.43215326467929982 }, "geometry": { "type": "LineString", "coordinates": [ [ 2.15125, 7.194306 ], [ 2.151528, 7.194028 ], [ 2.151528, 7.19375 ], [ 2.151528, 7.193472 ], [ 2.151528, 7.193194 ], [ 2.151528, 7.192917 ], [ 2.151528, 7.192639 ], [ 2.151528, 7.192361 ], [ 2.15125, 7.192083 ], [ 2.150972, 7.191806 ], [ 2.150694, 7.191528 ], [ 2.150694, 7.19125 ], [ 2.150972, 7.190972 ] ] } },
{ "type": "Feature", "properties": { "strahler_order": 1, "longueur_km": 0.9687250462405671 }, "geometry": { "type": "LineString", "coordinates": [ [ 2.015972, 7.194028 ], [ 2.01625, 7.19375 ], [ 2.016528, 7.193472 ], [ 2.016806, 7.193194 ], [ 2.016806, 7.192917 ], [ 2.017083, 7.192917 ], [ 2.017361, 7.192639 ], [ 2.017639, 7.192361 ], [ 2.017917, 7.192083 ], [ 2.018194, 7.191806 ], [ 2.018194, 7.191528 ], [ 2.018194, 7.19125 ], [ 2.017917, 7.190972 ], [ 2.017639, 7.190694 ], [ 2.017639, 7.190417 ], [ 2.017639, 7.190139 ], [ 2.017639, 7.189861 ], [ 2.017639, 7.189583 ], [ 2.017361, 7.189306 ], [ 2.017361, 7.189028 ], [ 2.017361, 7.18875 ], [ 2.017083, 7.188472 ], [ 2.017083, 7.188194 ], [ 2.017083, 7.187917 ], [ 2.017083, 7.187639 ], [ 2.017083, 7.187361 ], [ 2.017083, 7.187083 ], [ 2.017083, 7.186806 ] ] } },
{ "type": "Feature", "properties": { "strahler_order": 1, "longueur_km": 0.1789804872467701 }, "geometry": { "type": "LineString", "coordinates": [ [ 2.017083, 7.186806 ], [ 2.017361, 7.186528 ], [ 2.017361, 7.18625 ], [ 2.017083, 7.185972 ], [ 2.017083, 7.185694 ], [ 2.017083, 7.185417 ] ] } },
{ "type": "Feature", "properties": { "strahler_order": 1, "longueur_km": 1.8093263412942213 }, "geometry": { "type": "LineString", "coordinates": [ [ 2.017083, 7.185417 ], [ 2.017361, 7.185139 ], [ 2.017639, 7.184861 ], [ 2.017917, 7.184861 ], [ 2.018194, 7.184861 ], [ 2.018472, 7.184583 ], [ 2.01875, 7.184306 ], [ 2.01875, 7.184028 ], [ 2.019028, 7.18375 ], [ 2.019306, 7.183472 ], [ 2.019583, 7.183472 ], [ 2.019861, 7.183472 ], [ 2.020139, 7.183194 ], [ 2.020417, 7.182917 ], [ 2.020694, 7.182639 ], [ 2.020694, 7.182361 ], [ 2.020694, 7.182083 ], [ 2.020694, 7.181806 ], [ 2.020694, 7.181528 ], [ 2.020972, 7.18125 ], [ 2.020972, 7.180972 ], [ 2.02125, 7.180694 ], [ 2.02125, 7.180417 ], [ 2.020972, 7.180139 ], [ 2.020972, 7.179861 ], [ 2.020972, 7.179583 ], [ 2.020972, 7.179306 ], [ 2.020972, 7.179028 ], [ 2.020972, 7.17875 ], [ 2.020972, 7.178472 ], [ 2.020972, 7.178194 ], [ 2.020972, 7.177917 ], [ 2.020972, 7.177639 ], [ 2.020694, 7.177361 ], [ 2.020972, 7.177083 ], [ 2.02125, 7.177083 ], [ 2.021528, 7.177083 ], [ 2.021806, 7.176806 ], [ 2.022083, 7.176528 ], [ 2.022361, 7.17625 ], [ 2.022639, 7.175972 ], [ 2.022917, 7.175694 ], [ 2.023194, 7.175417 ], [ 2.023472, 7.175139 ], [ 2.02375, 7.175139 ], [ 2.024028, 7.174861 ], [ 2.024306, 7.174861 ], [ 2.024583, 7.174861 ], [ 2.024861, 7.175139 ], [ 2.025139, 7.174861 ] ] } },
{ "type": "Feature", "properties": { "strahler_order": 1, "longueur_km": 0.45205190771507325 }, "geometry": { "type": "LineString", "coordinates": [ [ 2.025139, 7.174861 ], [ 2.025417, 7.174583 ], [ 2.025694, 7.174306 ], [ 2.025972, 7.174028 ], [ 2.025972, 7.17375 ], [ 2.025972, 7.173472 ], [ 2.02625, 7.173194 ], [ 2.025972, 7.172917 ], [ 2.025694, 7.172639 ], [ 2.025417, 7.172361 ], [ 2.025139, 7.172083 ], [ 2.024861, 7.171806 ] ] } },
{ "type": "Feature", "properties": { "strahler_order": 1, "longueur_km": 0.25291434868987384 }, "geometry": { "type": "LineString", "coordinates": [ [ 2.098472, 7.19375 ], [ 2.09875, 7.193472 ], [ 2.099028, 7.193472 ], [ 2.099306, 7.193194 ], [ 2.099583, 7.193194 ], [ 2.099861, 7.193194 ], [ 2.100139, 7.193194 ], [ 2.100417, 7.192917 ] ] } },
{ "type": "Feature", "properties": { "strahler_order": 1, "longueur_km": 0.61101173410786525 }, "geometry": { "type": "LineString", "coordinates": [ [ 2.100417, 7.192917 ], [ 2.100417, 7.192639 ], [ 2.100417, 7.192361 ], [ 2.100417, 7.192083 ], [ 2.100694, 7.191806 ], [ 2.100972, 7.191528 ], [ 2.100972, 7.19125 ], [ 2.100972, 7.190972 ], [ 2.100972, 7.190694 ], [ 2.100972, 7.190417 ], [ 2.100972, 7.190139 ], [ 2.10125, 7.189861 ], [ 2.101528, 7.189583 ], [ 2.101806, 7.189306 ], [ 2.101806, 7.189028 ], [ 2.101806, 7.18875 ], [ 2.102083, 7.188472 ], [ 2.102361, 7.188194 ] ] } },
{ "type": "Feature", "properties": { "strahler_order": 1, "longueur_km": 0.38315723570431182 }, "geometry": { "type": "LineString", "coordinates": [ [ 2.102361, 7.188194 ], [ 2.102639, 7.187917 ], [ 2.102917, 7.187639 ], [ 2.102917, 7.187361 ], [ 2.102917, 7.187083 ], [ 2.103194, 7.186806 ], [ 2.103472, 7.186528 ], [ 2.10375, 7.18625 ], [ 2.104028, 7.185972 ], [ 2.104306, 7.185972 ], [ 2.104583, 7.185972 ] ] } },
{ "type": "Feature", "properties": { "strahler_order": 1, "longueur_km": 0.043439480579512003 }, "geometry": { "type": "LineString", "coordinates": [ [ 2.104583, 7.185972 ], [ 2.104861, 7.185694 ] ] } },
{ "type": "Feature", "properties": { "strahler_order": 1, "longueur_km": 1.3643901839260599 }, "geometry": { "type": "LineString", "coordinates": [ [ 2.109028, 7.192917 ], [ 2.109306, 7.192639 ], [ 2.109583, 7.192361 ], [ 2.109583, 7.192083 ], [ 2.109583, 7.191806 ], [ 2.109861, 7.191528 ], [ 2.110139, 7.19125 ], [ 2.110417, 7.190972 ], [ 2.110417, 7.190694 ], [ 2.110417, 7.190417 ], [ 2.110694, 7.190139 ], [ 2.110694, 7.189861 ], [ 2.110972, 7.189583 ], [ 2.110694, 7.189306 ], [ 2.110417, 7.189306 ], [ 2.110139, 7.189306 ], [ 2.109861, 7.189306 ], [ 2.109583, 7.189306 ], [ 2.109306, 7.189028 ], [ 2.109306, 7.18875 ], [ 2.109028, 7.188472 ], [ 2.10875, 7.188472 ], [ 2.108472, 7.188194 ], [ 2.108194, 7.187917 ], [ 2.107917, 7.187639 ], [ 2.107639, 7.187639 ], [ 2.107361, 7.187639 ], [ 2.107083, 7.187639 ], [ 2.106806, 7.187639 ], [ 2.106528, 7.187639 ], [ 2.10625, 7.187639 ], [ 2.105972, 7.187361 ], [ 2.105694, 7.187083 ], [ 2.105417, 7.186806 ], [ 2.105139, 7.186528 ], [ 2.104861, 7.18625 ], [ 2.104861, 7.185972 ], [ 2.104861, 7.185694 ] ] } },
{ "type": "Feature", "properties": { "strahler_order": 1, "longueur_km": 0.25296313139731458 }, "geometry": { "type": "LineString", "coordinates": [ [ 2.104861, 7.185694 ], [ 2.104861, 7.185417 ], [ 2.104861, 7.185139 ], [ 2.105139, 7.184861 ], [ 2.105139, 7.184583 ], [ 2.105139, 7.184306 ], [ 2.105417, 7.184028 ], [ 2.105694, 7.18375 ] ] } },
{ "type": "Feature", "properties": { "strahler_order": 1, "longueur_km": 0.12267720441412229 }, "geometry": { "type": "LineString", "coordinates": [ [ 2.037639, 7.192639 ], [ 2.037917, 7.192639 ], [ 2.038194, 7.192639 ], [ 2.038472, 7.192639 ], [ 2.03875, 7.192639 ] ] } },
{ "type": "Feature", "properties": { "strahler_order": 1, "longueur_km": 1.5250846277709704 }, "geometry": { "type": "LineString", "coordinates": [ [ 2.03875, 7.192639 ], [ 2.039028, 7.192361 ], [ 2.039306, 7.192083 ], [ 2.039306, 7.191806 ], [ 2.039583, 7.191528 ], [ 2.039861, 7.19125 ], [ 2.040139, 7.19125 ], [ 2.040417, 7.19125 ], [ 2.040694, 7.19125 ], [ 2.040972, 7.191528 ], [ 2.04125, 7.191528 ], [ 2.041528, 7.191528 ], [ 2.041806, 7.191528 ], [ 2.042083, 7.19125 ], [ 2.042361, 7.190972 ], [ 2.042639, 7.190694 ], [ 2.042917, 7.190417 ], [ 2.043194, 7.190139 ], [ 2.043472, 7.189861 ], [ 2.04375, 7.189861 ], [ 2.044028, 7.189861 ], [ 2.044306, 7.189861 ], [ 2.044583, 7.189583 ], [ 2.044861, 7.189306 ], [ 2.045139, 7.189028 ], [ 2.045417, 7.189028 ], [ 2.045694, 7.189028 ], [ 2.045972, 7.18875 ], [ 2.04625, 7.188472 ], [ 2.046528, 7.188194 ], [ 2.046806, 7.187917 ], [ 2.046806, 7.187639 ], [ 2.046806, 7.187361 ], [ 2.046806, 7.187083 ], [ 2.047083, 7.187083 ], [ 2.047361, 7.187083 ], [ 2.047639, 7.186806 ], [ 2.047917, 7.186806 ], [ 2.048194, 7.186806 ], [ 2.048472, 7.187083 ], [ 2.04875, 7.187083 ], [ 2.049028, 7.187361 ] ] } },
{ "type": "Feature", "properties": { "strahler_order": 1, "longueur_km": 3.0195472588307166 }, "geometry": { "type": "LineString", "coordinates": [ [ 2.049028, 7.187361 ], [ 2.049306, 7.187083 ], [ 2.049583, 7.186806 ], [ 2.049861, 7.186806 ], [ 2.050139, 7.186806 ], [ 2.050417, 7.186528 ], [ 2.050694, 7.186528 ], [ 2.050972, 7.186528 ], [ 2.05125, 7.186528 ], [ 2.051528, 7.186528 ], [ 2.051806, 7.18625 ], [ 2.052083, 7.185972 ], [ 2.052083, 7.185694 ], [ 2.052083, 7.185417 ], [ 2.051806, 7.185139 ], [ 2.051806, 7.184861 ], [ 2.052083, 7.184583 ], [ 2.052361, 7.184583 ], [ 2.052639, 7.184306 ], [ 2.052917, 7.184306 ], [ 2.053194, 7.184306 ], [ 2.053472, 7.184306 ], [ 2.05375, 7.184028 ], [ 2.053472, 7.18375 ], [ 2.053472, 7.183472 ], [ 2.05375, 7.183194 ], [ 2.054028, 7.182917 ], [ 2.054028, 7.182639 ], [ 2.054306, 7.182361 ], [ 2.054583, 7.182083 ], [ 2.054583, 7.181806 ], [ 2.054583, 7.181528 ], [ 2.054306, 7.18125 ], [ 2.054306, 7.180972 ], [ 2.054583, 7.180694 ], [ 2.054861, 7.180417 ], [ 2.055139, 7.180139 ], [ 2.055417, 7.179861 ], [ 2.055694, 7.179583 ], [ 2.055972, 7.179306 ], [ 2.05625, 7.179028 ], [ 2.05625, 7.17875 ], [ 2.05625, 7.178472 ], [ 2.05625, 7.178194 ], [ 2.05625, 7.177917 ], [ 2.056528, 7.177639 ], [ 2.056806, 7.177361 ], [ 2.057083, 7.177083 ], [ 2.057361, 7.176806 ], [ 2.057639, 7.176806 ], [ 2.057917, 7.176528 ], [ 2.058194, 7.176528 ], [ 2.058472, 7.176528 ], [ 2.05875, 7.176528 ], [ 2.05875, 7.17625 ], [ 2.059028, 7.175972 ], [ 2.059306, 7.175694 ], [ 2.059583, 7.175694 ], [ 2.059861, 7.175417 ], [ 2.060139, 7.175139 ], [ 2.060417, 7.174861 ], [ 2.060694, 7.174583 ], [ 2.060972, 7.174583 ], [ 2.06125, 7.174306 ], [ 2.061528, 7.174028 ], [ 2.061806, 7.17375 ], [ 2.062083, 7.17375 ], [ 2.062083, 7.173472 ], [ 2.062361, 7.173194 ], [ 2.062639, 7.172917 ], [ 2.062917, 7.172639 ], [ 2.063194, 7.172639 ], [ 2.063472, 7.172639 ], [ 2.06375, 7.172639 ], [ 2.064028, 7.172639 ], [ 2.064306, 7.172639 ], [ 2.064583, 7.172639 ], [ 2.064861, 7.172917 ], [ 2.065139, 7.172639 ], [ 2.065417, 7.172361 ], [ 2.065694, 7.172361 ], [ 2.065972, 7.172361 ] ] } },
{ "type": "Feature", "properties": { "strahler_order": 1, "longueur_km": 1.1675625522919582 }, "geometry": { "type": "LineString", "coordinates": [ [ 2.054861, 7.192361 ], [ 2.055139, 7.192083 ], [ 2.055417, 7.192083 ], [ 2.055694, 7.192083 ], [ 2.055972, 7.191806 ], [ 2.05625, 7.191528 ], [ 2.056528, 7.19125 ], [ 2.056806, 7.190972 ], [ 2.056806, 7.190694 ], [ 2.057083, 7.190417 ], [ 2.057083, 7.190139 ], [ 2.057083, 7.189861 ], [ 2.057083, 7.189583 ], [ 2.057083, 7.189306 ], [ 2.057361, 7.189028 ], [ 2.057361, 7.18875 ], [ 2.057639, 7.188472 ], [ 2.057639, 7.188194 ], [ 2.057639, 7.187917 ], [ 2.057639, 7.187639 ], [ 2.057917, 7.187361 ], [ 2.058194, 7.187083 ], [ 2.058472, 7.186806 ], [ 2.05875, 7.186528 ], [ 2.059028, 7.18625 ], [ 2.059306, 7.186528 ], [ 2.059306, 7.186806 ], [ 2.059583, 7.186806 ], [ 2.059861, 7.187083 ], [ 2.060139, 7.187083 ], [ 2.060417, 7.186806 ], [ 2.060694, 7.186528 ] ] } },
{ "type": "Feature", "properties": { "strahler_order": 1, "longueur_km": 2.0571746205113892 }, "geometry": { "type": "LineString", "coordinates": [ [ 2.060694, 7.186528 ], [ 2.060972, 7.18625 ], [ 2.06125, 7.185972 ], [ 2.061528, 7.185694 ], [ 2.061806, 7.185417 ], [ 2.061806, 7.185139 ], [ 2.061806, 7.184861 ], [ 2.061806, 7.184583 ], [ 2.062083, 7.184306 ], [ 2.062083, 7.184028 ], [ 2.062361, 7.18375 ], [ 2.062639, 7.183472 ], [ 2.062639, 7.183194 ], [ 2.062361, 7.182917 ], [ 2.062083, 7.182639 ], [ 2.061806, 7.182361 ], [ 2.061528, 7.182083 ], [ 2.061806, 7.181806 ], [ 2.062083, 7.181528 ], [ 2.062083, 7.18125 ], [ 2.062361, 7.180972 ], [ 2.062639, 7.180694 ], [ 2.062639, 7.180417 ], [ 2.062361, 7.180139 ], [ 2.062083, 7.179861 ], [ 2.062083, 7.179583 ], [ 2.061806, 7.179306 ], [ 2.061806, 7.179028 ], [ 2.061806, 7.17875 ], [ 2.061806, 7.178472 ], [ 2.061806, 7.178194 ], [ 2.062083, 7.177917 ], [ 2.062083, 7.177639 ], [ 2.062361, 7.177361 ], [ 2.062361, 7.177083 ], [ 2.062639, 7.176806 ], [ 2.062917, 7.176806 ], [ 2.063194, 7.176528 ], [ 2.063472, 7.176528 ], [ 2.06375, 7.17625 ], [ 2.064028, 7.175972 ], [ 2.064028, 7.175694 ], [ 2.064306, 7.175694 ], [ 2.064583, 7.175694 ], [ 2.064861, 7.175417 ], [ 2.065139, 7.175139 ], [ 2.065139, 7.174861 ], [ 2.065139, 7.174583 ], [ 2.065417, 7.174306 ], [ 2.065417, 7.174028 ], [ 2.065417, 7.17375 ], [ 2.065417, 7.173472 ], [ 2.065417, 7.173194 ], [ 2.065417, 7.172917 ], [ 2.065694, 7.172639 ], [ 2.065972, 7.172361 ] ] } },
{ "type": "Feature", "properties": { "strahler_order": 1, "longueur_km": 0.20956274851154832 }, "geometry": { "type": "LineString", "coordinates": [ [ 2.065972, 7.172361 ], [ 2.06625, 7.172361 ], [ 2.066528, 7.172639 ], [ 2.066806, 7.172361 ], [ 2.067083, 7.172361 ], [ 2.067361, 7.172361 ], [ 2.067639, 7.172361 ] ] } },
{ "type": "Feature", "properties": { "strahler_order": 1, "longueur_km": 4.601317571752686 }, "geometry": { "type": "LineString", "coordinates": [ [ 1.993194, 7.192083 ], [ 1.993472, 7.191806 ], [ 1.99375, 7.191528 ], [ 1.994028, 7.19125 ], [ 1.994028, 7.190972 ], [ 1.994028, 7.190694 ], [ 1.994028, 7.190417 ], [ 1.994028, 7.190139 ], [ 1.994306, 7.189861 ], [ 1.994583, 7.189861 ], [ 1.994861, 7.189861 ], [ 1.995139, 7.189861 ], [ 1.995417, 7.189583 ], [ 1.995417, 7.189306 ], [ 1.995694, 7.189028 ], [ 1.995972, 7.18875 ], [ 1.99625, 7.188472 ], [ 1.996528, 7.188194 ], [ 1.996528, 7.187917 ], [ 1.99625, 7.187639 ], [ 1.995972, 7.187361 ], [ 1.99625, 7.187083 ], [ 1.996528, 7.186806 ], [ 1.996806, 7.186528 ], [ 1.997083, 7.18625 ], [ 1.997361, 7.18625 ], [ 1.997639, 7.18625 ], [ 1.997917, 7.18625 ], [ 1.998194, 7.185972 ], [ 1.998472, 7.185694 ], [ 1.99875, 7.185694 ], [ 1.999028, 7.185694 ], [ 1.999306, 7.185972 ], [ 1.999583, 7.185972 ], [ 1.999583, 7.185694 ], [ 1.999861, 7.185417 ], [ 1.999861, 7.185139 ], [ 2.000139, 7.184861 ], [ 2.000417, 7.184861 ], [ 2.000694, 7.185139 ], [ 2.000972, 7.185139 ], [ 2.00125, 7.185139 ], [ 2.001528, 7.185139 ], [ 2.001806, 7.184861 ], [ 2.002083, 7.184583 ], [ 2.002361, 7.184306 ], [ 2.002639, 7.184306 ], [ 2.002917, 7.184583 ], [ 2.003194, 7.184583 ], [ 2.003472, 7.184306 ], [ 2.003472, 7.184028 ], [ 2.00375, 7.18375 ], [ 2.004028, 7.183472 ], [ 2.004306, 7.183472 ], [ 2.004583, 7.183194 ], [ 2.004861, 7.182917 ], [ 2.004861, 7.182639 ], [ 2.004861, 7.182361 ], [ 2.005139, 7.182083 ], [ 2.005417, 7.181806 ], [ 2.005694, 7.181806 ], [ 2.005972, 7.181528 ], [ 2.005972, 7.18125 ], [ 2.00625, 7.180972 ], [ 2.006528, 7.180694 ], [ 2.006806, 7.180694 ], [ 2.007083, 7.180694 ], [ 2.007361, 7.180694 ], [ 2.007639, 7.180694 ], [ 2.007917, 7.180417 ], [ 2.008194, 7.180694 ], [ 2.008472, 7.180972 ], [ 2.00875, 7.18125 ], [ 2.009028, 7.181528 ], [ 2.009028, 7.181806 ], [ 2.009306, 7.182083 ], [ 2.009583, 7.182361 ], [ 2.009861, 7.182639 ], [ 2.010139, 7.182639 ], [ 2.010417, 7.182361 ], [ 2.010694, 7.182361 ], [ 2.010972, 7.182083 ], [ 2.01125, 7.182083 ], [ 2.011528, 7.181806 ], [ 2.011528, 7.181528 ], [ 2.011806, 7.18125 ], [ 2.012083, 7.180972 ], [ 2.012083, 7.180694 ], [ 2.012361, 7.180417 ], [ 2.012639, 7.180417 ], [ 2.012917, 7.180417 ], [ 2.013194, 7.180139 ], [ 2.013472, 7.180139 ], [ 2.01375, 7.180139 ], [ 2.014028, 7.180139 ], [ 2.014306, 7.180139 ], [ 2.014583, 7.179861 ], [ 2.014861, 7.179861 ], [ 2.015139, 7.179861 ], [ 2.015417, 7.179583 ], [ 2.015694, 7.179306 ], [ 2.015972, 7.179028 ], [ 2.01625, 7.17875 ], [ 2.016528, 7.178472 ], [ 2.016806, 7.178194 ], [ 2.017083, 7.177917 ], [ 2.017361, 7.177917 ], [ 2.017639, 7.177917 ], [ 2.017917, 7.177639 ], [ 2.018194, 7.177361 ], [ 2.018472, 7.177083 ], [ 2.018472, 7.176806 ], [ 2.01875, 7.176528 ], [ 2.01875, 7.17625 ], [ 2.01875, 7.175972 ], [ 2.01875, 7.175694 ], [ 2.01875, 7.175417 ], [ 2.01875, 7.175139 ], [ 2.01875, 7.174861 ], [ 2.019028, 7.174583 ], [ 2.019306, 7.174583 ], [ 2.019583, 7.174583 ], [ 2.019861, 7.174306 ], [ 2.020139, 7.174028 ] ] } },
{ "type": "Feature", "properties": { "strahler_order": 1, "longueur_km": 2.314489439901724 }, "geometry": { "type": "LineString", "coordinates": [ [ 2.200972, 7.192083 ], [ 2.20125, 7.191806 ], [ 2.201528, 7.191528 ], [ 2.201806, 7.191528 ], [ 2.202083, 7.19125 ], [ 2.202361, 7.190972 ], [ 2.202639, 7.190972 ], [ 2.202917, 7.190972 ], [ 2.203194, 7.190972 ], [ 2.203472, 7.190694 ], [ 2.203472, 7.190417 ], [ 2.20375, 7.190139 ], [ 2.204028, 7.189861 ], [ 2.204306, 7.189861 ], [ 2.204583, 7.189583 ], [ 2.204861, 7.189583 ], [ 2.205139, 7.189306 ], [ 2.205417, 7.189028 ], [ 2.205694, 7.189028 ], [ 2.205972, 7.18875 ], [ 2.20625, 7.18875 ], [ 2.206528, 7.18875 ], [ 2.206806, 7.18875 ], [ 2.207083, 7.18875 ], [ 2.207361, 7.189028 ], [ 2.207639, 7.189306 ], [ 2.207917, 7.189583 ], [ 2.208194, 7.189583 ], [ 2.208472, 7.189583 ], [ 2.20875, 7.189861 ], [ 2.209028, 7.190139 ], [ 2.209028, 7.190417 ], [ 2.209028, 7.190694 ], [ 2.209306, 7.190694 ], [ 2.209583, 7.190694 ], [ 2.209861, 7.190694 ], [ 2.210139, 7.190694 ], [ 2.210417, 7.190694 ], [ 2.210694, 7.190972 ], [ 2.210694, 7.19125 ], [ 2.210972, 7.191528 ], [ 2.210694, 7.191806 ], [ 2.210694, 7.192083 ], [ 2.210417, 7.192361 ], [ 2.210139, 7.192639 ], [ 2.209861, 7.192917 ], [ 2.209861, 7.193194 ], [ 2.210139, 7.193472 ], [ 2.210139, 7.19375 ], [ 2.210139, 7.194028 ], [ 2.210417, 7.194306 ], [ 2.210694, 7.194583 ], [ 2.210972, 7.194583 ], [ 2.21125, 7.194583 ], [ 2.211528, 7.194583 ], [ 2.211806, 7.194583 ], [ 2.212083, 7.194861 ], [ 2.212361, 7.194861 ], [ 2.212639, 7.194861 ], [ 2.212917, 7.195139 ], [ 2.213194, 7.195417 ], [ 2.213194, 7.195694 ], [ 2.213472, 7.195972 ], [ 2.21375, 7.19625 ] ] } },
{ "type": "Feature", "properties": { "strahler_order": 1, "longueur_km": 1.2644084695407596 }, "geometry": { "type": "LineString", "coordinates": [ [ 2.21375, 7.19625 ], [ 2.214028, 7.19625 ], [ 2.214306, 7.196528 ], [ 2.214583, 7.196806 ], [ 2.214861, 7.196806 ], [ 2.215139, 7.196806 ], [ 2.215417, 7.196528 ], [ 2.215694, 7.196528 ], [ 2.215972, 7.196528 ], [ 2.21625, 7.196806 ], [ 2.216528, 7.197083 ], [ 2.216806, 7.197361 ], [ 2.216806, 7.197639 ], [ 2.217083, 7.197917 ], [ 2.217083, 7.198194 ], [ 2.216806, 7.198472 ], [ 2.216806, 7.19875 ], [ 2.217083, 7.199028 ], [ 2.217361, 7.199306 ], [ 2.217639, 7.199583 ], [ 2.217917, 7.199861 ], [ 2.218194, 7.200139 ], [ 2.218472, 7.200417 ], [ 2.21875, 7.200694 ], [ 2.219028, 7.200694 ], [ 2.219306, 7.200694 ], [ 2.219583, 7.200694 ], [ 2.219861, 7.200694 ], [ 2.220139, 7.200694 ], [ 2.220417, 7.200694 ], [ 2.220694, 7.200694 ], [ 2.220972, 7.200694 ], [ 2.22125, 7.200694 ], [ 2.221528, 7.200694 ], [ 2.221806, 7.200694 ], [ 2.222083, 7.200694 ] ] } },
{ "type": "Feature", "properties": { "strahler_order": 1, "longueur_km": 0.64900154300068336 }, "geometry": { "type": "LineString", "coordinates": [ [ 1.902639, 7.191528 ], [ 1.902639, 7.191806 ], [ 1.902639, 7.192083 ], [ 1.902917, 7.192361 ], [ 1.902917, 7.192639 ], [ 1.902917, 7.192917 ], [ 1.902639, 7.193194 ], [ 1.902361, 7.193472 ], [ 1.902083, 7.19375 ], [ 1.901806, 7.194028 ], [ 1.901806, 7.194306 ], [ 1.901528, 7.194583 ], [ 1.90125, 7.194861 ], [ 1.900972, 7.194861 ], [ 1.900694, 7.194861 ], [ 1.900417, 7.195139 ], [ 1.900139, 7.195417 ], [ 1.899861, 7.195694 ] ] } },
{ "type": "Feature", "properties": { "strahler_order": 1, "longueur_km": 0.10472044486564631 }, "geometry": { "type": "LineString", "coordinates": [ [ 2.150139, 7.19125 ], [ 2.150417, 7.190972 ], [ 2.150694, 7.190972 ], [ 2.150972, 7.190972 ] ] } },
{ "type": "Feature", "properties": { "strahler_order": 1, "longueur_km": 0.91285506675708872 }, "geometry": { "type": "LineString", "coordinates": [ [ 2.150972, 7.190972 ], [ 2.15125, 7.190694 ], [ 2.15125, 7.190417 ], [ 2.15125, 7.190139 ], [ 2.150972, 7.189861 ], [ 2.150972, 7.189583 ], [ 2.150972, 7.189306 ], [ 2.150972, 7.189028 ], [ 2.15125, 7.18875 ], [ 2.151528, 7.188472 ], [ 2.151528, 7.188194 ], [ 2.151528, 7.187917 ], [ 2.151528, 7.187639 ], [ 2.151806, 7.187361 ], [ 2.151806, 7.187083 ], [ 2.151528, 7.186806 ], [ 2.15125, 7.186528 ], [ 2.15125, 7.18625 ], [ 2.15125, 7.185972 ], [ 2.15125, 7.185694 ], [ 2.151528, 7.185417 ], [ 2.151528, 7.185139 ], [ 2.151528, 7.184861 ], [ 2.151806, 7.184583 ], [ 2.151806, 7.184306 ], [ 2.151806, 7.184028 ], [ 2.151806, 7.18375 ] ] } },
{ "type": "Feature", "properties": { "strahler_order": 1, "longueur_km": 2.3768184468899953 }, "geometry": { "type": "LineString", "coordinates": [ [ 2.151806, 7.18375 ], [ 2.152083, 7.183472 ], [ 2.152361, 7.183194 ], [ 2.152639, 7.183194 ], [ 2.152917, 7.182917 ], [ 2.153194, 7.182639 ], [ 2.153472, 7.182639 ], [ 2.15375, 7.182639 ], [ 2.154028, 7.182639 ], [ 2.154306, 7.182361 ], [ 2.154306, 7.182083 ], [ 2.154306, 7.181806 ], [ 2.154583, 7.181528 ], [ 2.154583, 7.18125 ], [ 2.154583, 7.180972 ], [ 2.154583, 7.180694 ], [ 2.154861, 7.180417 ], [ 2.155139, 7.180139 ], [ 2.155417, 7.179861 ], [ 2.155417, 7.179583 ], [ 2.155417, 7.179306 ], [ 2.155417, 7.179028 ], [ 2.155417, 7.17875 ], [ 2.155417, 7.178472 ], [ 2.155694, 7.178194 ], [ 2.155972, 7.177917 ], [ 2.155972, 7.177639 ], [ 2.155972, 7.177361 ], [ 2.155972, 7.177083 ], [ 2.155972, 7.176806 ], [ 2.155972, 7.176528 ], [ 2.155972, 7.17625 ], [ 2.155972, 7.175972 ], [ 2.15625, 7.175694 ], [ 2.156528, 7.175417 ], [ 2.156806, 7.175139 ], [ 2.157083, 7.174861 ], [ 2.157361, 7.174583 ], [ 2.157361, 7.174306 ], [ 2.157361, 7.174028 ], [ 2.157639, 7.174028 ], [ 2.157917, 7.174028 ], [ 2.157917, 7.17375 ], [ 2.157917, 7.173472 ], [ 2.157639, 7.173194 ], [ 2.157639, 7.172917 ], [ 2.157917, 7.172639 ], [ 2.158194, 7.172361 ], [ 2.158194, 7.172083 ], [ 2.158472, 7.171806 ], [ 2.15875, 7.171528 ], [ 2.159028, 7.17125 ], [ 2.159306, 7.170972 ], [ 2.159306, 7.170694 ], [ 2.159306, 7.170417 ], [ 2.159306, 7.170139 ], [ 2.159306, 7.169861 ], [ 2.159306, 7.169583 ], [ 2.159583, 7.169306 ], [ 2.159861, 7.169028 ], [ 2.160139, 7.16875 ], [ 2.160417, 7.16875 ], [ 2.160694, 7.168472 ], [ 2.160972, 7.168194 ], [ 2.16125, 7.167917 ], [ 2.161528, 7.167639 ] ] } },
{ "type": "Feature", "properties": { "strahler_order": 1, "longueur_km": 3.4680491061193943 }, "geometry": { "type": "LineString", "coordinates": [ [ 2.028472, 7.190139 ], [ 2.028194, 7.189861 ], [ 2.027917, 7.189583 ], [ 2.028194, 7.189306 ], [ 2.028472, 7.189028 ], [ 2.02875, 7.18875 ], [ 2.02875, 7.188472 ], [ 2.028472, 7.188194 ], [ 2.02875, 7.187917 ], [ 2.02875, 7.187639 ], [ 2.02875, 7.187361 ], [ 2.02875, 7.187083 ], [ 2.02875, 7.186806 ], [ 2.028472, 7.186528 ], [ 2.02875, 7.18625 ], [ 2.029028, 7.185972 ], [ 2.029306, 7.185694 ], [ 2.029583, 7.185417 ], [ 2.029583, 7.185139 ], [ 2.029583, 7.184861 ], [ 2.029583, 7.184583 ], [ 2.029583, 7.184306 ], [ 2.029583, 7.184028 ], [ 2.029583, 7.18375 ], [ 2.029583, 7.183472 ], [ 2.029583, 7.183194 ], [ 2.029583, 7.182917 ], [ 2.029861, 7.182639 ], [ 2.029861, 7.182361 ], [ 2.029861, 7.182083 ], [ 2.030139, 7.181806 ], [ 2.030417, 7.181528 ], [ 2.030694, 7.18125 ], [ 2.030694, 7.180972 ], [ 2.030694, 7.180694 ], [ 2.030694, 7.180417 ], [ 2.030694, 7.180139 ], [ 2.030694, 7.179861 ], [ 2.030694, 7.179583 ], [ 2.030694, 7.179306 ], [ 2.030694, 7.179028 ], [ 2.030972, 7.17875 ], [ 2.03125, 7.178472 ], [ 2.031528, 7.178194 ], [ 2.031528, 7.177917 ], [ 2.031528, 7.177639 ], [ 2.031806, 7.177361 ], [ 2.032083, 7.177361 ], [ 2.032361, 7.177361 ], [ 2.032639, 7.177361 ], [ 2.032917, 7.177361 ], [ 2.033194, 7.177361 ], [ 2.033472, 7.177361 ], [ 2.033472, 7.177083 ], [ 2.033472, 7.176806 ], [ 2.033472, 7.176528 ], [ 2.03375, 7.17625 ], [ 2.034028, 7.17625 ], [ 2.034306, 7.17625 ], [ 2.034583, 7.17625 ], [ 2.034861, 7.176528 ], [ 2.035139, 7.176528 ], [ 2.035417, 7.176528 ], [ 2.035694, 7.176528 ], [ 2.035972, 7.17625 ], [ 2.03625, 7.17625 ], [ 2.036528, 7.17625 ], [ 2.036806, 7.176528 ], [ 2.037083, 7.176528 ], [ 2.037361, 7.17625 ], [ 2.037639, 7.17625 ], [ 2.037917, 7.17625 ], [ 2.038194, 7.175972 ], [ 2.038472, 7.175694 ], [ 2.03875, 7.175417 ], [ 2.039028, 7.175139 ], [ 2.039306, 7.174861 ], [ 2.039583, 7.174583 ], [ 2.039861, 7.174306 ], [ 2.039861, 7.174028 ], [ 2.039861, 7.17375 ], [ 2.039861, 7.173472 ], [ 2.040139, 7.173194 ], [ 2.040417, 7.172917 ], [ 2.040694, 7.172639 ], [ 2.040972, 7.172361 ], [ 2.04125, 7.172083 ], [ 2.04125, 7.171806 ], [ 2.041528, 7.171528 ], [ 2.041806, 7.17125 ], [ 2.042083, 7.171528 ], [ 2.042361, 7.171528 ], [ 2.042639, 7.171528 ], [ 2.042917, 7.171528 ], [ 2.043194, 7.171528 ], [ 2.043472, 7.17125 ], [ 2.043472, 7.170972 ] ] } },
{ "type": "Feature", "properties": { "strahler_order": 1, "longueur_km": 3.71028050894268 }, "geometry": { "type": "LineString", "coordinates": [ [ 1.980139, 7.189861 ], [ 1.980139, 7.189583 ], [ 1.980417, 7.189306 ], [ 1.980694, 7.189028 ], [ 1.980972, 7.18875 ], [ 1.980972, 7.188472 ], [ 1.980694, 7.188194 ], [ 1.980417, 7.187917 ], [ 1.980139, 7.187917 ], [ 1.979861, 7.187639 ], [ 1.979861, 7.187361 ], [ 1.979861, 7.187083 ], [ 1.979861, 7.186806 ], [ 1.979861, 7.186528 ], [ 1.980139, 7.18625 ], [ 1.980139, 7.185972 ], [ 1.980139, 7.185694 ], [ 1.980139, 7.185417 ], [ 1.980417, 7.185139 ], [ 1.980694, 7.185139 ], [ 1.980972, 7.185139 ], [ 1.98125, 7.185139 ], [ 1.981528, 7.185417 ], [ 1.981806, 7.185694 ], [ 1.982083, 7.185972 ], [ 1.982361, 7.185972 ], [ 1.982639, 7.185694 ], [ 1.982639, 7.185417 ], [ 1.982639, 7.185139 ], [ 1.982639, 7.184861 ], [ 1.982639, 7.184583 ], [ 1.982639, 7.184306 ], [ 1.982639, 7.184028 ], [ 1.982639, 7.18375 ], [ 1.982917, 7.183472 ], [ 1.982917, 7.183194 ], [ 1.982917, 7.182917 ], [ 1.983194, 7.182639 ], [ 1.983472, 7.182361 ], [ 1.98375, 7.182083 ], [ 1.984028, 7.181806 ], [ 1.984306, 7.181806 ], [ 1.984583, 7.181806 ], [ 1.984861, 7.182083 ], [ 1.985139, 7.182361 ], [ 1.985417, 7.182361 ], [ 1.985694, 7.182083 ], [ 1.985972, 7.181806 ], [ 1.985972, 7.181528 ], [ 1.98625, 7.18125 ], [ 1.986528, 7.181528 ], [ 1.986806, 7.181806 ], [ 1.987083, 7.182083 ], [ 1.987361, 7.182083 ], [ 1.987639, 7.181806 ], [ 1.987917, 7.181528 ], [ 1.988194, 7.18125 ], [ 1.988472, 7.18125 ], [ 1.98875, 7.18125 ], [ 1.989028, 7.18125 ], [ 1.989306, 7.18125 ], [ 1.989583, 7.181528 ], [ 1.989861, 7.181806 ], [ 1.990139, 7.181806 ], [ 1.990417, 7.181528 ], [ 1.990694, 7.181528 ], [ 1.990972, 7.181528 ], [ 1.99125, 7.18125 ], [ 1.991528, 7.180972 ], [ 1.991806, 7.180694 ], [ 1.992083, 7.180417 ], [ 1.992361, 7.180417 ], [ 1.992639, 7.180139 ], [ 1.992917, 7.180139 ], [ 1.993194, 7.180139 ], [ 1.993472, 7.179861 ], [ 1.99375, 7.179583 ], [ 1.994028, 7.179306 ], [ 1.994028, 7.179028 ], [ 1.994028, 7.17875 ], [ 1.994306, 7.17875 ], [ 1.994583, 7.178472 ], [ 1.994861, 7.178194 ], [ 1.995139, 7.177917 ], [ 1.995417, 7.177917 ], [ 1.995694, 7.177639 ], [ 1.995972, 7.177639 ], [ 1.99625, 7.177639 ], [ 1.996528, 7.177361 ], [ 1.996806, 7.177083 ], [ 1.997083, 7.176806 ], [ 1.997083, 7.176528 ], [ 1.997083, 7.17625 ], [ 1.997361, 7.175972 ], [ 1.997361, 7.175694 ], [ 1.997083, 7.175417 ], [ 1.997083, 7.175139 ], [ 1.997083, 7.174861 ], [ 1.997083, 7.174583 ], [ 1.997083, 7.174306 ], [ 1.997083, 7.174028 ], [ 1.997083, 7.17375 ] ] } },
{ "type": "Feature", "properties": { "strahler_order": 1, "longueur_km": 4.756525110320716 }, "geometry": { "type": "LineString", "coordinates": [ [ 2.13875, 7.189861 ], [ 2.139028, 7.189861 ], [ 2.139306, 7.189861 ], [ 2.139583, 7.189583 ], [ 2.139861, 7.189583 ], [ 2.140139, 7.189583 ], [ 2.140417, 7.189583 ], [ 2.140694, 7.189583 ], [ 2.140972, 7.189861 ], [ 2.14125, 7.190139 ], [ 2.141528, 7.190139 ], [ 2.141806, 7.189861 ], [ 2.141806, 7.189583 ], [ 2.142083, 7.189306 ], [ 2.142083, 7.189028 ], [ 2.142083, 7.18875 ], [ 2.142083, 7.188472 ], [ 2.142361, 7.188194 ], [ 2.142361, 7.187917 ], [ 2.142361, 7.187639 ], [ 2.142639, 7.187361 ], [ 2.142917, 7.187083 ], [ 2.142917, 7.186806 ], [ 2.142917, 7.186528 ], [ 2.142917, 7.18625 ], [ 2.142917, 7.185972 ], [ 2.143194, 7.185694 ], [ 2.143194, 7.185417 ], [ 2.143194, 7.185139 ], [ 2.143194, 7.184861 ], [ 2.143194, 7.184583 ], [ 2.143194, 7.184306 ], [ 2.143472, 7.184028 ], [ 2.143472, 7.18375 ], [ 2.143472, 7.183472 ], [ 2.143472, 7.183194 ], [ 2.143472, 7.182917 ], [ 2.143472, 7.182639 ], [ 2.143472, 7.182361 ], [ 2.143194, 7.182083 ], [ 2.143472, 7.181806 ], [ 2.14375, 7.181806 ], [ 2.144028, 7.181806 ], [ 2.144028, 7.181528 ], [ 2.144306, 7.18125 ], [ 2.144583, 7.180972 ], [ 2.144861, 7.180694 ], [ 2.145139, 7.180694 ], [ 2.145417, 7.180694 ], [ 2.145694, 7.180417 ], [ 2.145972, 7.180417 ], [ 2.14625, 7.180139 ], [ 2.14625, 7.179861 ], [ 2.14625, 7.179583 ], [ 2.14625, 7.179306 ], [ 2.146528, 7.179028 ], [ 2.146806, 7.17875 ], [ 2.147083, 7.178472 ], [ 2.147361, 7.178472 ], [ 2.147639, 7.178472 ], [ 2.147917, 7.178472 ], [ 2.148194, 7.178472 ], [ 2.148472, 7.178472 ], [ 2.14875, 7.178194 ], [ 2.149028, 7.177917 ], [ 2.149306, 7.177639 ], [ 2.149306, 7.177361 ], [ 2.149306, 7.177083 ], [ 2.149306, 7.176806 ], [ 2.149306, 7.176528 ], [ 2.149583, 7.176528 ], [ 2.149861, 7.176528 ], [ 2.150139, 7.176528 ], [ 2.150139, 7.17625 ], [ 2.150139, 7.175972 ], [ 2.150139, 7.175694 ], [ 2.150417, 7.175417 ], [ 2.150417, 7.175139 ], [ 2.150139, 7.174861 ], [ 2.149861, 7.174583 ], [ 2.150139, 7.174306 ], [ 2.150417, 7.174028 ], [ 2.150694, 7.17375 ], [ 2.150972, 7.173472 ], [ 2.15125, 7.173194 ], [ 2.151528, 7.173194 ], [ 2.151806, 7.173194 ], [ 2.152083, 7.173194 ], [ 2.152361, 7.173194 ], [ 2.152639, 7.172917 ], [ 2.152917, 7.172639 ], [ 2.152917, 7.172361 ], [ 2.152917, 7.172083 ], [ 2.153194, 7.171806 ], [ 2.153194, 7.171528 ], [ 2.153472, 7.17125 ], [ 2.153194, 7.170972 ], [ 2.152917, 7.170694 ], [ 2.152639, 7.170417 ], [ 2.152361, 7.170139 ], [ 2.152083, 7.169861 ], [ 2.152083, 7.169583 ], [ 2.152083, 7.169306 ], [ 2.152361, 7.169028 ], [ 2.152639, 7.169028 ], [ 2.152917, 7.16875 ], [ 2.153194, 7.168472 ], [ 2.153472, 7.168472 ], [ 2.153472, 7.168194 ], [ 2.153472, 7.167917 ], [ 2.153472, 7.167639 ], [ 2.15375, 7.167361 ], [ 2.15375, 7.167083 ], [ 2.154028, 7.166806 ], [ 2.154028, 7.166528 ], [ 2.154306, 7.16625 ], [ 2.154306, 7.165972 ], [ 2.154306, 7.165694 ], [ 2.154028, 7.165417 ], [ 2.154028, 7.165139 ], [ 2.154028, 7.164861 ], [ 2.154028, 7.164583 ], [ 2.154306, 7.164306 ], [ 2.154583, 7.164306 ], [ 2.154861, 7.164028 ], [ 2.155139, 7.16375 ], [ 2.155417, 7.163472 ], [ 2.155694, 7.163194 ], [ 2.155694, 7.162917 ], [ 2.155694, 7.162639 ], [ 2.155694, 7.162361 ], [ 2.155694, 7.162083 ], [ 2.155694, 7.161806 ], [ 2.155972, 7.161528 ] ] } },
{ "type": "Feature", "properties": { "strahler_order": 1, "longueur_km": 0.42136895509197125 }, "geometry": { "type": "LineString", "coordinates": [ [ 2.182639, 7.189861 ], [ 2.182917, 7.189583 ], [ 2.183194, 7.189306 ], [ 2.183472, 7.189028 ], [ 2.18375, 7.18875 ], [ 2.184028, 7.188472 ], [ 2.184306, 7.188194 ], [ 2.184583, 7.187917 ], [ 2.184583, 7.187639 ], [ 2.184861, 7.187361 ], [ 2.185139, 7.187083 ] ] } },
{ "type": "Feature", "properties": { "strahler_order": 1, "longueur_km": 0.52397997515793149 }, "geometry": { "type": "LineString", "coordinates": [ [ 2.185139, 7.187083 ], [ 2.185139, 7.186806 ], [ 2.185417, 7.186528 ], [ 2.185417, 7.18625 ], [ 2.185417, 7.185972 ], [ 2.185694, 7.185694 ], [ 2.185694, 7.185417 ], [ 2.185694, 7.185139 ], [ 2.185694, 7.184861 ], [ 2.185694, 7.184583 ], [ 2.185694, 7.184306 ], [ 2.185417, 7.184028 ], [ 2.185139, 7.18375 ], [ 2.185139, 7.183472 ], [ 2.185139, 7.183194 ], [ 2.184861, 7.182917 ] ] } },
{ "type": "Feature", "properties": { "strahler_order": 1, "longueur_km": 0.67762644897900581 }, "geometry": { "type": "LineString", "coordinates": [ [ 2.184861, 7.182917 ], [ 2.184583, 7.182639 ], [ 2.184583, 7.182361 ], [ 2.184583, 7.182083 ], [ 2.184583, 7.181806 ], [ 2.184583, 7.181528 ], [ 2.184583, 7.18125 ], [ 2.184583, 7.180972 ], [ 2.184583, 7.180694 ], [ 2.184583, 7.180417 ], [ 2.184861, 7.180139 ], [ 2.185139, 7.179861 ], [ 2.185139, 7.179583 ], [ 2.185139, 7.179306 ], [ 2.185139, 7.179028 ], [ 2.185417, 7.17875 ], [ 2.185694, 7.17875 ], [ 2.185972, 7.17875 ], [ 2.18625, 7.17875 ], [ 2.186528, 7.17875 ], [ 2.186806, 7.178472 ] ] } },
{ "type": "Feature", "properties": { "strahler_order": 1, "longueur_km": 0.092094241758602619 }, "geometry": { "type": "LineString", "coordinates": [ [ 1.935417, 7.189583 ], [ 1.935139, 7.189583 ], [ 1.934861, 7.189583 ], [ 1.934583, 7.189583 ] ] } },
{ "type": "Feature", "properties": { "strahler_order": 1, "longueur_km": 1.9141690446514166 }, "geometry": { "type": "LineString", "coordinates": [ [ 2.16125, 7.189583 ], [ 2.161528, 7.189306 ], [ 2.161806, 7.189306 ], [ 2.161806, 7.189028 ], [ 2.162083, 7.18875 ], [ 2.162361, 7.188472 ], [ 2.162361, 7.188194 ], [ 2.162639, 7.187917 ], [ 2.162639, 7.187639 ], [ 2.162639, 7.187361 ], [ 2.162917, 7.187361 ], [ 2.163194, 7.187361 ], [ 2.163472, 7.187361 ], [ 2.16375, 7.187361 ], [ 2.164028, 7.187083 ], [ 2.164306, 7.186806 ], [ 2.164583, 7.186528 ], [ 2.164861, 7.18625 ], [ 2.165139, 7.18625 ], [ 2.165139, 7.185972 ], [ 2.165139, 7.185694 ], [ 2.165139, 7.185417 ], [ 2.165139, 7.185139 ], [ 2.165139, 7.184861 ], [ 2.165139, 7.184583 ], [ 2.164861, 7.184306 ], [ 2.165139, 7.184028 ], [ 2.165417, 7.18375 ], [ 2.165694, 7.183472 ], [ 2.165972, 7.183194 ], [ 2.165694, 7.182917 ], [ 2.165694, 7.182639 ], [ 2.165972, 7.182361 ], [ 2.16625, 7.182083 ], [ 2.166528, 7.181806 ], [ 2.166806, 7.181528 ], [ 2.166806, 7.18125 ], [ 2.166806, 7.180972 ], [ 2.166806, 7.180694 ], [ 2.167083, 7.180694 ], [ 2.167361, 7.180417 ], [ 2.167639, 7.180139 ], [ 2.167917, 7.179861 ], [ 2.167917, 7.179583 ], [ 2.168194, 7.179306 ], [ 2.168194, 7.179028 ], [ 2.168194, 7.17875 ], [ 2.168472, 7.178472 ], [ 2.16875, 7.178472 ], [ 2.169028, 7.178194 ], [ 2.169306, 7.177917 ], [ 2.169306, 7.177639 ], [ 2.169306, 7.177361 ] ] } },
{ "type": "Feature", "properties": { "strahler_order": 1, "longueur_km": 2.205121200930789 }, "geometry": { "type": "LineString", "coordinates": [ [ 2.157361, 7.189306 ], [ 2.157639, 7.189028 ], [ 2.157917, 7.18875 ], [ 2.157639, 7.188472 ], [ 2.157917, 7.188194 ], [ 2.158194, 7.187917 ], [ 2.158472, 7.187917 ], [ 2.15875, 7.187639 ], [ 2.15875, 7.187361 ], [ 2.15875, 7.187083 ], [ 2.159028, 7.186806 ], [ 2.159028, 7.186528 ], [ 2.159306, 7.18625 ], [ 2.159306, 7.185972 ], [ 2.159583, 7.185694 ], [ 2.159861, 7.185417 ], [ 2.160139, 7.185417 ], [ 2.160417, 7.185139 ], [ 2.160694, 7.184861 ], [ 2.160972, 7.184583 ], [ 2.16125, 7.184583 ], [ 2.161528, 7.184583 ], [ 2.161806, 7.184583 ], [ 2.162083, 7.184306 ], [ 2.162361, 7.184028 ], [ 2.162639, 7.18375 ], [ 2.162917, 7.183472 ], [ 2.163194, 7.183194 ], [ 2.163472, 7.183194 ], [ 2.16375, 7.182917 ], [ 2.16375, 7.182639 ], [ 2.16375, 7.182361 ], [ 2.16375, 7.182083 ], [ 2.16375, 7.181806 ], [ 2.164028, 7.181528 ], [ 2.164028, 7.18125 ], [ 2.164028, 7.180972 ], [ 2.164028, 7.180694 ], [ 2.164028, 7.180417 ], [ 2.164306, 7.180139 ], [ 2.164583, 7.179861 ], [ 2.164861, 7.179583 ], [ 2.165139, 7.179306 ], [ 2.165139, 7.179028 ], [ 2.165139, 7.17875 ], [ 2.165417, 7.17875 ], [ 2.165694, 7.17875 ], [ 2.165972, 7.17875 ], [ 2.16625, 7.178472 ], [ 2.166528, 7.178194 ], [ 2.166806, 7.178194 ], [ 2.167083, 7.178194 ], [ 2.167361, 7.177917 ], [ 2.167639, 7.177639 ], [ 2.167917, 7.177361 ], [ 2.168194, 7.177083 ], [ 2.168472, 7.177083 ], [ 2.16875, 7.177361 ], [ 2.169028, 7.177361 ], [ 2.169306, 7.177361 ] ] } },
{ "type": "Feature", "properties": { "strahler_order": 1, "longueur_km": 1.2187242617545049 }, "geometry": { "type": "LineString", "coordinates": [ [ 2.169306, 7.177361 ], [ 2.169583, 7.177361 ], [ 2.169861, 7.177361 ], [ 2.170139, 7.177361 ], [ 2.170417, 7.177361 ], [ 2.170694, 7.177361 ], [ 2.170972, 7.177361 ], [ 2.17125, 7.177083 ], [ 2.171528, 7.176806 ], [ 2.171806, 7.176528 ], [ 2.172083, 7.176528 ], [ 2.172361, 7.176528 ], [ 2.172639, 7.176528 ], [ 2.172917, 7.176528 ], [ 2.173194, 7.176528 ], [ 2.173472, 7.176806 ], [ 2.17375, 7.177083 ], [ 2.17375, 7.177361 ], [ 2.174028, 7.177361 ], [ 2.174306, 7.177361 ], [ 2.174583, 7.177361 ], [ 2.174861, 7.177639 ], [ 2.174861, 7.177917 ], [ 2.175139, 7.178194 ], [ 2.175417, 7.178472 ], [ 2.175694, 7.178472 ], [ 2.175972, 7.178472 ], [ 2.17625, 7.178472 ], [ 2.176528, 7.178472 ], [ 2.176806, 7.178472 ], [ 2.177083, 7.178472 ], [ 2.177361, 7.178472 ], [ 2.177639, 7.178472 ], [ 2.177917, 7.178472 ], [ 2.178194, 7.178472 ], [ 2.178472, 7.178472 ], [ 2.17875, 7.17875 ] ] } },
{ "type": "Feature", "properties": { "strahler_order": 1, "longueur_km": 0.46238248951150662 }, "geometry": { "type": "LineString", "coordinates": [ [ 1.945694, 7.187639 ], [ 1.945417, 7.187639 ], [ 1.945139, 7.187639 ], [ 1.944861, 7.187639 ], [ 1.944583, 7.187917 ], [ 1.944306, 7.187917 ], [ 1.944028, 7.187917 ], [ 1.94375, 7.188194 ], [ 1.943472, 7.188194 ], [ 1.943194, 7.188472 ], [ 1.942917, 7.188472 ], [ 1.942639, 7.188472 ], [ 1.942361, 7.18875 ], [ 1.942083, 7.189028 ] ] } },
{ "type": "Feature", "properties": { "strahler_order": 1, "longueur_km": 0.29629173192708325 }, "geometry": { "type": "LineString", "coordinates": [ [ 1.942083, 7.189028 ], [ 1.941806, 7.18875 ], [ 1.941528, 7.188472 ], [ 1.94125, 7.188194 ], [ 1.940972, 7.188194 ], [ 1.940694, 7.188194 ], [ 1.940417, 7.188194 ], [ 1.940139, 7.188194 ], [ 1.939861, 7.187917 ] ] } },
{ "type": "Feature", "properties": { "strahler_order": 1, "longueur_km": 1.3050514532255324 }, "geometry": { "type": "LineString", "coordinates": [ [ 2.080139, 7.18625 ], [ 2.080417, 7.185972 ], [ 2.080694, 7.185694 ], [ 2.080972, 7.185694 ], [ 2.08125, 7.185694 ], [ 2.081528, 7.185972 ], [ 2.081806, 7.185972 ], [ 2.082083, 7.185972 ], [ 2.082361, 7.185694 ], [ 2.082639, 7.185417 ], [ 2.082917, 7.185139 ], [ 2.083194, 7.185139 ], [ 2.083472, 7.185417 ], [ 2.08375, 7.185694 ], [ 2.084028, 7.185694 ], [ 2.084306, 7.185417 ], [ 2.084583, 7.185139 ], [ 2.084861, 7.184861 ], [ 2.085139, 7.184583 ], [ 2.085417, 7.184306 ], [ 2.085694, 7.184028 ], [ 2.085972, 7.18375 ], [ 2.085972, 7.183472 ], [ 2.08625, 7.183194 ], [ 2.08625, 7.182917 ], [ 2.086528, 7.182639 ], [ 2.086806, 7.182361 ], [ 2.087083, 7.182083 ], [ 2.087361, 7.182083 ], [ 2.087639, 7.182361 ], [ 2.087917, 7.182639 ], [ 2.088194, 7.182917 ], [ 2.088472, 7.183194 ], [ 2.08875, 7.183194 ] ] } },
{ "type": "Feature", "properties": { "strahler_order": 1, "longueur_km": 1.062674258645113 }, "geometry": { "type": "LineString", "coordinates": [ [ 2.08875, 7.183194 ], [ 2.089028, 7.183194 ], [ 2.089306, 7.183194 ], [ 2.089583, 7.182917 ], [ 2.089861, 7.182917 ], [ 2.090139, 7.182917 ], [ 2.090417, 7.182639 ], [ 2.090694, 7.182361 ], [ 2.090694, 7.182083 ], [ 2.090972, 7.181806 ], [ 2.09125, 7.181528 ], [ 2.091528, 7.181528 ], [ 2.091806, 7.181806 ], [ 2.092083, 7.181806 ], [ 2.092361, 7.181806 ], [ 2.092639, 7.181528 ], [ 2.092917, 7.18125 ], [ 2.093194, 7.180972 ], [ 2.093194, 7.180694 ], [ 2.093194, 7.180417 ], [ 2.093194, 7.180139 ], [ 2.092917, 7.179861 ], [ 2.092639, 7.179583 ], [ 2.092361, 7.179306 ], [ 2.092639, 7.179028 ], [ 2.092917, 7.17875 ], [ 2.092917, 7.178472 ], [ 2.093194, 7.178194 ], [ 2.093472, 7.177917 ] ] } },
{ "type": "Feature", "properties": { "strahler_order": 1, "longueur_km": 2.0234127246316747 }, "geometry": { "type": "LineString", "coordinates": [ [ 2.091528, 7.18625 ], [ 2.091806, 7.185972 ], [ 2.092083, 7.185694 ], [ 2.092361, 7.185417 ], [ 2.092639, 7.185139 ], [ 2.092917, 7.185139 ], [ 2.093194, 7.185417 ], [ 2.093472, 7.185417 ], [ 2.09375, 7.185694 ], [ 2.094028, 7.185972 ], [ 2.094306, 7.18625 ], [ 2.094583, 7.18625 ], [ 2.094861, 7.186528 ], [ 2.095139, 7.186806 ], [ 2.095417, 7.186806 ], [ 2.095694, 7.186806 ], [ 2.095972, 7.186528 ], [ 2.09625, 7.186528 ], [ 2.096528, 7.186806 ], [ 2.096806, 7.186806 ], [ 2.097083, 7.187083 ], [ 2.097361, 7.187083 ], [ 2.097639, 7.186806 ], [ 2.097917, 7.186528 ], [ 2.098194, 7.186528 ], [ 2.098472, 7.18625 ], [ 2.09875, 7.185972 ], [ 2.099028, 7.185972 ], [ 2.099306, 7.185972 ], [ 2.099583, 7.18625 ], [ 2.099861, 7.18625 ], [ 2.100139, 7.18625 ], [ 2.100417, 7.186528 ], [ 2.100694, 7.186528 ], [ 2.100972, 7.18625 ], [ 2.10125, 7.18625 ], [ 2.10125, 7.185972 ], [ 2.10125, 7.185694 ], [ 2.101528, 7.185417 ], [ 2.101806, 7.185139 ], [ 2.101806, 7.184861 ], [ 2.101806, 7.184583 ], [ 2.102083, 7.184306 ], [ 2.102083, 7.184028 ], [ 2.102361, 7.184028 ], [ 2.102639, 7.184028 ], [ 2.102917, 7.184028 ], [ 2.103194, 7.184028 ], [ 2.103472, 7.184028 ], [ 2.10375, 7.184028 ], [ 2.104028, 7.184028 ], [ 2.104306, 7.18375 ], [ 2.104583, 7.18375 ], [ 2.104861, 7.18375 ], [ 2.105139, 7.18375 ], [ 2.105417, 7.18375 ], [ 2.105694, 7.18375 ] ] } },
{ "type": "Feature", "properties": { "strahler_order": 1, "longueur_km": 1.4366858622432348 }, "geometry": { "type": "LineString", "coordinates": [ [ 2.105694, 7.18375 ], [ 2.105972, 7.183472 ], [ 2.105972, 7.183194 ], [ 2.105972, 7.182917 ], [ 2.10625, 7.182639 ], [ 2.10625, 7.182361 ], [ 2.106528, 7.182083 ], [ 2.106528, 7.181806 ], [ 2.106806, 7.181528 ], [ 2.106806, 7.18125 ], [ 2.106806, 7.180972 ], [ 2.107083, 7.180694 ], [ 2.107361, 7.180694 ], [ 2.107639, 7.180694 ], [ 2.107917, 7.180417 ], [ 2.108194, 7.180139 ], [ 2.108194, 7.179861 ], [ 2.108194, 7.179583 ], [ 2.108472, 7.179306 ], [ 2.108472, 7.179028 ], [ 2.10875, 7.179028 ], [ 2.109028, 7.179028 ], [ 2.109306, 7.179028 ], [ 2.109583, 7.17875 ], [ 2.109861, 7.178472 ], [ 2.110139, 7.178194 ], [ 2.110417, 7.177917 ], [ 2.110417, 7.177639 ], [ 2.110417, 7.177361 ], [ 2.110417, 7.177083 ], [ 2.110694, 7.176806 ], [ 2.110694, 7.176528 ], [ 2.110694, 7.17625 ], [ 2.110694, 7.175972 ], [ 2.110694, 7.175694 ], [ 2.110694, 7.175417 ], [ 2.110417, 7.175139 ], [ 2.110417, 7.174861 ], [ 2.110417, 7.174583 ], [ 2.110417, 7.174306 ], [ 2.110417, 7.174028 ], [ 2.110417, 7.17375 ] ] } },
{ "type": "Feature", "properties": { "strahler_order": 1, "longueur_km": 0.81506151900340917 }, "geometry": { "type": "LineString", "coordinates": [ [ 1.89625, 7.185972 ], [ 1.895972, 7.185972 ], [ 1.895694, 7.185694 ], [ 1.895417, 7.185972 ], [ 1.895417, 7.18625 ], [ 1.895417, 7.186528 ], [ 1.895417, 7.186806 ], [ 1.895139, 7.187083 ], [ 1.894861, 7.187361 ], [ 1.894583, 7.187639 ], [ 1.894306, 7.187917 ], [ 1.894306, 7.188194 ], [ 1.894306, 7.188472 ], [ 1.894583, 7.18875 ], [ 1.894861, 7.189028 ], [ 1.894861, 7.189306 ], [ 1.894583, 7.189583 ], [ 1.894306, 7.189583 ], [ 1.894028, 7.189861 ], [ 1.89375, 7.190139 ], [ 1.893472, 7.190139 ], [ 1.893194, 7.190139 ], [ 1.892917, 7.190139 ] ] } },
{ "type": "Feature", "properties": { "strahler_order": 1, "longueur_km": 5.8137417374058469 }, "geometry": { "type": "LineString", "coordinates": [ [ 2.075139, 7.185139 ], [ 2.075417, 7.185139 ], [ 2.075694, 7.184861 ], [ 2.075972, 7.184583 ], [ 2.07625, 7.184306 ], [ 2.07625, 7.184028 ], [ 2.076528, 7.18375 ], [ 2.076528, 7.183472 ], [ 2.076528, 7.183194 ], [ 2.076528, 7.182917 ], [ 2.076528, 7.182639 ], [ 2.076528, 7.182361 ], [ 2.076528, 7.182083 ], [ 2.076528, 7.181806 ], [ 2.076806, 7.181806 ], [ 2.077083, 7.181528 ], [ 2.077361, 7.18125 ], [ 2.077639, 7.180972 ], [ 2.077639, 7.180694 ], [ 2.077917, 7.180417 ], [ 2.077917, 7.180139 ], [ 2.077639, 7.179861 ], [ 2.077639, 7.179583 ], [ 2.077361, 7.179306 ], [ 2.077361, 7.179028 ], [ 2.077361, 7.17875 ], [ 2.077361, 7.178472 ], [ 2.077361, 7.178194 ], [ 2.077361, 7.177917 ], [ 2.077361, 7.177639 ], [ 2.077361, 7.177361 ], [ 2.077361, 7.177083 ], [ 2.077639, 7.176806 ], [ 2.077917, 7.176528 ], [ 2.078194, 7.176528 ], [ 2.078472, 7.176528 ], [ 2.07875, 7.176528 ], [ 2.079028, 7.176528 ], [ 2.079306, 7.176806 ], [ 2.079583, 7.176806 ], [ 2.079861, 7.176528 ], [ 2.080139, 7.17625 ], [ 2.080417, 7.175972 ], [ 2.080694, 7.175694 ], [ 2.080972, 7.175417 ], [ 2.08125, 7.175417 ], [ 2.081528, 7.175417 ], [ 2.081806, 7.175694 ], [ 2.082083, 7.175417 ], [ 2.082361, 7.175139 ], [ 2.082639, 7.175139 ], [ 2.082917, 7.175139 ], [ 2.083194, 7.175139 ], [ 2.083194, 7.174861 ], [ 2.083194, 7.174583 ], [ 2.083472, 7.174306 ], [ 2.08375, 7.174028 ], [ 2.084028, 7.174028 ], [ 2.084306, 7.174028 ], [ 2.084583, 7.174028 ], [ 2.084861, 7.174028 ], [ 2.085139, 7.17375 ], [ 2.085417, 7.17375 ], [ 2.085694, 7.17375 ], [ 2.085972, 7.173472 ], [ 2.08625, 7.173472 ], [ 2.086528, 7.173472 ], [ 2.086806, 7.173472 ], [ 2.087083, 7.173194 ], [ 2.087083, 7.172917 ], [ 2.087083, 7.172639 ], [ 2.087083, 7.172361 ], [ 2.087361, 7.172361 ], [ 2.087639, 7.172361 ], [ 2.087917, 7.172361 ], [ 2.088194, 7.172639 ], [ 2.088194, 7.172917 ], [ 2.088472, 7.173194 ], [ 2.08875, 7.173194 ], [ 2.089028, 7.173194 ], [ 2.089306, 7.172917 ], [ 2.089583, 7.172917 ], [ 2.089861, 7.172639 ], [ 2.090139, 7.172361 ], [ 2.090417, 7.172083 ], [ 2.090694, 7.171806 ], [ 2.090972, 7.171528 ], [ 2.090972, 7.17125 ], [ 2.090972, 7.170972 ], [ 2.090972, 7.170694 ], [ 2.090972, 7.170417 ], [ 2.09125, 7.170139 ], [ 2.09125, 7.169861 ], [ 2.09125, 7.169583 ], [ 2.090972, 7.169306 ], [ 2.090972, 7.169028 ], [ 2.090972, 7.16875 ], [ 2.090972, 7.168472 ], [ 2.090972, 7.168194 ], [ 2.090972, 7.167917 ], [ 2.090972, 7.167639 ], [ 2.09125, 7.167361 ], [ 2.091528, 7.167083 ], [ 2.091806, 7.166806 ], [ 2.092083, 7.166528 ], [ 2.092361, 7.16625 ], [ 2.092639, 7.16625 ], [ 2.092917, 7.16625 ], [ 2.093194, 7.16625 ], [ 2.093194, 7.165972 ], [ 2.093194, 7.165694 ], [ 2.093472, 7.165417 ], [ 2.09375, 7.165139 ], [ 2.09375, 7.164861 ], [ 2.09375, 7.164583 ], [ 2.09375, 7.164306 ], [ 2.09375, 7.164028 ], [ 2.093472, 7.16375 ], [ 2.093194, 7.163472 ], [ 2.092917, 7.163194 ], [ 2.092639, 7.162917 ], [ 2.092361, 7.162639 ], [ 2.092083, 7.162361 ], [ 2.091806, 7.162361 ], [ 2.091528, 7.162083 ], [ 2.09125, 7.161806 ], [ 2.09125, 7.161528 ], [ 2.091528, 7.16125 ], [ 2.091806, 7.160972 ], [ 2.092083, 7.160972 ], [ 2.092361, 7.160694 ], [ 2.092639, 7.160417 ], [ 2.092639, 7.160139 ], [ 2.092917, 7.159861 ], [ 2.093194, 7.159583 ], [ 2.093194, 7.159306 ], [ 2.092917, 7.159028 ], [ 2.092639, 7.15875 ], [ 2.092917, 7.158472 ], [ 2.093194, 7.158472 ], [ 2.093472, 7.158194 ], [ 2.09375, 7.157917 ], [ 2.094028, 7.157639 ], [ 2.094028, 7.157361 ], [ 2.094306, 7.157083 ], [ 2.094306, 7.156806 ], [ 2.094306, 7.156528 ], [ 2.094028, 7.15625 ], [ 2.094028, 7.155972 ], [ 2.09375, 7.155694 ], [ 2.093472, 7.155417 ], [ 2.09375, 7.155139 ], [ 2.09375, 7.154861 ], [ 2.09375, 7.154583 ], [ 2.093472, 7.154306 ], [ 2.093194, 7.154028 ], [ 2.092917, 7.154028 ], [ 2.092639, 7.15375 ], [ 2.092639, 7.153472 ], [ 2.092639, 7.153194 ], [ 2.092639, 7.152917 ] ] } },
{ "type": "Feature", "properties": { "strahler_order": 1, "longueur_km": 1.5072022918658217 }, "geometry": { "type": "LineString", "coordinates": [ [ 2.177361, 7.184028 ], [ 2.177361, 7.18375 ], [ 2.177361, 7.183472 ], [ 2.177639, 7.183194 ], [ 2.177917, 7.183194 ], [ 2.178194, 7.183194 ], [ 2.178472, 7.182917 ], [ 2.17875, 7.182639 ], [ 2.178472, 7.182361 ], [ 2.178472, 7.182083 ], [ 2.17875, 7.181806 ], [ 2.179028, 7.181528 ], [ 2.179306, 7.18125 ], [ 2.179583, 7.180972 ], [ 2.179861, 7.180972 ], [ 2.180139, 7.180972 ], [ 2.180417, 7.180972 ], [ 2.180694, 7.180972 ], [ 2.180972, 7.180694 ], [ 2.18125, 7.180417 ], [ 2.181528, 7.180417 ], [ 2.181806, 7.180694 ], [ 2.182083, 7.180694 ], [ 2.182361, 7.180972 ], [ 2.182639, 7.180972 ], [ 2.182917, 7.180694 ], [ 2.183194, 7.180694 ], [ 2.183472, 7.180417 ], [ 2.18375, 7.180139 ], [ 2.18375, 7.179861 ], [ 2.184028, 7.179583 ], [ 2.184306, 7.179306 ], [ 2.184306, 7.179028 ], [ 2.184306, 7.17875 ], [ 2.184583, 7.178472 ], [ 2.184861, 7.178472 ], [ 2.185139, 7.178194 ], [ 2.185417, 7.177917 ], [ 2.185694, 7.177639 ], [ 2.185972, 7.177639 ], [ 2.18625, 7.177917 ] ] } },
{ "type": "Feature", "properties": { "strahler_order": 1, "longueur_km": 1.2287641959969109 }, "geometry": { "type": "LineString", "coordinates": [ [ 2.170972, 7.183194 ], [ 2.17125, 7.183194 ], [ 2.171528, 7.182917 ], [ 2.171528, 7.182639 ], [ 2.171806, 7.182639 ], [ 2.172083, 7.182639 ], [ 2.172361, 7.182639 ], [ 2.172639, 7.182639 ], [ 2.172917, 7.182917 ], [ 2.173194, 7.183194 ], [ 2.173472, 7.183194 ], [ 2.17375, 7.183194 ], [ 2.174028, 7.183472 ], [ 2.174306, 7.183472 ], [ 2.174583, 7.183472 ], [ 2.174861, 7.183472 ], [ 2.175139, 7.183194 ], [ 2.175139, 7.182917 ], [ 2.175417, 7.182639 ], [ 2.175694, 7.182361 ], [ 2.175972, 7.182083 ], [ 2.17625, 7.181806 ], [ 2.176528, 7.181528 ], [ 2.176528, 7.18125 ], [ 2.176528, 7.180972 ], [ 2.176806, 7.180694 ], [ 2.177083, 7.180417 ], [ 2.177361, 7.180139 ], [ 2.177639, 7.180139 ], [ 2.177917, 7.179861 ], [ 2.178194, 7.179583 ], [ 2.178472, 7.179306 ], [ 2.178472, 7.179028 ], [ 2.17875, 7.17875 ] ] } },
{ "type": "Feature", "properties": { "strahler_order": 1, "longueur_km": 0.84035972588858543 }, "geometry": { "type": "LineString", "coordinates": [ [ 2.17875, 7.17875 ], [ 2.179028, 7.178472 ], [ 2.179306, 7.178472 ], [ 2.179583, 7.17875 ], [ 2.179861, 7.17875 ], [ 2.180139, 7.17875 ], [ 2.180417, 7.17875 ], [ 2.180694, 7.178472 ], [ 2.180972, 7.178194 ], [ 2.18125, 7.177917 ], [ 2.181528, 7.177639 ], [ 2.181806, 7.177361 ], [ 2.182083, 7.177083 ], [ 2.182361, 7.176806 ], [ 2.182639, 7.176528 ], [ 2.182917, 7.176528 ], [ 2.182917, 7.17625 ], [ 2.183194, 7.175972 ], [ 2.183472, 7.175694 ], [ 2.18375, 7.175694 ], [ 2.184028, 7.175417 ], [ 2.184306, 7.175417 ], [ 2.184583, 7.175417 ] ] } },
{ "type": "Feature", "properties": { "strahler_order": 1, "longueur_km": 0.53690418576089527 }, "geometry": { "type": "LineString", "coordinates": [ [ 2.190694, 7.183194 ], [ 2.190972, 7.182917 ], [ 2.190972, 7.182639 ], [ 2.19125, 7.182361 ], [ 2.191528, 7.182083 ], [ 2.191528, 7.181806 ], [ 2.191528, 7.181528 ], [ 2.191528, 7.18125 ], [ 2.191528, 7.180972 ], [ 2.191528, 7.180694 ], [ 2.19125, 7.180417 ], [ 2.19125, 7.180139 ], [ 2.191528, 7.179861 ], [ 2.191528, 7.179583 ], [ 2.191806, 7.179306 ], [ 2.191806, 7.179028 ] ] } },
{ "type": "Feature", "properties": { "strahler_order": 1, "longueur_km": 0.13556632026571891 }, "geometry": { "type": "LineString", "coordinates": [ [ 2.191806, 7.179028 ], [ 2.191806, 7.17875 ], [ 2.191806, 7.178472 ], [ 2.191806, 7.178194 ], [ 2.191528, 7.177917 ] ] } },
{ "type": "Feature", "properties": { "strahler_order": 1, "longueur_km": 0.98854953757070829 }, "geometry": { "type": "LineString", "coordinates": [ [ 2.197083, 7.183194 ], [ 2.196806, 7.182917 ], [ 2.196806, 7.182639 ], [ 2.196528, 7.182361 ], [ 2.196528, 7.182083 ], [ 2.196806, 7.181806 ], [ 2.197083, 7.181528 ], [ 2.197361, 7.18125 ], [ 2.197639, 7.180972 ], [ 2.197917, 7.180694 ], [ 2.198194, 7.180417 ], [ 2.198472, 7.180417 ], [ 2.198472, 7.180139 ], [ 2.198472, 7.179861 ], [ 2.198472, 7.179583 ], [ 2.198472, 7.179306 ], [ 2.198194, 7.179028 ], [ 2.197917, 7.179028 ], [ 2.197639, 7.17875 ], [ 2.197639, 7.178472 ], [ 2.197361, 7.178194 ], [ 2.197083, 7.178194 ], [ 2.196806, 7.177917 ], [ 2.196806, 7.177639 ], [ 2.196528, 7.177361 ], [ 2.196806, 7.177083 ], [ 2.197083, 7.176806 ] ] } },
{ "type": "Feature", "properties": { "strahler_order": 1, "longueur_km": 0.88900130837938307 }, "geometry": { "type": "LineString", "coordinates": [ [ 2.035417, 7.182917 ], [ 2.035417, 7.182639 ], [ 2.035694, 7.182361 ], [ 2.035694, 7.182083 ], [ 2.035417, 7.181806 ], [ 2.035417, 7.181528 ], [ 2.035417, 7.18125 ], [ 2.035694, 7.180972 ], [ 2.035972, 7.180972 ], [ 2.03625, 7.180972 ], [ 2.036528, 7.180972 ], [ 2.036806, 7.180972 ], [ 2.037083, 7.180694 ], [ 2.037361, 7.180417 ], [ 2.037639, 7.180139 ], [ 2.037917, 7.179861 ], [ 2.038194, 7.179583 ], [ 2.038472, 7.179306 ], [ 2.03875, 7.179583 ], [ 2.039028, 7.179861 ], [ 2.039306, 7.180139 ], [ 2.039583, 7.180139 ], [ 2.039861, 7.180139 ], [ 2.040139, 7.180139 ], [ 2.040417, 7.180139 ] ] } },
{ "type": "Feature", "properties": { "strahler_order": 1, "longueur_km": 0.39594797717303881 }, "geometry": { "type": "LineString", "coordinates": [ [ 2.040139, 7.182917 ], [ 2.039861, 7.182639 ], [ 2.039583, 7.182361 ], [ 2.039306, 7.182083 ], [ 2.039306, 7.181806 ], [ 2.039306, 7.181528 ], [ 2.039583, 7.18125 ], [ 2.039861, 7.180972 ], [ 2.040139, 7.180694 ], [ 2.040417, 7.180417 ], [ 2.040417, 7.180139 ] ] } },
{ "type": "Feature", "properties": { "strahler_order": 1, "longueur_km": 1.474572145400713 }, "geometry": { "type": "LineString", "coordinates": [ [ 2.040417, 7.180139 ], [ 2.040694, 7.179861 ], [ 2.040972, 7.179583 ], [ 2.04125, 7.179583 ], [ 2.04125, 7.179306 ], [ 2.04125, 7.179028 ], [ 2.04125, 7.17875 ], [ 2.040972, 7.178472 ], [ 2.040972, 7.178194 ], [ 2.040972, 7.177917 ], [ 2.040972, 7.177639 ], [ 2.04125, 7.177361 ], [ 2.041528, 7.177361 ], [ 2.041806, 7.177083 ], [ 2.041806, 7.176806 ], [ 2.041806, 7.176528 ], [ 2.041806, 7.17625 ], [ 2.042083, 7.175972 ], [ 2.042083, 7.175694 ], [ 2.041806, 7.175417 ], [ 2.041806, 7.175139 ], [ 2.041806, 7.174861 ], [ 2.042083, 7.174583 ], [ 2.042361, 7.174583 ], [ 2.042639, 7.174306 ], [ 2.042917, 7.174028 ], [ 2.043194, 7.174028 ], [ 2.043472, 7.17375 ], [ 2.04375, 7.17375 ], [ 2.044028, 7.17375 ], [ 2.044306, 7.17375 ], [ 2.044583, 7.17375 ], [ 2.044583, 7.173472 ], [ 2.044861, 7.173194 ], [ 2.044861, 7.172917 ], [ 2.044861, 7.172639 ], [ 2.044583, 7.172361 ], [ 2.044306, 7.172083 ], [ 2.044028, 7.171806 ], [ 2.04375, 7.171528 ], [ 2.04375, 7.17125 ], [ 2.043472, 7.170972 ] ] } },
{ "type": "Feature", "properties": { "strahler_order": 1, "longueur_km": 1.3647672561889701 }, "geometry": { "type": "LineString", "coordinates": [ [ 2.043472, 7.170972 ], [ 2.043472, 7.170694 ], [ 2.043194, 7.170417 ], [ 2.043194, 7.170139 ], [ 2.043472, 7.169861 ], [ 2.04375, 7.169583 ], [ 2.04375, 7.169306 ], [ 2.043472, 7.169028 ], [ 2.043472, 7.16875 ], [ 2.043194, 7.168472 ], [ 2.043194, 7.168194 ], [ 2.043472, 7.167917 ], [ 2.04375, 7.167639 ], [ 2.04375, 7.167361 ], [ 2.043472, 7.167083 ], [ 2.043194, 7.167083 ], [ 2.042917, 7.167083 ], [ 2.042639, 7.167083 ], [ 2.042639, 7.166806 ], [ 2.042361, 7.166528 ], [ 2.042361, 7.16625 ], [ 2.042639, 7.165972 ], [ 2.042917, 7.165972 ], [ 2.043194, 7.165694 ], [ 2.043472, 7.165417 ], [ 2.04375, 7.165139 ], [ 2.044028, 7.164861 ], [ 2.044028, 7.164583 ], [ 2.044028, 7.164306 ], [ 2.04375, 7.164028 ], [ 2.044028, 7.16375 ], [ 2.044306, 7.163472 ], [ 2.044583, 7.163472 ], [ 2.044583, 7.163194 ], [ 2.044583, 7.162917 ], [ 2.044861, 7.162639 ], [ 2.044861, 7.162361 ], [ 2.044861, 7.162083 ] ] } },
{ "type": "Feature", "properties": { "strahler_order": 1, "longueur_km": 1.2518660632562695 }, "geometry": { "type": "LineString", "coordinates": [ [ 1.945417, 7.182639 ], [ 1.945139, 7.182361 ], [ 1.944861, 7.182361 ], [ 1.944583, 7.182639 ], [ 1.944306, 7.182639 ], [ 1.944028, 7.182639 ], [ 1.94375, 7.182639 ], [ 1.943472, 7.182361 ], [ 1.943194, 7.182361 ], [ 1.942917, 7.182361 ], [ 1.942639, 7.182361 ], [ 1.942361, 7.182361 ], [ 1.942083, 7.182361 ], [ 1.941806, 7.182083 ], [ 1.941528, 7.181806 ], [ 1.94125, 7.181806 ], [ 1.940972, 7.182083 ], [ 1.940694, 7.182083 ], [ 1.940417, 7.181806 ], [ 1.940139, 7.181528 ], [ 1.939861, 7.181528 ], [ 1.939583, 7.181528 ], [ 1.939306, 7.18125 ], [ 1.939028, 7.180972 ], [ 1.93875, 7.180694 ], [ 1.938472, 7.180417 ], [ 1.938472, 7.180139 ], [ 1.938472, 7.179861 ], [ 1.938194, 7.179861 ], [ 1.937917, 7.179861 ], [ 1.937639, 7.179861 ], [ 1.937361, 7.179861 ], [ 1.937083, 7.179583 ], [ 1.936806, 7.179583 ], [ 1.936528, 7.179583 ], [ 1.93625, 7.179306 ] ] } },
{ "type": "Feature", "properties": { "strahler_order": 1, "longueur_km": 0.1481690245440726 }, "geometry": { "type": "LineString", "coordinates": [ [ 1.964861, 7.182361 ], [ 1.964583, 7.182083 ], [ 1.964306, 7.182083 ], [ 1.964028, 7.182083 ], [ 1.96375, 7.182361 ] ] } },
{ "type": "Feature", "properties": { "strahler_order": 1, "longueur_km": 0.88935680591393973 }, "geometry": { "type": "LineString", "coordinates": [ [ 2.20875, 7.18125 ], [ 2.20875, 7.180972 ], [ 2.20875, 7.180694 ], [ 2.208472, 7.180417 ], [ 2.208194, 7.180139 ], [ 2.208194, 7.179861 ], [ 2.207917, 7.179583 ], [ 2.207917, 7.179306 ], [ 2.208194, 7.179028 ], [ 2.208472, 7.17875 ], [ 2.20875, 7.179028 ], [ 2.209028, 7.179028 ], [ 2.209306, 7.17875 ], [ 2.209583, 7.178472 ], [ 2.209861, 7.178194 ], [ 2.209861, 7.177917 ], [ 2.209861, 7.177639 ], [ 2.209861, 7.177361 ], [ 2.209861, 7.177083 ], [ 2.209583, 7.176806 ], [ 2.209583, 7.176528 ], [ 2.209583, 7.17625 ], [ 2.209583, 7.175972 ], [ 2.209861, 7.175694 ], [ 2.210139, 7.175417 ] ] } },
{ "type": "Feature", "properties": { "strahler_order": 1, "longueur_km": 0.43186796255391058 }, "geometry": { "type": "LineString", "coordinates": [ [ 1.966806, 7.180694 ], [ 1.966528, 7.180972 ], [ 1.96625, 7.180972 ], [ 1.965972, 7.180972 ], [ 1.965694, 7.180972 ], [ 1.965417, 7.180972 ], [ 1.965139, 7.18125 ], [ 1.964861, 7.181528 ], [ 1.964583, 7.181528 ], [ 1.964306, 7.181806 ], [ 1.964028, 7.181806 ], [ 1.96375, 7.182083 ], [ 1.96375, 7.182361 ] ] } },
{ "type": "Feature", "properties": { "strahler_order": 1, "longueur_km": 3.2986335143206165 }, "geometry": { "type": "LineString", "coordinates": [ [ 1.96375, 7.182361 ], [ 1.963472, 7.182361 ], [ 1.963194, 7.182361 ], [ 1.962917, 7.182639 ], [ 1.962639, 7.182639 ], [ 1.962361, 7.182917 ], [ 1.962083, 7.182917 ], [ 1.961806, 7.182917 ], [ 1.961528, 7.182917 ], [ 1.96125, 7.183194 ], [ 1.960972, 7.183472 ], [ 1.960972, 7.18375 ], [ 1.960694, 7.184028 ], [ 1.960417, 7.184028 ], [ 1.960139, 7.184028 ], [ 1.959861, 7.18375 ], [ 1.959583, 7.18375 ], [ 1.959306, 7.183472 ], [ 1.959028, 7.183472 ], [ 1.95875, 7.183472 ], [ 1.958472, 7.183472 ], [ 1.958194, 7.183472 ], [ 1.957917, 7.18375 ], [ 1.957639, 7.18375 ], [ 1.957361, 7.18375 ], [ 1.957083, 7.184028 ], [ 1.957083, 7.184306 ], [ 1.957083, 7.184583 ], [ 1.956806, 7.184861 ], [ 1.956806, 7.185139 ], [ 1.956528, 7.185417 ], [ 1.95625, 7.185417 ], [ 1.955972, 7.185417 ], [ 1.955694, 7.185694 ], [ 1.955417, 7.185694 ], [ 1.955139, 7.185417 ], [ 1.954861, 7.185417 ], [ 1.954583, 7.185417 ], [ 1.954306, 7.185139 ], [ 1.954028, 7.185139 ], [ 1.95375, 7.185139 ], [ 1.953472, 7.185417 ], [ 1.953194, 7.185417 ], [ 1.952917, 7.185417 ], [ 1.952639, 7.185417 ], [ 1.952361, 7.185417 ], [ 1.952083, 7.185417 ], [ 1.951806, 7.185694 ], [ 1.951528, 7.185694 ], [ 1.95125, 7.185972 ], [ 1.950972, 7.185972 ], [ 1.950694, 7.185972 ], [ 1.950417, 7.185972 ], [ 1.950139, 7.185694 ], [ 1.949861, 7.185694 ], [ 1.949583, 7.185694 ], [ 1.949306, 7.185694 ], [ 1.949028, 7.185694 ], [ 1.94875, 7.185972 ], [ 1.948472, 7.18625 ], [ 1.948194, 7.186528 ], [ 1.947917, 7.186528 ], [ 1.947639, 7.186528 ], [ 1.947361, 7.18625 ], [ 1.947083, 7.18625 ], [ 1.946806, 7.18625 ], [ 1.946528, 7.18625 ], [ 1.94625, 7.18625 ], [ 1.945972, 7.185972 ], [ 1.945694, 7.185694 ], [ 1.945417, 7.185694 ], [ 1.945139, 7.185417 ], [ 1.944861, 7.185417 ], [ 1.944583, 7.185139 ], [ 1.944306, 7.185417 ], [ 1.944028, 7.185417 ], [ 1.94375, 7.185417 ], [ 1.943472, 7.185417 ], [ 1.943194, 7.185694 ], [ 1.942917, 7.185417 ], [ 1.942639, 7.185417 ], [ 1.942361, 7.185417 ], [ 1.942083, 7.185694 ], [ 1.942083, 7.185972 ], [ 1.941806, 7.18625 ], [ 1.941528, 7.18625 ], [ 1.941528, 7.186528 ], [ 1.94125, 7.186806 ], [ 1.940972, 7.187083 ], [ 1.940972, 7.187361 ], [ 1.940694, 7.187639 ], [ 1.940417, 7.187917 ], [ 1.940139, 7.187917 ], [ 1.939861, 7.187917 ] ] } },
{ "type": "Feature", "properties": { "strahler_order": 1, "longueur_km": 0.77160829058169611 }, "geometry": { "type": "LineString", "coordinates": [ [ 1.939861, 7.187917 ], [ 1.939583, 7.187639 ], [ 1.939306, 7.187639 ], [ 1.939028, 7.187639 ], [ 1.93875, 7.187639 ], [ 1.938472, 7.187361 ], [ 1.938194, 7.187083 ], [ 1.937917, 7.187083 ], [ 1.937639, 7.187361 ], [ 1.937361, 7.187639 ], [ 1.937083, 7.187639 ], [ 1.936806, 7.187917 ], [ 1.936528, 7.187917 ], [ 1.93625, 7.187917 ], [ 1.935972, 7.187917 ], [ 1.935694, 7.187917 ], [ 1.935417, 7.188194 ], [ 1.935139, 7.188472 ], [ 1.934861, 7.18875 ], [ 1.934583, 7.189028 ], [ 1.934583, 7.189306 ], [ 1.934583, 7.189583 ] ] } },
{ "type": "Feature", "properties": { "strahler_order": 1, "longueur_km": 2.3321569591895845 }, "geometry": { "type": "LineString", "coordinates": [ [ 1.934583, 7.189583 ], [ 1.934306, 7.189583 ], [ 1.934028, 7.189861 ], [ 1.93375, 7.189861 ], [ 1.933472, 7.189861 ], [ 1.933194, 7.189861 ], [ 1.932917, 7.189583 ], [ 1.932639, 7.189306 ], [ 1.932361, 7.189583 ], [ 1.932083, 7.189861 ], [ 1.931806, 7.190139 ], [ 1.931528, 7.190417 ], [ 1.93125, 7.190694 ], [ 1.930972, 7.190972 ], [ 1.930694, 7.190972 ], [ 1.930417, 7.190972 ], [ 1.930139, 7.190694 ], [ 1.929861, 7.190417 ], [ 1.929583, 7.190417 ], [ 1.929306, 7.190417 ], [ 1.929028, 7.190694 ], [ 1.92875, 7.190694 ], [ 1.928472, 7.190694 ], [ 1.928194, 7.190417 ], [ 1.927917, 7.190139 ], [ 1.927639, 7.189861 ], [ 1.927361, 7.189583 ], [ 1.927083, 7.189583 ], [ 1.926806, 7.189583 ], [ 1.926528, 7.189583 ], [ 1.92625, 7.189583 ], [ 1.925972, 7.189583 ], [ 1.925694, 7.189306 ], [ 1.925417, 7.189028 ], [ 1.925139, 7.18875 ], [ 1.924861, 7.188472 ], [ 1.924583, 7.188472 ], [ 1.924306, 7.188472 ], [ 1.924028, 7.18875 ], [ 1.92375, 7.189028 ], [ 1.923472, 7.189028 ], [ 1.923194, 7.189028 ], [ 1.922917, 7.189028 ], [ 1.922639, 7.189028 ], [ 1.922361, 7.189306 ], [ 1.922083, 7.189306 ], [ 1.921806, 7.189306 ], [ 1.921528, 7.189306 ], [ 1.92125, 7.189028 ], [ 1.920972, 7.18875 ], [ 1.920694, 7.18875 ], [ 1.920417, 7.188472 ], [ 1.920139, 7.188472 ], [ 1.919861, 7.188472 ], [ 1.919583, 7.188472 ], [ 1.919306, 7.188472 ], [ 1.919028, 7.188194 ], [ 1.91875, 7.188194 ], [ 1.918472, 7.187917 ], [ 1.918194, 7.187917 ], [ 1.917917, 7.187639 ], [ 1.917639, 7.187639 ], [ 1.917361, 7.187639 ], [ 1.917083, 7.187639 ], [ 1.916806, 7.187639 ] ] } },
{ "type": "Feature", "properties": { "strahler_order": 1, "longueur_km": 0.45744561268303202 }, "geometry": { "type": "LineString", "coordinates": [ [ 2.104583, 7.180694 ], [ 2.104861, 7.180417 ], [ 2.105139, 7.180139 ], [ 2.105139, 7.179861 ], [ 2.105139, 7.179583 ], [ 2.104861, 7.179306 ], [ 2.104861, 7.179028 ], [ 2.104583, 7.17875 ], [ 2.104583, 7.178472 ], [ 2.104306, 7.178194 ], [ 2.104028, 7.177917 ], [ 2.104028, 7.177639 ], [ 2.104306, 7.177361 ] ] } },
{ "type": "Feature", "properties": { "strahler_order": 1, "longueur_km": 2.1934591208459095 }, "geometry": { "type": "LineString", "coordinates": [ [ 2.045972, 7.179583 ], [ 2.04625, 7.179306 ], [ 2.046528, 7.179028 ], [ 2.046806, 7.179028 ], [ 2.047083, 7.179028 ], [ 2.047361, 7.17875 ], [ 2.047361, 7.178472 ], [ 2.047361, 7.178194 ], [ 2.047361, 7.177917 ], [ 2.047083, 7.177639 ], [ 2.047083, 7.177361 ], [ 2.047083, 7.177083 ], [ 2.047361, 7.177083 ], [ 2.047639, 7.177083 ], [ 2.047917, 7.177083 ], [ 2.048194, 7.177083 ], [ 2.048472, 7.177083 ], [ 2.04875, 7.177083 ], [ 2.049028, 7.176806 ], [ 2.049306, 7.176528 ], [ 2.049583, 7.17625 ], [ 2.049583, 7.175972 ], [ 2.049583, 7.175694 ], [ 2.049861, 7.175417 ], [ 2.049861, 7.175139 ], [ 2.049861, 7.174861 ], [ 2.050139, 7.174583 ], [ 2.050139, 7.174306 ], [ 2.050139, 7.174028 ], [ 2.050139, 7.17375 ], [ 2.050139, 7.173472 ], [ 2.050139, 7.173194 ], [ 2.050417, 7.172917 ], [ 2.050417, 7.172639 ], [ 2.050417, 7.172361 ], [ 2.050694, 7.172083 ], [ 2.050694, 7.171806 ], [ 2.050972, 7.171528 ], [ 2.050972, 7.17125 ], [ 2.050972, 7.170972 ], [ 2.050972, 7.170694 ], [ 2.050972, 7.170417 ], [ 2.050972, 7.170139 ], [ 2.05125, 7.169861 ], [ 2.05125, 7.169583 ], [ 2.05125, 7.169306 ], [ 2.05125, 7.169028 ], [ 2.05125, 7.16875 ], [ 2.05125, 7.168472 ], [ 2.051528, 7.168194 ], [ 2.051806, 7.167917 ], [ 2.051806, 7.167639 ], [ 2.052083, 7.167361 ], [ 2.052083, 7.167083 ], [ 2.052361, 7.166806 ], [ 2.052639, 7.166806 ], [ 2.052917, 7.166806 ], [ 2.053194, 7.166806 ], [ 2.053472, 7.166806 ], [ 2.05375, 7.166528 ], [ 2.054028, 7.166528 ], [ 2.054306, 7.166528 ], [ 2.054583, 7.166528 ], [ 2.054861, 7.166528 ], [ 2.055139, 7.166528 ] ] } },
{ "type": "Feature", "properties": { "strahler_order": 1, "longueur_km": 2.1328738140880721 }, "geometry": { "type": "LineString", "coordinates": [ [ 2.135139, 7.179306 ], [ 2.135139, 7.179028 ], [ 2.134861, 7.17875 ], [ 2.134583, 7.178472 ], [ 2.134306, 7.178194 ], [ 2.134028, 7.177917 ], [ 2.13375, 7.177639 ], [ 2.133472, 7.177361 ], [ 2.13375, 7.177083 ], [ 2.134028, 7.176806 ], [ 2.134306, 7.176528 ], [ 2.134583, 7.17625 ], [ 2.134583, 7.175972 ], [ 2.134306, 7.175694 ], [ 2.134028, 7.175417 ], [ 2.134028, 7.175139 ], [ 2.13375, 7.174861 ], [ 2.133472, 7.174583 ], [ 2.133472, 7.174306 ], [ 2.13375, 7.174028 ], [ 2.134028, 7.17375 ], [ 2.134306, 7.173472 ], [ 2.134583, 7.173472 ], [ 2.134861, 7.173194 ], [ 2.135139, 7.172917 ], [ 2.135417, 7.172917 ], [ 2.135694, 7.173194 ], [ 2.135972, 7.173194 ], [ 2.13625, 7.173194 ], [ 2.136528, 7.173194 ], [ 2.136806, 7.172917 ], [ 2.137083, 7.172639 ], [ 2.137083, 7.172361 ], [ 2.137361, 7.172083 ], [ 2.137639, 7.172083 ], [ 2.137917, 7.172083 ], [ 2.138194, 7.172083 ], [ 2.138472, 7.172083 ], [ 2.13875, 7.171806 ], [ 2.139028, 7.171528 ], [ 2.139306, 7.171528 ], [ 2.139583, 7.17125 ], [ 2.139861, 7.17125 ], [ 2.140139, 7.170972 ], [ 2.140139, 7.170694 ], [ 2.140139, 7.170417 ], [ 2.140417, 7.170139 ], [ 2.140694, 7.169861 ], [ 2.140972, 7.169583 ], [ 2.14125, 7.169306 ], [ 2.141528, 7.169028 ], [ 2.141806, 7.169028 ], [ 2.142083, 7.16875 ], [ 2.142083, 7.168472 ], [ 2.142361, 7.168194 ], [ 2.142639, 7.167917 ] ] } },
{ "type": "Feature", "properties": { "strahler_order": 1, "longueur_km": 1.6052365866297098 }, "geometry": { "type": "LineString", "coordinates": [ [ 2.21625, 7.178472 ], [ 2.21625, 7.178194 ], [ 2.21625, 7.177917 ], [ 2.21625, 7.177639 ], [ 2.21625, 7.177361 ], [ 2.215972, 7.177083 ], [ 2.21625, 7.176806 ], [ 2.21625, 7.176528 ], [ 2.21625, 7.17625 ], [ 2.216528, 7.175972 ], [ 2.216806, 7.175694 ], [ 2.216806, 7.175417 ], [ 2.216806, 7.175139 ], [ 2.216806, 7.174861 ], [ 2.217083, 7.174583 ], [ 2.217361, 7.174306 ], [ 2.217361, 7.174028 ], [ 2.217361, 7.17375 ], [ 2.217361, 7.173472 ], [ 2.217639, 7.173194 ], [ 2.217917, 7.172917 ], [ 2.218194, 7.172917 ], [ 2.218194, 7.172639 ], [ 2.218472, 7.172361 ], [ 2.21875, 7.172083 ], [ 2.21875, 7.171806 ], [ 2.218472, 7.171528 ], [ 2.218194, 7.17125 ], [ 2.218194, 7.170972 ], [ 2.218472, 7.170694 ], [ 2.21875, 7.170417 ], [ 2.21875, 7.170139 ], [ 2.21875, 7.169861 ], [ 2.21875, 7.169583 ], [ 2.219028, 7.169583 ], [ 2.219306, 7.169306 ], [ 2.219306, 7.169028 ], [ 2.219028, 7.16875 ], [ 2.219028, 7.168472 ], [ 2.21875, 7.168194 ], [ 2.218472, 7.167917 ], [ 2.218194, 7.167917 ], [ 2.217917, 7.167639 ], [ 2.217639, 7.167361 ], [ 2.217639, 7.167083 ] ] } },
{ "type": "Feature", "properties": { "strahler_order": 1, "longueur_km": 0.28370245880596623 }, "geometry": { "type": "LineString", "coordinates": [ [ 1.938194, 7.178194 ], [ 1.937917, 7.178472 ], [ 1.937639, 7.178472 ], [ 1.937361, 7.178472 ], [ 1.937361, 7.17875 ], [ 1.937083, 7.179028 ], [ 1.936806, 7.179306 ], [ 1.936528, 7.179306 ], [ 1.93625, 7.179306 ] ] } },
{ "type": "Feature", "properties": { "strahler_order": 1, "longueur_km": 2.7538342517251864 }, "geometry": { "type": "LineString", "coordinates": [ [ 1.93625, 7.179306 ], [ 1.935972, 7.179028 ], [ 1.935694, 7.179028 ], [ 1.935417, 7.179028 ], [ 1.935139, 7.179306 ], [ 1.934861, 7.179306 ], [ 1.934583, 7.179583 ], [ 1.934306, 7.179583 ], [ 1.934028, 7.179306 ], [ 1.93375, 7.179306 ], [ 1.933472, 7.179306 ], [ 1.933194, 7.179306 ], [ 1.932917, 7.179583 ], [ 1.932639, 7.179583 ], [ 1.932361, 7.179583 ], [ 1.932083, 7.179861 ], [ 1.931806, 7.179861 ], [ 1.931528, 7.179861 ], [ 1.93125, 7.179583 ], [ 1.930972, 7.179861 ], [ 1.930694, 7.180139 ], [ 1.930417, 7.180417 ], [ 1.930139, 7.180417 ], [ 1.929861, 7.180417 ], [ 1.929583, 7.180417 ], [ 1.929306, 7.180139 ], [ 1.929028, 7.180139 ], [ 1.92875, 7.179861 ], [ 1.928472, 7.179861 ], [ 1.928194, 7.180139 ], [ 1.927917, 7.180417 ], [ 1.927639, 7.180417 ], [ 1.927361, 7.180417 ], [ 1.927083, 7.180417 ], [ 1.926806, 7.180417 ], [ 1.926528, 7.180417 ], [ 1.92625, 7.180417 ], [ 1.925972, 7.180417 ], [ 1.925694, 7.180417 ], [ 1.925417, 7.180694 ], [ 1.925139, 7.180694 ], [ 1.924861, 7.180694 ], [ 1.924583, 7.180972 ], [ 1.924306, 7.18125 ], [ 1.924306, 7.181528 ], [ 1.924028, 7.181806 ], [ 1.92375, 7.181806 ], [ 1.923472, 7.182083 ], [ 1.923194, 7.182083 ], [ 1.922917, 7.181806 ], [ 1.922639, 7.181806 ], [ 1.922361, 7.182083 ], [ 1.922083, 7.182361 ], [ 1.921806, 7.182639 ], [ 1.921806, 7.182917 ], [ 1.921806, 7.183194 ], [ 1.921528, 7.183472 ], [ 1.92125, 7.18375 ], [ 1.920972, 7.184028 ], [ 1.920694, 7.184306 ], [ 1.920417, 7.184583 ], [ 1.920139, 7.184861 ], [ 1.919861, 7.185139 ], [ 1.919583, 7.185139 ], [ 1.919306, 7.185417 ], [ 1.919028, 7.185694 ], [ 1.91875, 7.185972 ], [ 1.918472, 7.18625 ], [ 1.918472, 7.186528 ], [ 1.918194, 7.186806 ], [ 1.917917, 7.187083 ], [ 1.917639, 7.187361 ], [ 1.917361, 7.187361 ], [ 1.917083, 7.187361 ], [ 1.916806, 7.187639 ] ] } },
{ "type": "Feature", "properties": { "strahler_order": 1, "longueur_km": 0.77925528194997085 }, "geometry": { "type": "LineString", "coordinates": [ [ 1.916806, 7.187639 ], [ 1.916528, 7.187917 ], [ 1.91625, 7.188194 ], [ 1.91625, 7.188472 ], [ 1.915972, 7.18875 ], [ 1.915694, 7.189028 ], [ 1.915417, 7.189306 ], [ 1.915139, 7.189583 ], [ 1.914861, 7.189861 ], [ 1.914861, 7.190139 ], [ 1.914583, 7.190417 ], [ 1.914306, 7.190694 ], [ 1.914028, 7.190972 ], [ 1.91375, 7.19125 ], [ 1.91375, 7.191528 ], [ 1.91375, 7.191806 ], [ 1.91375, 7.192083 ], [ 1.913472, 7.192361 ], [ 1.913194, 7.192639 ], [ 1.912917, 7.192639 ], [ 1.912917, 7.192917 ] ] } },
{ "type": "Feature", "properties": { "strahler_order": 1, "longueur_km": 1.7218972583585017 }, "geometry": { "type": "LineString", "coordinates": [ [ 1.912917, 7.192917 ], [ 1.912639, 7.193194 ], [ 1.912361, 7.193472 ], [ 1.912083, 7.19375 ], [ 1.911806, 7.194028 ], [ 1.911528, 7.194028 ], [ 1.91125, 7.194306 ], [ 1.910972, 7.194583 ], [ 1.910694, 7.194583 ], [ 1.910417, 7.194861 ], [ 1.910139, 7.194861 ], [ 1.909861, 7.195139 ], [ 1.909583, 7.195139 ], [ 1.909306, 7.194861 ], [ 1.909028, 7.194861 ], [ 1.90875, 7.194861 ], [ 1.908472, 7.194861 ], [ 1.908194, 7.195139 ], [ 1.907917, 7.195417 ], [ 1.907639, 7.195417 ], [ 1.907361, 7.195417 ], [ 1.907083, 7.195694 ], [ 1.906806, 7.195694 ], [ 1.906528, 7.195972 ], [ 1.90625, 7.195972 ], [ 1.905972, 7.19625 ], [ 1.905694, 7.19625 ], [ 1.905417, 7.19625 ], [ 1.905139, 7.19625 ], [ 1.904861, 7.19625 ], [ 1.904583, 7.19625 ], [ 1.904306, 7.195972 ], [ 1.904028, 7.195972 ], [ 1.90375, 7.19625 ], [ 1.903472, 7.195972 ], [ 1.903194, 7.195694 ], [ 1.902917, 7.195417 ], [ 1.902639, 7.195139 ], [ 1.902361, 7.195139 ], [ 1.902083, 7.195139 ], [ 1.901806, 7.195139 ], [ 1.901528, 7.195139 ], [ 1.90125, 7.195139 ], [ 1.900972, 7.195139 ], [ 1.900694, 7.195417 ], [ 1.900417, 7.195694 ], [ 1.900139, 7.195694 ], [ 1.899861, 7.195694 ] ] } },
{ "type": "Feature", "properties": { "strahler_order": 1, "longueur_km": 0.81776243224973078 }, "geometry": { "type": "LineString", "coordinates": [ [ 1.899861, 7.195694 ], [ 1.899583, 7.195972 ], [ 1.899306, 7.195972 ], [ 1.899028, 7.195972 ], [ 1.89875, 7.195972 ], [ 1.898472, 7.195972 ], [ 1.898194, 7.195972 ], [ 1.897917, 7.195972 ], [ 1.897639, 7.195972 ], [ 1.897361, 7.19625 ], [ 1.897083, 7.196528 ], [ 1.896806, 7.196528 ], [ 1.896528, 7.196528 ], [ 1.89625, 7.196528 ], [ 1.895972, 7.196806 ], [ 1.895694, 7.196806 ], [ 1.895417, 7.196806 ], [ 1.895139, 7.196806 ], [ 1.894861, 7.196806 ], [ 1.894583, 7.196806 ], [ 1.894306, 7.196806 ], [ 1.894028, 7.196806 ], [ 1.89375, 7.196806 ], [ 1.893472, 7.196806 ], [ 1.893194, 7.196806 ], [ 1.892917, 7.196806 ] ] } },
{ "type": "Feature", "properties": { "strahler_order": 1, "longueur_km": 2.0927944570609203 }, "geometry": { "type": "LineString", "coordinates": [ [ 2.162361, 7.177639 ], [ 2.162639, 7.177639 ], [ 2.162917, 7.177361 ], [ 2.163194, 7.177361 ], [ 2.163472, 7.177083 ], [ 2.16375, 7.176806 ], [ 2.164028, 7.176528 ], [ 2.164306, 7.17625 ], [ 2.164583, 7.17625 ], [ 2.164861, 7.17625 ], [ 2.165139, 7.17625 ], [ 2.165417, 7.17625 ], [ 2.165694, 7.175972 ], [ 2.165972, 7.175694 ], [ 2.165972, 7.175417 ], [ 2.16625, 7.175139 ], [ 2.166528, 7.174861 ], [ 2.166806, 7.174583 ], [ 2.167083, 7.174306 ], [ 2.167361, 7.174028 ], [ 2.167361, 7.17375 ], [ 2.167361, 7.173472 ], [ 2.167361, 7.173194 ], [ 2.167639, 7.172917 ], [ 2.167917, 7.172639 ], [ 2.168194, 7.172361 ], [ 2.168472, 7.172361 ], [ 2.168472, 7.172083 ], [ 2.168472, 7.171806 ], [ 2.168194, 7.171528 ], [ 2.167917, 7.17125 ], [ 2.167917, 7.170972 ], [ 2.167639, 7.170694 ], [ 2.167639, 7.170417 ], [ 2.167639, 7.170139 ], [ 2.167639, 7.169861 ], [ 2.167639, 7.169583 ], [ 2.167639, 7.169306 ], [ 2.167639, 7.169028 ], [ 2.167639, 7.16875 ], [ 2.167917, 7.168472 ], [ 2.168194, 7.168472 ], [ 2.168472, 7.168194 ], [ 2.16875, 7.168194 ], [ 2.169028, 7.168194 ], [ 2.169306, 7.167917 ], [ 2.169583, 7.167639 ], [ 2.169583, 7.167361 ], [ 2.169583, 7.167083 ], [ 2.169861, 7.166806 ], [ 2.170139, 7.166528 ], [ 2.170139, 7.16625 ], [ 2.170417, 7.165972 ], [ 2.170417, 7.165694 ], [ 2.170694, 7.165417 ], [ 2.170694, 7.165139 ], [ 2.170972, 7.164861 ], [ 2.17125, 7.164861 ] ] } },
{ "type": "Feature", "properties": { "strahler_order": 1, "longueur_km": 0.030586251121926013 }, "geometry": { "type": "LineString", "coordinates": [ [ 2.191806, 7.177361 ], [ 2.192083, 7.177361 ] ] } },
{ "type": "Feature", "properties": { "strahler_order": 1, "longueur_km": 2.6541627544234783 }, "geometry": { "type": "LineString", "coordinates": [ [ 1.911806, 7.177083 ], [ 1.912083, 7.176806 ], [ 1.911806, 7.176528 ], [ 1.911528, 7.176528 ], [ 1.91125, 7.176528 ], [ 1.910972, 7.176528 ], [ 1.910694, 7.176528 ], [ 1.910417, 7.176528 ], [ 1.910139, 7.176528 ], [ 1.909861, 7.176528 ], [ 1.909583, 7.176528 ], [ 1.909306, 7.176528 ], [ 1.909028, 7.17625 ], [ 1.90875, 7.17625 ], [ 1.908472, 7.17625 ], [ 1.908194, 7.175972 ], [ 1.907917, 7.17625 ], [ 1.907639, 7.175972 ], [ 1.907639, 7.175694 ], [ 1.907361, 7.175417 ], [ 1.907083, 7.175139 ], [ 1.906806, 7.175139 ], [ 1.906528, 7.175139 ], [ 1.90625, 7.175139 ], [ 1.905972, 7.174861 ], [ 1.905694, 7.174583 ], [ 1.905417, 7.174306 ], [ 1.905139, 7.174306 ], [ 1.904861, 7.174306 ], [ 1.904583, 7.174028 ], [ 1.904306, 7.174028 ], [ 1.904028, 7.174028 ], [ 1.90375, 7.17375 ], [ 1.903472, 7.173472 ], [ 1.903194, 7.173194 ], [ 1.902917, 7.172917 ], [ 1.902639, 7.172917 ], [ 1.902361, 7.172917 ], [ 1.902083, 7.173194 ], [ 1.901806, 7.173194 ], [ 1.901528, 7.172917 ], [ 1.90125, 7.172639 ], [ 1.900972, 7.172639 ], [ 1.900694, 7.172917 ], [ 1.900417, 7.172639 ], [ 1.900139, 7.172361 ], [ 1.899861, 7.172083 ], [ 1.899583, 7.172083 ], [ 1.899306, 7.172083 ], [ 1.899028, 7.172083 ], [ 1.89875, 7.171806 ], [ 1.89875, 7.171528 ], [ 1.898472, 7.17125 ], [ 1.898194, 7.170972 ], [ 1.897917, 7.170972 ], [ 1.897639, 7.170972 ], [ 1.897361, 7.170972 ], [ 1.897083, 7.170694 ], [ 1.896806, 7.170417 ], [ 1.896528, 7.170139 ], [ 1.89625, 7.170139 ], [ 1.895972, 7.170417 ], [ 1.895694, 7.170694 ], [ 1.895417, 7.170972 ], [ 1.895139, 7.170972 ], [ 1.894861, 7.17125 ], [ 1.894583, 7.170972 ], [ 1.894306, 7.170694 ], [ 1.894028, 7.170694 ], [ 1.89375, 7.170694 ], [ 1.893472, 7.170694 ], [ 1.893194, 7.170694 ], [ 1.892917, 7.170694 ] ] } },
{ "type": "Feature", "properties": { "strahler_order": 1, "longueur_km": 0.31428376861830026 }, "geometry": { "type": "LineString", "coordinates": [ [ 2.090972, 7.177083 ], [ 2.09125, 7.177361 ], [ 2.091528, 7.177639 ], [ 2.091806, 7.177917 ], [ 2.092083, 7.177917 ], [ 2.092361, 7.177917 ], [ 2.092639, 7.177917 ], [ 2.092917, 7.177917 ], [ 2.093194, 7.177917 ], [ 2.093472, 7.177917 ] ] } },
{ "type": "Feature", "properties": { "strahler_order": 1, "longueur_km": 1.4944968821024918 }, "geometry": { "type": "LineString", "coordinates": [ [ 2.093472, 7.177917 ], [ 2.09375, 7.177639 ], [ 2.094028, 7.177361 ], [ 2.094306, 7.177083 ], [ 2.094583, 7.177083 ], [ 2.094861, 7.177083 ], [ 2.095139, 7.177083 ], [ 2.095417, 7.176806 ], [ 2.095694, 7.176528 ], [ 2.095972, 7.17625 ], [ 2.09625, 7.175972 ], [ 2.096528, 7.175694 ], [ 2.096528, 7.175417 ], [ 2.096806, 7.175417 ], [ 2.097083, 7.175139 ], [ 2.097361, 7.175139 ], [ 2.097639, 7.175139 ], [ 2.097917, 7.175139 ], [ 2.098194, 7.175417 ], [ 2.098472, 7.175417 ], [ 2.09875, 7.175417 ], [ 2.099028, 7.175694 ], [ 2.099306, 7.175972 ], [ 2.099583, 7.17625 ], [ 2.099861, 7.17625 ], [ 2.100139, 7.17625 ], [ 2.100417, 7.17625 ], [ 2.100694, 7.175972 ], [ 2.100972, 7.175694 ], [ 2.10125, 7.175694 ], [ 2.101528, 7.175972 ], [ 2.101806, 7.17625 ], [ 2.102083, 7.176528 ], [ 2.102361, 7.176528 ], [ 2.102639, 7.176806 ], [ 2.102917, 7.176806 ], [ 2.103194, 7.176806 ], [ 2.103472, 7.176806 ], [ 2.10375, 7.176806 ], [ 2.104028, 7.177083 ], [ 2.104306, 7.177361 ] ] } },
{ "type": "Feature", "properties": { "strahler_order": 1, "longueur_km": 0.9070031544311371 }, "geometry": { "type": "LineString", "coordinates": [ [ 2.104306, 7.177361 ], [ 2.104583, 7.177083 ], [ 2.104861, 7.177083 ], [ 2.105139, 7.176806 ], [ 2.105417, 7.176528 ], [ 2.105694, 7.17625 ], [ 2.105972, 7.175972 ], [ 2.10625, 7.175694 ], [ 2.106528, 7.175417 ], [ 2.106806, 7.175417 ], [ 2.107083, 7.175417 ], [ 2.107361, 7.175417 ], [ 2.107639, 7.175139 ], [ 2.107917, 7.174861 ], [ 2.108194, 7.174861 ], [ 2.108472, 7.174861 ], [ 2.10875, 7.174861 ], [ 2.109028, 7.175139 ], [ 2.109306, 7.174861 ], [ 2.109583, 7.174861 ], [ 2.109861, 7.174861 ], [ 2.110139, 7.174861 ], [ 2.110139, 7.174583 ], [ 2.110139, 7.174306 ], [ 2.110139, 7.174028 ], [ 2.110139, 7.17375 ] ] } },
{ "type": "Feature", "properties": { "strahler_order": 1, "longueur_km": 0.29634584477409431 }, "geometry": { "type": "LineString", "coordinates": [ [ 2.212083, 7.176806 ], [ 2.212083, 7.176528 ], [ 2.211806, 7.17625 ], [ 2.211528, 7.17625 ], [ 2.21125, 7.17625 ], [ 2.210972, 7.17625 ], [ 2.210694, 7.175972 ], [ 2.210417, 7.175694 ], [ 2.210139, 7.175417 ] ] } },
{ "type": "Feature", "properties": { "strahler_order": 1, "longueur_km": 0.42670720764147063 }, "geometry": { "type": "LineString", "coordinates": [ [ 2.210139, 7.175417 ], [ 2.209861, 7.175139 ], [ 2.209583, 7.174861 ], [ 2.209861, 7.174583 ], [ 2.210139, 7.174306 ], [ 2.210417, 7.174028 ], [ 2.210694, 7.17375 ], [ 2.210972, 7.17375 ], [ 2.210972, 7.173472 ], [ 2.210972, 7.173194 ], [ 2.210972, 7.172917 ], [ 2.21125, 7.172639 ] ] } },
{ "type": "Feature", "properties": { "strahler_order": 1, "longueur_km": 3.5665289491157419 }, "geometry": { "type": "LineString", "coordinates": [ [ 1.978472, 7.175694 ], [ 1.97875, 7.175417 ], [ 1.979028, 7.175139 ], [ 1.979306, 7.174861 ], [ 1.979583, 7.174583 ], [ 1.979861, 7.174583 ], [ 1.980139, 7.174306 ], [ 1.980417, 7.174028 ], [ 1.980694, 7.17375 ], [ 1.980972, 7.173472 ], [ 1.98125, 7.173194 ], [ 1.98125, 7.172917 ], [ 1.980972, 7.172639 ], [ 1.98125, 7.172361 ], [ 1.981528, 7.172083 ], [ 1.981528, 7.171806 ], [ 1.981528, 7.171528 ], [ 1.981528, 7.17125 ], [ 1.981806, 7.170972 ], [ 1.981806, 7.170694 ], [ 1.981806, 7.170417 ], [ 1.981806, 7.170139 ], [ 1.981806, 7.169861 ], [ 1.982083, 7.169583 ], [ 1.982361, 7.169306 ], [ 1.982639, 7.169028 ], [ 1.982917, 7.169028 ], [ 1.983194, 7.169028 ], [ 1.983194, 7.16875 ], [ 1.983472, 7.168472 ], [ 1.98375, 7.168194 ], [ 1.98375, 7.167917 ], [ 1.984028, 7.167639 ], [ 1.984306, 7.167361 ], [ 1.984583, 7.167083 ], [ 1.984861, 7.167083 ], [ 1.985139, 7.167083 ], [ 1.985417, 7.167361 ], [ 1.985694, 7.167083 ], [ 1.985972, 7.166806 ], [ 1.98625, 7.166528 ], [ 1.986528, 7.16625 ], [ 1.986806, 7.165972 ], [ 1.987083, 7.165694 ], [ 1.987361, 7.165694 ], [ 1.987361, 7.165417 ], [ 1.987361, 7.165139 ], [ 1.987639, 7.164861 ], [ 1.987917, 7.164583 ], [ 1.988194, 7.164583 ], [ 1.988472, 7.164306 ], [ 1.98875, 7.164028 ], [ 1.989028, 7.16375 ], [ 1.989306, 7.163472 ], [ 1.989583, 7.163194 ], [ 1.989583, 7.162917 ], [ 1.989583, 7.162639 ], [ 1.989861, 7.162639 ], [ 1.990139, 7.162361 ], [ 1.990417, 7.162083 ], [ 1.990694, 7.162083 ], [ 1.990972, 7.162083 ], [ 1.99125, 7.161806 ], [ 1.991528, 7.161806 ], [ 1.991806, 7.161528 ], [ 1.992083, 7.16125 ], [ 1.992083, 7.160972 ], [ 1.992361, 7.160694 ], [ 1.992361, 7.160417 ], [ 1.992639, 7.160139 ], [ 1.992639, 7.159861 ], [ 1.992639, 7.159583 ], [ 1.992639, 7.159306 ], [ 1.992639, 7.159028 ], [ 1.992917, 7.15875 ], [ 1.993194, 7.158472 ], [ 1.993472, 7.158472 ], [ 1.99375, 7.158194 ], [ 1.994028, 7.157917 ], [ 1.994306, 7.157639 ], [ 1.994583, 7.157361 ], [ 1.994583, 7.157083 ], [ 1.994583, 7.156806 ], [ 1.994861, 7.156528 ], [ 1.995139, 7.156528 ], [ 1.995417, 7.15625 ], [ 1.995694, 7.155972 ], [ 1.995972, 7.155694 ], [ 1.99625, 7.155417 ], [ 1.996528, 7.155139 ], [ 1.996806, 7.155139 ], [ 1.997083, 7.155139 ], [ 1.997361, 7.154861 ], [ 1.997639, 7.154583 ] ] } },
{ "type": "Feature", "properties": { "strahler_order": 1, "longueur_km": 0.44471533767104848 }, "geometry": { "type": "LineString", "coordinates": [ [ 2.066528, 7.175694 ], [ 2.06625, 7.175417 ], [ 2.06625, 7.175139 ], [ 2.06625, 7.174861 ], [ 2.06625, 7.174583 ], [ 2.066528, 7.174306 ], [ 2.066528, 7.174028 ], [ 2.066806, 7.17375 ], [ 2.067083, 7.173472 ], [ 2.067361, 7.173194 ], [ 2.067361, 7.172917 ], [ 2.067361, 7.172639 ], [ 2.067639, 7.172361 ] ] } },
{ "type": "Feature", "properties": { "strahler_order": 1, "longueur_km": 0.70505512000070969 }, "geometry": { "type": "LineString", "coordinates": [ [ 2.067639, 7.172361 ], [ 2.067917, 7.172083 ], [ 2.068194, 7.171806 ], [ 2.068472, 7.171528 ], [ 2.06875, 7.17125 ], [ 2.069028, 7.17125 ], [ 2.069306, 7.170972 ], [ 2.069306, 7.170694 ], [ 2.069306, 7.170417 ], [ 2.069306, 7.170139 ], [ 2.069306, 7.169861 ], [ 2.069583, 7.169583 ], [ 2.069861, 7.169306 ], [ 2.070139, 7.169028 ], [ 2.070417, 7.16875 ], [ 2.070694, 7.168472 ], [ 2.070972, 7.168194 ], [ 2.070972, 7.167917 ], [ 2.07125, 7.167639 ] ] } },
{ "type": "Feature", "properties": { "strahler_order": 1, "longueur_km": 0.1048349193414401 }, "geometry": { "type": "LineString", "coordinates": [ [ 2.07125, 7.167639 ], [ 2.07125, 7.167361 ], [ 2.07125, 7.167083 ], [ 2.070972, 7.166806 ] ] } },
{ "type": "Feature", "properties": { "strahler_order": 1, "longueur_km": 0.32184445762024849 }, "geometry": { "type": "LineString", "coordinates": [ [ 2.193472, 7.175694 ], [ 2.193194, 7.175972 ], [ 2.193472, 7.17625 ], [ 2.19375, 7.176528 ], [ 2.194028, 7.176806 ], [ 2.194306, 7.176528 ], [ 2.194583, 7.176528 ], [ 2.194861, 7.176806 ], [ 2.194861, 7.177083 ] ] } },
{ "type": "Feature", "properties": { "strahler_order": 1, "longueur_km": 0.092018585520728891 }, "geometry": { "type": "LineString", "coordinates": [ [ 2.184028, 7.175139 ], [ 2.184306, 7.175139 ], [ 2.184583, 7.175139 ], [ 2.184583, 7.175417 ] ] } },
{ "type": "Feature", "properties": { "strahler_order": 1, "longueur_km": 0.074057740509704553 }, "geometry": { "type": "LineString", "coordinates": [ [ 2.184583, 7.175417 ], [ 2.184861, 7.175694 ], [ 2.185139, 7.175694 ] ] } },
{ "type": "Feature", "properties": { "strahler_order": 1, "longueur_km": 3.2348172579339156 }, "geometry": { "type": "LineString", "coordinates": [ [ 1.984583, 7.174861 ], [ 1.984861, 7.174583 ], [ 1.985139, 7.174306 ], [ 1.985417, 7.174028 ], [ 1.985417, 7.17375 ], [ 1.985417, 7.173472 ], [ 1.985694, 7.173194 ], [ 1.985694, 7.172917 ], [ 1.985694, 7.172639 ], [ 1.985972, 7.172361 ], [ 1.98625, 7.172083 ], [ 1.986528, 7.171806 ], [ 1.98625, 7.171528 ], [ 1.985972, 7.17125 ], [ 1.985972, 7.170972 ], [ 1.985972, 7.170694 ], [ 1.985972, 7.170417 ], [ 1.985972, 7.170139 ], [ 1.985972, 7.169861 ], [ 1.98625, 7.169583 ], [ 1.986528, 7.169583 ], [ 1.986528, 7.169306 ], [ 1.986806, 7.169028 ], [ 1.987083, 7.16875 ], [ 1.987361, 7.168472 ], [ 1.987639, 7.168194 ], [ 1.987917, 7.167917 ], [ 1.988194, 7.167639 ], [ 1.988472, 7.167639 ], [ 1.98875, 7.167917 ], [ 1.989028, 7.168194 ], [ 1.989306, 7.168194 ], [ 1.989583, 7.168194 ], [ 1.989861, 7.168194 ], [ 1.990139, 7.168194 ], [ 1.990417, 7.167917 ], [ 1.990694, 7.167639 ], [ 1.990694, 7.167361 ], [ 1.990972, 7.167361 ], [ 1.99125, 7.167083 ], [ 1.991528, 7.166806 ], [ 1.991806, 7.166528 ], [ 1.992083, 7.16625 ], [ 1.992361, 7.16625 ], [ 1.992639, 7.16625 ], [ 1.992639, 7.165972 ], [ 1.992917, 7.165694 ], [ 1.993194, 7.165417 ], [ 1.993194, 7.165139 ], [ 1.993194, 7.164861 ], [ 1.993194, 7.164583 ], [ 1.993472, 7.164306 ], [ 1.99375, 7.164028 ], [ 1.994028, 7.164028 ], [ 1.994306, 7.164028 ], [ 1.994583, 7.164028 ], [ 1.994861, 7.164028 ], [ 1.995139, 7.16375 ], [ 1.995417, 7.163472 ], [ 1.995694, 7.163472 ], [ 1.995972, 7.16375 ], [ 1.99625, 7.164028 ], [ 1.996528, 7.164306 ], [ 1.996806, 7.164306 ], [ 1.997083, 7.164306 ], [ 1.997361, 7.164028 ], [ 1.997361, 7.16375 ], [ 1.997361, 7.163472 ], [ 1.997361, 7.163194 ], [ 1.997361, 7.162917 ], [ 1.997639, 7.162639 ], [ 1.997917, 7.162361 ], [ 1.998194, 7.162361 ], [ 1.998472, 7.162083 ], [ 1.99875, 7.161806 ], [ 1.999028, 7.161806 ], [ 1.999306, 7.162083 ], [ 1.999583, 7.162083 ], [ 1.999861, 7.162083 ], [ 2.000139, 7.162083 ], [ 2.000417, 7.162083 ], [ 2.000694, 7.162083 ], [ 2.000972, 7.161806 ], [ 2.00125, 7.161528 ], [ 2.001528, 7.16125 ], [ 2.001806, 7.16125 ], [ 2.002083, 7.16125 ], [ 2.002361, 7.16125 ], [ 2.002361, 7.160972 ] ] } },
{ "type": "Feature", "properties": { "strahler_order": 1, "longueur_km": 0.11753523589175614 }, "geometry": { "type": "LineString", "coordinates": [ [ 2.185139, 7.174861 ], [ 2.184861, 7.175139 ], [ 2.184861, 7.175417 ], [ 2.185139, 7.175694 ] ] } },
{ "type": "Feature", "properties": { "strahler_order": 1, "longueur_km": 0.35786967276400117 }, "geometry": { "type": "LineString", "coordinates": [ [ 2.185139, 7.175694 ], [ 2.185417, 7.175694 ], [ 2.185694, 7.175694 ], [ 2.185972, 7.175972 ], [ 2.18625, 7.17625 ], [ 2.186528, 7.176528 ], [ 2.186528, 7.176806 ], [ 2.186528, 7.177083 ], [ 2.18625, 7.177361 ], [ 2.18625, 7.177639 ], [ 2.18625, 7.177917 ] ] } },
{ "type": "Feature", "properties": { "strahler_order": 1, "longueur_km": 0.086799682788001514 }, "geometry": { "type": "LineString", "coordinates": [ [ 2.18625, 7.177917 ], [ 2.186528, 7.178194 ], [ 2.186806, 7.178472 ] ] } },
{ "type": "Feature", "properties": { "strahler_order": 1, "longueur_km": 0.62335793396258099 }, "geometry": { "type": "LineString", "coordinates": [ [ 2.186806, 7.178472 ], [ 2.187083, 7.178472 ], [ 2.187361, 7.17875 ], [ 2.187639, 7.17875 ], [ 2.187917, 7.17875 ], [ 2.188194, 7.179028 ], [ 2.188472, 7.179028 ], [ 2.18875, 7.179028 ], [ 2.189028, 7.179028 ], [ 2.189306, 7.179028 ], [ 2.189583, 7.17875 ], [ 2.189861, 7.178472 ], [ 2.190139, 7.178194 ], [ 2.190417, 7.178194 ], [ 2.190694, 7.178472 ], [ 2.190972, 7.178472 ], [ 2.19125, 7.178194 ], [ 2.191528, 7.177917 ] ] } },
{ "type": "Feature", "properties": { "strahler_order": 1, "longueur_km": 0.086799818329657996 }, "geometry": { "type": "LineString", "coordinates": [ [ 2.191528, 7.177917 ], [ 2.191806, 7.177639 ], [ 2.192083, 7.177361 ] ] } },
{ "type": "Feature", "properties": { "strahler_order": 1, "longueur_km": 0.34500495935754821 }, "geometry": { "type": "LineString", "coordinates": [ [ 2.192083, 7.177361 ], [ 2.192361, 7.177361 ], [ 2.192639, 7.177361 ], [ 2.192917, 7.177361 ], [ 2.193194, 7.177083 ], [ 2.193472, 7.177083 ], [ 2.19375, 7.177083 ], [ 2.194028, 7.177083 ], [ 2.194306, 7.177361 ], [ 2.194583, 7.177361 ], [ 2.194861, 7.177083 ] ] } },
{ "type": "Feature", "properties": { "strahler_order": 1, "longueur_km": 0.25801653391753548 }, "geometry": { "type": "LineString", "coordinates": [ [ 2.194861, 7.177083 ], [ 2.195139, 7.177083 ], [ 2.195417, 7.177083 ], [ 2.195694, 7.177083 ], [ 2.195972, 7.177083 ], [ 2.19625, 7.177083 ], [ 2.196528, 7.176806 ], [ 2.196806, 7.176806 ], [ 2.197083, 7.176806 ] ] } },
{ "type": "Feature", "properties": { "strahler_order": 1, "longueur_km": 1.8063165742570793 }, "geometry": { "type": "LineString", "coordinates": [ [ 2.197083, 7.176806 ], [ 2.197361, 7.176806 ], [ 2.197639, 7.176806 ], [ 2.197917, 7.176806 ], [ 2.198194, 7.176528 ], [ 2.198472, 7.176528 ], [ 2.19875, 7.176528 ], [ 2.199028, 7.17625 ], [ 2.199306, 7.17625 ], [ 2.199583, 7.17625 ], [ 2.199861, 7.17625 ], [ 2.200139, 7.17625 ], [ 2.200417, 7.17625 ], [ 2.200694, 7.17625 ], [ 2.200972, 7.17625 ], [ 2.20125, 7.175972 ], [ 2.201528, 7.175972 ], [ 2.201806, 7.175694 ], [ 2.202083, 7.175417 ], [ 2.202361, 7.175139 ], [ 2.202639, 7.174861 ], [ 2.202917, 7.174583 ], [ 2.203194, 7.174306 ], [ 2.203472, 7.174028 ], [ 2.20375, 7.17375 ], [ 2.204028, 7.17375 ], [ 2.204306, 7.17375 ], [ 2.204583, 7.17375 ], [ 2.204861, 7.17375 ], [ 2.205139, 7.17375 ], [ 2.205417, 7.17375 ], [ 2.205694, 7.174028 ], [ 2.205972, 7.174028 ], [ 2.20625, 7.17375 ], [ 2.206528, 7.173472 ], [ 2.206806, 7.173194 ], [ 2.207083, 7.173194 ], [ 2.207361, 7.173194 ], [ 2.207639, 7.172917 ], [ 2.207917, 7.172639 ], [ 2.208194, 7.172639 ], [ 2.208472, 7.172361 ], [ 2.20875, 7.172361 ], [ 2.209028, 7.172639 ], [ 2.209306, 7.172639 ], [ 2.209583, 7.172639 ], [ 2.209861, 7.172639 ], [ 2.210139, 7.172639 ], [ 2.210417, 7.172639 ], [ 2.210694, 7.172639 ], [ 2.210972, 7.172639 ], [ 2.21125, 7.172639 ] ] } },
{ "type": "Feature", "properties": { "strahler_order": 1, "longueur_km": 1.0140499971538617 }, "geometry": { "type": "LineString", "coordinates": [ [ 2.21125, 7.172639 ], [ 2.211528, 7.172361 ], [ 2.211806, 7.172083 ], [ 2.212083, 7.171806 ], [ 2.212361, 7.171528 ], [ 2.212639, 7.171528 ], [ 2.212917, 7.171528 ], [ 2.213194, 7.17125 ], [ 2.213472, 7.17125 ], [ 2.21375, 7.17125 ], [ 2.214028, 7.170972 ], [ 2.214306, 7.170694 ], [ 2.214583, 7.170417 ], [ 2.214861, 7.170139 ], [ 2.215139, 7.169861 ], [ 2.215417, 7.169583 ], [ 2.215417, 7.169306 ], [ 2.215417, 7.169028 ], [ 2.215417, 7.16875 ], [ 2.215694, 7.16875 ], [ 2.215972, 7.168472 ], [ 2.21625, 7.168194 ], [ 2.216528, 7.167917 ], [ 2.216806, 7.167639 ], [ 2.217083, 7.167639 ], [ 2.217361, 7.167361 ], [ 2.217639, 7.167083 ] ] } },
{ "type": "Feature", "properties": { "strahler_order": 1, "longueur_km": 0.043360960433891066 }, "geometry": { "type": "LineString", "coordinates": [ [ 2.217639, 7.167083 ], [ 2.217917, 7.166806 ] ] } },
{ "type": "Feature", "properties": { "strahler_order": 1, "longueur_km": 0.63646778016563377 }, "geometry": { "type": "LineString", "coordinates": [ [ 2.123472, 7.174583 ], [ 2.123472, 7.174306 ], [ 2.123472, 7.174028 ], [ 2.123472, 7.17375 ], [ 2.123472, 7.173472 ], [ 2.123472, 7.173194 ], [ 2.123472, 7.172917 ], [ 2.123472, 7.172639 ], [ 2.123194, 7.172361 ], [ 2.123472, 7.172083 ], [ 2.12375, 7.171806 ], [ 2.123472, 7.171528 ], [ 2.123194, 7.17125 ], [ 2.123472, 7.170972 ], [ 2.12375, 7.170694 ], [ 2.124028, 7.170417 ], [ 2.124306, 7.170139 ], [ 2.124306, 7.169861 ] ] } },
{ "type": "Feature", "properties": { "strahler_order": 1, "longueur_km": 0.22241673033282874 }, "geometry": { "type": "LineString", "coordinates": [ [ 2.124306, 7.169861 ], [ 2.124306, 7.169583 ], [ 2.124306, 7.169306 ], [ 2.124028, 7.169028 ], [ 2.12375, 7.16875 ], [ 2.123472, 7.168472 ], [ 2.123472, 7.168194 ] ] } },
{ "type": "Feature", "properties": { "strahler_order": 1, "longueur_km": 1.5254072220556969 }, "geometry": { "type": "LineString", "coordinates": [ [ 2.123472, 7.168194 ], [ 2.12375, 7.167917 ], [ 2.124028, 7.167639 ], [ 2.124306, 7.167361 ], [ 2.124583, 7.167083 ], [ 2.124583, 7.166806 ], [ 2.124583, 7.166528 ], [ 2.124306, 7.16625 ], [ 2.124583, 7.165972 ], [ 2.124861, 7.165694 ], [ 2.125139, 7.165417 ], [ 2.125417, 7.165139 ], [ 2.125694, 7.164861 ], [ 2.125972, 7.164583 ], [ 2.12625, 7.164306 ], [ 2.12625, 7.164028 ], [ 2.125972, 7.16375 ], [ 2.125972, 7.163472 ], [ 2.125972, 7.163194 ], [ 2.125972, 7.162917 ], [ 2.125972, 7.162639 ], [ 2.125972, 7.162361 ], [ 2.12625, 7.162083 ], [ 2.12625, 7.161806 ], [ 2.126528, 7.161528 ], [ 2.126806, 7.161528 ], [ 2.127083, 7.16125 ], [ 2.127361, 7.160972 ], [ 2.127639, 7.160694 ], [ 2.127639, 7.160417 ], [ 2.127639, 7.160139 ], [ 2.127639, 7.159861 ], [ 2.127917, 7.159583 ], [ 2.127917, 7.159306 ], [ 2.127917, 7.159028 ], [ 2.127917, 7.15875 ], [ 2.128194, 7.158472 ], [ 2.128472, 7.158194 ], [ 2.12875, 7.158194 ], [ 2.129028, 7.158194 ], [ 2.129306, 7.158194 ], [ 2.129583, 7.158194 ] ] } },
{ "type": "Feature", "properties": { "strahler_order": 1, "longueur_km": 0.030588122779636368 }, "geometry": { "type": "LineString", "coordinates": [ [ 1.996806, 7.17375 ], [ 1.997083, 7.17375 ] ] } },
{ "type": "Feature", "properties": { "strahler_order": 1, "longueur_km": 1.075686675111506 }, "geometry": { "type": "LineString", "coordinates": [ [ 1.997083, 7.17375 ], [ 1.997361, 7.173472 ], [ 1.997639, 7.173194 ], [ 1.997639, 7.172917 ], [ 1.997917, 7.172639 ], [ 1.997917, 7.172361 ], [ 1.998194, 7.172083 ], [ 1.998472, 7.171806 ], [ 1.998472, 7.171528 ], [ 1.99875, 7.17125 ], [ 1.999028, 7.170972 ], [ 1.999306, 7.170694 ], [ 1.999583, 7.170417 ], [ 1.999583, 7.170139 ], [ 1.999861, 7.169861 ], [ 2.000139, 7.169583 ], [ 2.000139, 7.169306 ], [ 2.000139, 7.169028 ], [ 2.000417, 7.16875 ], [ 2.000417, 7.168472 ], [ 2.000417, 7.168194 ], [ 2.000694, 7.167917 ], [ 2.000417, 7.167639 ], [ 2.000417, 7.167361 ], [ 2.000417, 7.167083 ], [ 2.000694, 7.166806 ], [ 2.000694, 7.166528 ], [ 2.000972, 7.16625 ], [ 2.00125, 7.165972 ] ] } },
{ "type": "Feature", "properties": { "strahler_order": 1, "longueur_km": 0.62871177650700583 }, "geometry": { "type": "LineString", "coordinates": [ [ 1.950972, 7.173472 ], [ 1.950972, 7.173194 ], [ 1.950972, 7.172917 ], [ 1.950972, 7.172639 ], [ 1.950972, 7.172361 ], [ 1.950972, 7.172083 ], [ 1.950694, 7.171806 ], [ 1.950694, 7.171528 ], [ 1.950694, 7.17125 ], [ 1.950417, 7.17125 ], [ 1.950139, 7.170972 ], [ 1.949861, 7.170694 ], [ 1.949583, 7.170694 ], [ 1.949306, 7.170694 ], [ 1.949028, 7.170417 ], [ 1.94875, 7.170139 ], [ 1.948472, 7.169861 ], [ 1.948194, 7.169861 ], [ 1.947917, 7.169861 ] ] } },
{ "type": "Feature", "properties": { "strahler_order": 1, "longueur_km": 0.80987379466110165 }, "geometry": { "type": "LineString", "coordinates": [ [ 2.140972, 7.173472 ], [ 2.14125, 7.173194 ], [ 2.141528, 7.172917 ], [ 2.141528, 7.172639 ], [ 2.141806, 7.172361 ], [ 2.142083, 7.172083 ], [ 2.142361, 7.171806 ], [ 2.142361, 7.171528 ], [ 2.142083, 7.17125 ], [ 2.141806, 7.170972 ], [ 2.141528, 7.170694 ], [ 2.141528, 7.170417 ], [ 2.141528, 7.170139 ], [ 2.141806, 7.169861 ], [ 2.142083, 7.169583 ], [ 2.142361, 7.169583 ], [ 2.142361, 7.169306 ], [ 2.142639, 7.169028 ], [ 2.142917, 7.16875 ], [ 2.142917, 7.168472 ], [ 2.142917, 7.168194 ], [ 2.142639, 7.167917 ] ] } },
{ "type": "Feature", "properties": { "strahler_order": 1, "longueur_km": 2.7508300413177369 }, "geometry": { "type": "LineString", "coordinates": [ [ 2.142639, 7.167917 ], [ 2.142917, 7.167639 ], [ 2.143194, 7.167361 ], [ 2.143472, 7.167361 ], [ 2.14375, 7.167083 ], [ 2.144028, 7.166806 ], [ 2.144028, 7.166528 ], [ 2.144028, 7.16625 ], [ 2.144028, 7.165972 ], [ 2.144028, 7.165694 ], [ 2.14375, 7.165417 ], [ 2.14375, 7.165139 ], [ 2.14375, 7.164861 ], [ 2.144028, 7.164583 ], [ 2.144028, 7.164306 ], [ 2.144028, 7.164028 ], [ 2.144306, 7.16375 ], [ 2.144583, 7.163472 ], [ 2.144861, 7.163472 ], [ 2.145139, 7.163194 ], [ 2.145417, 7.163194 ], [ 2.145694, 7.162917 ], [ 2.145972, 7.162917 ], [ 2.14625, 7.162917 ], [ 2.146528, 7.162917 ], [ 2.146806, 7.162917 ], [ 2.147083, 7.162639 ], [ 2.147083, 7.162361 ], [ 2.147083, 7.162083 ], [ 2.147083, 7.161806 ], [ 2.147083, 7.161528 ], [ 2.147361, 7.16125 ], [ 2.147639, 7.160972 ], [ 2.147917, 7.160694 ], [ 2.148194, 7.160694 ], [ 2.148472, 7.160972 ], [ 2.14875, 7.160972 ], [ 2.149028, 7.160972 ], [ 2.149306, 7.160972 ], [ 2.149306, 7.160694 ], [ 2.149306, 7.160417 ], [ 2.149028, 7.160139 ], [ 2.14875, 7.159861 ], [ 2.14875, 7.159583 ], [ 2.14875, 7.159306 ], [ 2.14875, 7.159028 ], [ 2.14875, 7.15875 ], [ 2.14875, 7.158472 ], [ 2.14875, 7.158194 ], [ 2.149028, 7.157917 ], [ 2.149028, 7.157639 ], [ 2.149306, 7.157361 ], [ 2.149306, 7.157083 ], [ 2.149583, 7.156806 ], [ 2.149583, 7.156528 ], [ 2.149583, 7.15625 ], [ 2.149583, 7.155972 ], [ 2.149861, 7.155694 ], [ 2.149861, 7.155417 ], [ 2.149861, 7.155139 ], [ 2.149861, 7.154861 ], [ 2.149583, 7.154583 ], [ 2.149583, 7.154306 ], [ 2.149861, 7.154028 ], [ 2.150139, 7.15375 ], [ 2.150139, 7.153472 ], [ 2.150139, 7.153194 ], [ 2.149861, 7.153194 ], [ 2.149583, 7.152917 ], [ 2.149583, 7.152639 ], [ 2.149861, 7.152361 ], [ 2.149861, 7.152083 ], [ 2.149861, 7.151806 ], [ 2.149861, 7.151528 ], [ 2.149861, 7.15125 ], [ 2.149861, 7.150972 ], [ 2.149861, 7.150694 ], [ 2.150139, 7.150417 ], [ 2.150417, 7.150139 ] ] } },
{ "type": "Feature", "properties": { "strahler_order": 1, "longueur_km": 0.83266947768253352 }, "geometry": { "type": "LineString", "coordinates": [ [ 2.10375, 7.173194 ], [ 2.104028, 7.173194 ], [ 2.104306, 7.173194 ], [ 2.104583, 7.173194 ], [ 2.104861, 7.172917 ], [ 2.105139, 7.172917 ], [ 2.105417, 7.172917 ], [ 2.105694, 7.173194 ], [ 2.105972, 7.173194 ], [ 2.10625, 7.173472 ], [ 2.106528, 7.173472 ], [ 2.106806, 7.173194 ], [ 2.107083, 7.173194 ], [ 2.107361, 7.172917 ], [ 2.107639, 7.172639 ], [ 2.107917, 7.172639 ], [ 2.108194, 7.172917 ], [ 2.108472, 7.173194 ], [ 2.10875, 7.173194 ], [ 2.109028, 7.173472 ], [ 2.109306, 7.17375 ], [ 2.109583, 7.17375 ], [ 2.109861, 7.17375 ], [ 2.110139, 7.17375 ] ] } },
{ "type": "Feature", "properties": { "strahler_order": 1, "longueur_km": 0.030697555235602293 }, "geometry": { "type": "LineString", "coordinates": [ [ 2.110139, 7.17375 ], [ 2.110417, 7.17375 ] ] } },
{ "type": "Feature", "properties": { "strahler_order": 1, "longueur_km": 0.94514151747401476 }, "geometry": { "type": "LineString", "coordinates": [ [ 2.110417, 7.17375 ], [ 2.110694, 7.17375 ], [ 2.110972, 7.17375 ], [ 2.11125, 7.17375 ], [ 2.111528, 7.17375 ], [ 2.111806, 7.17375 ], [ 2.112083, 7.173472 ], [ 2.112083, 7.173194 ], [ 2.112083, 7.172917 ], [ 2.112361, 7.172917 ], [ 2.112639, 7.172639 ], [ 2.112917, 7.172639 ], [ 2.113194, 7.172361 ], [ 2.113472, 7.172083 ], [ 2.11375, 7.171806 ], [ 2.114028, 7.171528 ], [ 2.114306, 7.17125 ], [ 2.114583, 7.170972 ], [ 2.114861, 7.170694 ], [ 2.115139, 7.170417 ], [ 2.115139, 7.170139 ], [ 2.114861, 7.169861 ], [ 2.114583, 7.169583 ], [ 2.114306, 7.169306 ], [ 2.114306, 7.169028 ], [ 2.114583, 7.16875 ] ] } },
{ "type": "Feature", "properties": { "strahler_order": 1, "longueur_km": 3.1088365961215287 }, "geometry": { "type": "LineString", "coordinates": [ [ 2.005417, 7.172917 ], [ 2.005694, 7.172639 ], [ 2.005694, 7.172361 ], [ 2.005972, 7.172083 ], [ 2.00625, 7.171806 ], [ 2.006528, 7.171528 ], [ 2.006806, 7.171528 ], [ 2.007083, 7.171528 ], [ 2.007361, 7.171528 ], [ 2.007639, 7.171528 ], [ 2.007917, 7.17125 ], [ 2.008194, 7.170972 ], [ 2.008472, 7.170972 ], [ 2.00875, 7.170972 ], [ 2.009028, 7.17125 ], [ 2.009306, 7.17125 ], [ 2.009583, 7.17125 ], [ 2.009861, 7.171528 ], [ 2.010139, 7.171806 ], [ 2.010417, 7.171528 ], [ 2.010694, 7.17125 ], [ 2.010972, 7.170972 ], [ 2.01125, 7.170694 ], [ 2.011528, 7.170694 ], [ 2.011528, 7.170417 ], [ 2.011806, 7.170139 ], [ 2.012083, 7.169861 ], [ 2.012361, 7.169583 ], [ 2.012639, 7.169306 ], [ 2.012917, 7.169028 ], [ 2.013194, 7.16875 ], [ 2.013472, 7.168472 ], [ 2.01375, 7.168194 ], [ 2.014028, 7.167917 ], [ 2.014306, 7.167917 ], [ 2.014583, 7.167917 ], [ 2.014861, 7.167639 ], [ 2.015139, 7.167361 ], [ 2.015417, 7.167361 ], [ 2.015694, 7.167083 ], [ 2.015972, 7.167083 ], [ 2.01625, 7.167083 ], [ 2.016528, 7.167083 ], [ 2.016806, 7.167083 ], [ 2.017083, 7.166806 ], [ 2.017361, 7.166806 ], [ 2.017639, 7.166528 ], [ 2.017639, 7.16625 ], [ 2.017917, 7.165972 ], [ 2.018194, 7.165694 ], [ 2.018472, 7.165417 ], [ 2.01875, 7.165417 ], [ 2.019028, 7.165694 ], [ 2.019306, 7.165972 ], [ 2.019583, 7.165972 ], [ 2.019861, 7.165694 ], [ 2.020139, 7.165417 ], [ 2.020417, 7.165139 ], [ 2.020417, 7.164861 ], [ 2.020694, 7.164583 ], [ 2.020694, 7.164306 ], [ 2.020694, 7.164028 ], [ 2.020972, 7.16375 ], [ 2.02125, 7.163472 ], [ 2.021528, 7.163194 ], [ 2.021806, 7.162917 ], [ 2.022083, 7.162639 ], [ 2.022083, 7.162361 ], [ 2.022083, 7.162083 ], [ 2.021806, 7.161806 ], [ 2.021806, 7.161528 ], [ 2.021528, 7.16125 ], [ 2.021528, 7.160972 ], [ 2.021528, 7.160694 ], [ 2.02125, 7.160417 ], [ 2.020972, 7.160139 ], [ 2.020694, 7.159861 ], [ 2.020417, 7.159583 ], [ 2.020417, 7.159306 ], [ 2.020694, 7.159028 ], [ 2.020694, 7.15875 ], [ 2.020417, 7.158472 ] ] } },
{ "type": "Feature", "properties": { "strahler_order": 1, "longueur_km": 1.1062668820890775 }, "geometry": { "type": "LineString", "coordinates": [ [ 2.053194, 7.172917 ], [ 2.053472, 7.172639 ], [ 2.053472, 7.172361 ], [ 2.05375, 7.172083 ], [ 2.05375, 7.171806 ], [ 2.054028, 7.171528 ], [ 2.054306, 7.171528 ], [ 2.054583, 7.171528 ], [ 2.054861, 7.17125 ], [ 2.055139, 7.170972 ], [ 2.055417, 7.17125 ], [ 2.055694, 7.17125 ], [ 2.055972, 7.170972 ], [ 2.05625, 7.170694 ], [ 2.05625, 7.170417 ], [ 2.05625, 7.170139 ], [ 2.055972, 7.169861 ], [ 2.055694, 7.169583 ], [ 2.055417, 7.169306 ], [ 2.055139, 7.169306 ], [ 2.055139, 7.169028 ], [ 2.055139, 7.16875 ], [ 2.055139, 7.168472 ], [ 2.054861, 7.168194 ], [ 2.054583, 7.167917 ], [ 2.054583, 7.167639 ], [ 2.054306, 7.167361 ], [ 2.054583, 7.167083 ], [ 2.054861, 7.166806 ], [ 2.055139, 7.166528 ] ] } },
{ "type": "Feature", "properties": { "strahler_order": 1, "longueur_km": 3.1661612161341579 }, "geometry": { "type": "LineString", "coordinates": [ [ 2.055139, 7.166528 ], [ 2.055417, 7.16625 ], [ 2.055694, 7.165972 ], [ 2.055972, 7.165972 ], [ 2.05625, 7.165972 ], [ 2.056528, 7.165694 ], [ 2.056806, 7.165417 ], [ 2.057083, 7.165139 ], [ 2.056806, 7.164861 ], [ 2.056528, 7.164583 ], [ 2.05625, 7.164583 ], [ 2.05625, 7.164306 ], [ 2.055972, 7.164028 ], [ 2.05625, 7.16375 ], [ 2.056528, 7.163472 ], [ 2.056806, 7.163472 ], [ 2.057083, 7.163472 ], [ 2.057361, 7.163472 ], [ 2.057639, 7.16375 ], [ 2.057917, 7.16375 ], [ 2.058194, 7.164028 ], [ 2.058472, 7.164028 ], [ 2.05875, 7.164028 ], [ 2.059028, 7.164028 ], [ 2.059306, 7.164028 ], [ 2.059583, 7.164028 ], [ 2.059861, 7.164028 ], [ 2.060139, 7.164028 ], [ 2.060417, 7.164306 ], [ 2.060694, 7.164028 ], [ 2.060972, 7.16375 ], [ 2.06125, 7.16375 ], [ 2.061528, 7.16375 ], [ 2.061806, 7.16375 ], [ 2.062083, 7.16375 ], [ 2.062361, 7.16375 ], [ 2.062639, 7.163472 ], [ 2.062917, 7.163472 ], [ 2.063194, 7.163194 ], [ 2.063472, 7.163194 ], [ 2.06375, 7.163472 ], [ 2.064028, 7.163472 ], [ 2.064306, 7.163194 ], [ 2.064583, 7.163194 ], [ 2.064861, 7.163194 ], [ 2.065139, 7.162917 ], [ 2.065139, 7.162639 ], [ 2.065139, 7.162361 ], [ 2.065139, 7.162083 ], [ 2.065139, 7.161806 ], [ 2.065139, 7.161528 ], [ 2.065139, 7.16125 ], [ 2.065417, 7.160972 ], [ 2.065694, 7.160694 ], [ 2.065972, 7.160417 ], [ 2.06625, 7.160417 ], [ 2.066528, 7.160417 ], [ 2.066806, 7.160417 ], [ 2.067083, 7.160139 ], [ 2.067361, 7.159861 ], [ 2.067361, 7.159583 ], [ 2.067083, 7.159306 ], [ 2.067083, 7.159028 ], [ 2.067083, 7.15875 ], [ 2.067083, 7.158472 ], [ 2.067083, 7.158194 ], [ 2.066806, 7.157917 ], [ 2.066528, 7.157639 ], [ 2.066528, 7.157361 ], [ 2.066528, 7.157083 ], [ 2.06625, 7.156806 ], [ 2.065972, 7.156528 ], [ 2.065972, 7.15625 ], [ 2.065972, 7.155972 ], [ 2.06625, 7.155694 ], [ 2.066528, 7.155417 ], [ 2.066806, 7.155417 ], [ 2.067083, 7.155417 ], [ 2.067361, 7.155139 ], [ 2.067639, 7.154861 ], [ 2.067917, 7.154583 ], [ 2.067639, 7.154306 ], [ 2.067639, 7.154028 ], [ 2.067917, 7.15375 ], [ 2.067917, 7.153472 ], [ 2.068194, 7.153194 ], [ 2.068472, 7.153194 ], [ 2.06875, 7.152917 ] ] } },
{ "type": "Feature", "properties": { "strahler_order": 1, "longueur_km": 0.35255172021438591 }, "geometry": { "type": "LineString", "coordinates": [ [ 2.018194, 7.171806 ], [ 2.018472, 7.172083 ], [ 2.01875, 7.172361 ], [ 2.019028, 7.172639 ], [ 2.019306, 7.172917 ], [ 2.019306, 7.173194 ], [ 2.019306, 7.173472 ], [ 2.019583, 7.17375 ], [ 2.019861, 7.174028 ], [ 2.020139, 7.174028 ] ] } },
{ "type": "Feature", "properties": { "strahler_order": 1, "longueur_km": 0.71027128509981552 }, "geometry": { "type": "LineString", "coordinates": [ [ 2.020139, 7.174028 ], [ 2.020417, 7.174028 ], [ 2.020694, 7.174028 ], [ 2.020972, 7.17375 ], [ 2.02125, 7.17375 ], [ 2.021528, 7.17375 ], [ 2.021806, 7.174028 ], [ 2.022083, 7.174306 ], [ 2.022361, 7.174306 ], [ 2.022639, 7.174306 ], [ 2.022917, 7.174028 ], [ 2.023194, 7.17375 ], [ 2.023472, 7.173472 ], [ 2.02375, 7.173472 ], [ 2.024028, 7.173194 ], [ 2.024306, 7.172917 ], [ 2.024306, 7.172639 ], [ 2.024306, 7.172361 ], [ 2.024583, 7.172083 ], [ 2.024861, 7.171806 ] ] } },
{ "type": "Feature", "properties": { "strahler_order": 1, "longueur_km": 0.80222421836032753 }, "geometry": { "type": "LineString", "coordinates": [ [ 2.024861, 7.171806 ], [ 2.024861, 7.171528 ], [ 2.025139, 7.17125 ], [ 2.025139, 7.170972 ], [ 2.025417, 7.170694 ], [ 2.025417, 7.170417 ], [ 2.025694, 7.170139 ], [ 2.025972, 7.170139 ], [ 2.02625, 7.170139 ], [ 2.026528, 7.170139 ], [ 2.026806, 7.170417 ], [ 2.027083, 7.170417 ], [ 2.027361, 7.170139 ], [ 2.027639, 7.170139 ], [ 2.027917, 7.169861 ], [ 2.028194, 7.169583 ], [ 2.028472, 7.169306 ], [ 2.02875, 7.169306 ], [ 2.029028, 7.169583 ], [ 2.029306, 7.169583 ], [ 2.029583, 7.169583 ], [ 2.029861, 7.169306 ], [ 2.029861, 7.169028 ] ] } },
{ "type": "Feature", "properties": { "strahler_order": 1, "longueur_km": 1.8011965084651802 }, "geometry": { "type": "LineString", "coordinates": [ [ 1.964306, 7.17125 ], [ 1.964028, 7.170972 ], [ 1.96375, 7.170694 ], [ 1.963472, 7.170694 ], [ 1.963194, 7.170694 ], [ 1.962917, 7.170694 ], [ 1.962639, 7.170694 ], [ 1.962361, 7.170417 ], [ 1.962083, 7.170139 ], [ 1.961806, 7.170139 ], [ 1.961528, 7.169861 ], [ 1.96125, 7.169583 ], [ 1.960972, 7.169861 ], [ 1.960694, 7.169861 ], [ 1.960417, 7.169583 ], [ 1.960139, 7.169583 ], [ 1.959861, 7.169306 ], [ 1.959583, 7.169306 ], [ 1.959306, 7.169028 ], [ 1.959028, 7.16875 ], [ 1.95875, 7.16875 ], [ 1.958472, 7.169028 ], [ 1.958194, 7.169028 ], [ 1.957917, 7.169028 ], [ 1.957639, 7.16875 ], [ 1.957361, 7.168472 ], [ 1.957083, 7.168472 ], [ 1.956806, 7.168194 ], [ 1.956806, 7.167917 ], [ 1.956528, 7.167639 ], [ 1.95625, 7.167361 ], [ 1.955972, 7.167361 ], [ 1.955972, 7.167083 ], [ 1.955694, 7.167083 ], [ 1.955417, 7.166806 ], [ 1.955139, 7.166806 ], [ 1.954861, 7.166806 ], [ 1.954583, 7.166806 ], [ 1.954306, 7.167083 ], [ 1.954028, 7.167083 ], [ 1.95375, 7.167083 ], [ 1.953472, 7.167083 ], [ 1.953194, 7.167083 ], [ 1.952917, 7.167083 ], [ 1.952639, 7.166806 ], [ 1.952361, 7.166806 ], [ 1.952083, 7.166806 ], [ 1.951806, 7.166806 ], [ 1.951528, 7.166806 ], [ 1.95125, 7.166528 ], [ 1.950972, 7.166528 ] ] } },
{ "type": "Feature", "properties": { "strahler_order": 1, "longueur_km": 0.27841193642359713 }, "geometry": { "type": "LineString", "coordinates": [ [ 2.03125, 7.170972 ], [ 2.030972, 7.170694 ], [ 2.030694, 7.170417 ], [ 2.030417, 7.170139 ], [ 2.030139, 7.169861 ], [ 2.030139, 7.169583 ], [ 2.030139, 7.169306 ], [ 2.029861, 7.169028 ] ] } },
{ "type": "Feature", "properties": { "strahler_order": 1, "longueur_km": 5.7055088280407897 }, "geometry": { "type": "LineString", "coordinates": [ [ 2.029861, 7.169028 ], [ 2.029583, 7.16875 ], [ 2.029306, 7.168472 ], [ 2.029028, 7.168194 ], [ 2.029306, 7.167917 ], [ 2.029583, 7.167639 ], [ 2.029861, 7.167361 ], [ 2.030139, 7.167083 ], [ 2.030139, 7.166806 ], [ 2.030139, 7.166528 ], [ 2.030417, 7.16625 ], [ 2.030694, 7.165972 ], [ 2.030694, 7.165694 ], [ 2.030694, 7.165417 ], [ 2.030694, 7.165139 ], [ 2.030694, 7.164861 ], [ 2.030694, 7.164583 ], [ 2.030694, 7.164306 ], [ 2.030694, 7.164028 ], [ 2.030972, 7.16375 ], [ 2.03125, 7.163472 ], [ 2.031528, 7.163194 ], [ 2.031528, 7.162917 ], [ 2.031528, 7.162639 ], [ 2.031528, 7.162361 ], [ 2.031806, 7.162361 ], [ 2.032083, 7.162083 ], [ 2.032083, 7.161806 ], [ 2.032361, 7.161528 ], [ 2.032639, 7.16125 ], [ 2.032639, 7.160972 ], [ 2.032639, 7.160694 ], [ 2.032917, 7.160417 ], [ 2.033194, 7.160139 ], [ 2.033472, 7.160139 ], [ 2.03375, 7.159861 ], [ 2.034028, 7.159583 ], [ 2.034306, 7.159306 ], [ 2.034306, 7.159028 ], [ 2.034306, 7.15875 ], [ 2.034028, 7.158472 ], [ 2.034306, 7.158194 ], [ 2.034583, 7.157917 ], [ 2.034861, 7.157639 ], [ 2.035139, 7.157361 ], [ 2.035417, 7.157083 ], [ 2.035694, 7.156806 ], [ 2.035972, 7.156528 ], [ 2.03625, 7.156528 ], [ 2.036528, 7.156528 ], [ 2.036806, 7.156528 ], [ 2.037083, 7.156528 ], [ 2.037361, 7.156528 ], [ 2.037639, 7.156528 ], [ 2.037917, 7.156528 ], [ 2.038194, 7.156806 ], [ 2.038472, 7.156528 ], [ 2.03875, 7.15625 ], [ 2.039028, 7.15625 ], [ 2.039306, 7.155972 ], [ 2.039583, 7.155972 ], [ 2.039861, 7.155694 ], [ 2.040139, 7.155417 ], [ 2.040139, 7.155139 ], [ 2.040139, 7.154861 ], [ 2.039861, 7.154583 ], [ 2.039861, 7.154306 ], [ 2.039861, 7.154028 ], [ 2.040139, 7.15375 ], [ 2.040417, 7.153472 ], [ 2.040694, 7.153472 ], [ 2.040972, 7.153472 ], [ 2.04125, 7.15375 ], [ 2.041528, 7.15375 ], [ 2.041806, 7.15375 ], [ 2.042083, 7.15375 ], [ 2.042361, 7.153472 ], [ 2.042639, 7.153194 ], [ 2.042917, 7.152917 ], [ 2.043194, 7.152917 ], [ 2.043472, 7.152917 ], [ 2.04375, 7.152917 ], [ 2.044028, 7.152639 ], [ 2.044306, 7.152361 ], [ 2.044583, 7.152083 ], [ 2.044861, 7.152083 ], [ 2.045139, 7.152083 ], [ 2.045417, 7.151806 ], [ 2.045694, 7.151806 ], [ 2.045972, 7.151806 ], [ 2.04625, 7.151806 ], [ 2.046528, 7.151806 ], [ 2.046806, 7.151806 ], [ 2.047083, 7.151528 ], [ 2.047361, 7.15125 ], [ 2.047361, 7.150972 ], [ 2.047639, 7.150694 ], [ 2.047917, 7.150417 ], [ 2.048194, 7.150417 ], [ 2.048194, 7.150139 ], [ 2.048472, 7.149861 ], [ 2.04875, 7.149583 ], [ 2.049028, 7.149306 ], [ 2.049028, 7.149028 ], [ 2.049306, 7.14875 ], [ 2.049306, 7.148472 ], [ 2.049583, 7.148472 ], [ 2.049861, 7.148472 ], [ 2.050139, 7.148194 ], [ 2.050417, 7.147917 ], [ 2.050694, 7.147917 ], [ 2.050972, 7.148194 ], [ 2.05125, 7.148194 ], [ 2.051528, 7.148472 ], [ 2.051806, 7.148472 ], [ 2.052083, 7.14875 ], [ 2.052361, 7.149028 ], [ 2.052639, 7.149028 ], [ 2.052917, 7.14875 ], [ 2.053194, 7.148472 ], [ 2.053472, 7.148472 ], [ 2.05375, 7.14875 ], [ 2.054028, 7.148472 ], [ 2.054306, 7.148194 ], [ 2.054583, 7.148194 ], [ 2.054861, 7.148194 ], [ 2.055139, 7.147917 ], [ 2.055417, 7.147639 ], [ 2.055694, 7.147639 ], [ 2.055972, 7.147639 ], [ 2.05625, 7.147361 ], [ 2.05625, 7.147083 ], [ 2.05625, 7.146806 ], [ 2.056528, 7.146528 ], [ 2.056806, 7.146528 ], [ 2.057083, 7.146528 ], [ 2.057361, 7.146528 ], [ 2.057639, 7.146528 ], [ 2.057917, 7.14625 ], [ 2.058194, 7.145972 ], [ 2.058472, 7.145694 ], [ 2.05875, 7.145417 ], [ 2.059028, 7.145139 ], [ 2.059306, 7.144861 ], [ 2.059583, 7.144861 ], [ 2.059861, 7.144861 ], [ 2.059861, 7.145139 ], [ 2.059861, 7.145417 ], [ 2.060139, 7.145694 ], [ 2.060139, 7.145972 ], [ 2.060417, 7.14625 ], [ 2.060694, 7.146528 ], [ 2.060972, 7.146528 ], [ 2.06125, 7.146528 ], [ 2.061528, 7.146528 ] ] } },
{ "type": "Feature", "properties": { "strahler_order": 1, "longueur_km": 1.4007702362056789 }, "geometry": { "type": "LineString", "coordinates": [ [ 2.078194, 7.170139 ], [ 2.078472, 7.170139 ], [ 2.078472, 7.169861 ], [ 2.07875, 7.169583 ], [ 2.079028, 7.169306 ], [ 2.079028, 7.169028 ], [ 2.079028, 7.16875 ], [ 2.079028, 7.168472 ], [ 2.079028, 7.168194 ], [ 2.079028, 7.167917 ], [ 2.079028, 7.167639 ], [ 2.079028, 7.167361 ], [ 2.079028, 7.167083 ], [ 2.079028, 7.166806 ], [ 2.079306, 7.166528 ], [ 2.079306, 7.16625 ], [ 2.079306, 7.165972 ], [ 2.079306, 7.165694 ], [ 2.079028, 7.165417 ], [ 2.07875, 7.165139 ], [ 2.07875, 7.164861 ], [ 2.078472, 7.164583 ], [ 2.078194, 7.164306 ], [ 2.077917, 7.164028 ], [ 2.077639, 7.16375 ], [ 2.077917, 7.163472 ], [ 2.078194, 7.163472 ], [ 2.078472, 7.163472 ], [ 2.07875, 7.163194 ], [ 2.079028, 7.162917 ], [ 2.079306, 7.162639 ], [ 2.079306, 7.162361 ], [ 2.079306, 7.162083 ], [ 2.079306, 7.161806 ], [ 2.079583, 7.161528 ], [ 2.079583, 7.16125 ], [ 2.079306, 7.160972 ], [ 2.079028, 7.160694 ], [ 2.079028, 7.160417 ], [ 2.079028, 7.160139 ] ] } },
{ "type": "Feature", "properties": { "strahler_order": 1, "longueur_km": 0.69223575804180426 }, "geometry": { "type": "LineString", "coordinates": [ [ 2.065972, 7.169306 ], [ 2.06625, 7.169028 ], [ 2.066528, 7.16875 ], [ 2.066806, 7.168472 ], [ 2.067083, 7.168194 ], [ 2.067361, 7.168194 ], [ 2.067639, 7.168194 ], [ 2.067917, 7.167917 ], [ 2.068194, 7.167639 ], [ 2.068472, 7.167361 ], [ 2.06875, 7.167361 ], [ 2.069028, 7.167639 ], [ 2.069306, 7.167639 ], [ 2.069583, 7.167639 ], [ 2.069861, 7.167639 ], [ 2.070139, 7.167361 ], [ 2.070417, 7.167361 ], [ 2.070694, 7.167083 ], [ 2.070972, 7.166806 ] ] } },
{ "type": "Feature", "properties": { "strahler_order": 1, "longueur_km": 1.5739762867051683 }, "geometry": { "type": "LineString", "coordinates": [ [ 2.070972, 7.166806 ], [ 2.07125, 7.166528 ], [ 2.071528, 7.16625 ], [ 2.071806, 7.165972 ], [ 2.072083, 7.165972 ], [ 2.072361, 7.165694 ], [ 2.072639, 7.165694 ], [ 2.072917, 7.165694 ], [ 2.073194, 7.165694 ], [ 2.073472, 7.165694 ], [ 2.07375, 7.165694 ], [ 2.074028, 7.165417 ], [ 2.074306, 7.165139 ], [ 2.074583, 7.164861 ], [ 2.074861, 7.164583 ], [ 2.075139, 7.164306 ], [ 2.075139, 7.164028 ], [ 2.075139, 7.16375 ], [ 2.074861, 7.163472 ], [ 2.074583, 7.163194 ], [ 2.074583, 7.162917 ], [ 2.074583, 7.162639 ], [ 2.074861, 7.162361 ], [ 2.075139, 7.162361 ], [ 2.075417, 7.162361 ], [ 2.075694, 7.162083 ], [ 2.075694, 7.161806 ], [ 2.075694, 7.161528 ], [ 2.075417, 7.16125 ], [ 2.075417, 7.160972 ], [ 2.075694, 7.160694 ], [ 2.075972, 7.160694 ], [ 2.07625, 7.160417 ], [ 2.076528, 7.160139 ], [ 2.076806, 7.160139 ], [ 2.077083, 7.160139 ], [ 2.077361, 7.160139 ], [ 2.077639, 7.160139 ], [ 2.077917, 7.159861 ], [ 2.078194, 7.159861 ], [ 2.078194, 7.160139 ], [ 2.078472, 7.160417 ], [ 2.07875, 7.160417 ], [ 2.079028, 7.160139 ] ] } },
{ "type": "Feature", "properties": { "strahler_order": 1, "longueur_km": 0.13016685850962328 }, "geometry": { "type": "LineString", "coordinates": [ [ 2.079028, 7.160139 ], [ 2.079306, 7.159861 ], [ 2.079583, 7.159583 ], [ 2.079861, 7.159306 ] ] } },
{ "type": "Feature", "properties": { "strahler_order": 1, "longueur_km": 0.13542189241739144 }, "geometry": { "type": "LineString", "coordinates": [ [ 2.162639, 7.167917 ], [ 2.162361, 7.167639 ], [ 2.162083, 7.167639 ], [ 2.161806, 7.167639 ], [ 2.161528, 7.167639 ] ] } },
{ "type": "Feature", "properties": { "strahler_order": 1, "longueur_km": 1.0608395566892086 }, "geometry": { "type": "LineString", "coordinates": [ [ 2.161528, 7.167639 ], [ 2.16125, 7.167361 ], [ 2.160972, 7.167083 ], [ 2.160972, 7.166806 ], [ 2.160972, 7.166528 ], [ 2.16125, 7.16625 ], [ 2.161528, 7.16625 ], [ 2.161528, 7.165972 ], [ 2.161806, 7.165694 ], [ 2.161806, 7.165417 ], [ 2.162083, 7.165139 ], [ 2.162361, 7.164861 ], [ 2.162361, 7.164583 ], [ 2.162639, 7.164306 ], [ 2.162639, 7.164028 ], [ 2.162361, 7.16375 ], [ 2.162361, 7.163472 ], [ 2.162361, 7.163194 ], [ 2.162361, 7.162917 ], [ 2.162361, 7.162639 ], [ 2.162361, 7.162361 ], [ 2.162083, 7.162083 ], [ 2.162083, 7.161806 ], [ 2.162361, 7.161528 ], [ 2.162639, 7.16125 ], [ 2.162917, 7.16125 ], [ 2.163194, 7.16125 ], [ 2.163472, 7.16125 ], [ 2.16375, 7.16125 ], [ 2.164028, 7.16125 ], [ 2.164306, 7.16125 ] ] } },
{ "type": "Feature", "properties": { "strahler_order": 1, "longueur_km": 2.3050178707755582 }, "geometry": { "type": "LineString", "coordinates": [ [ 2.025972, 7.167361 ], [ 2.02625, 7.167083 ], [ 2.026528, 7.166806 ], [ 2.026528, 7.166528 ], [ 2.026528, 7.16625 ], [ 2.026806, 7.165972 ], [ 2.027083, 7.165694 ], [ 2.027361, 7.165694 ], [ 2.027639, 7.165417 ], [ 2.027917, 7.165139 ], [ 2.028194, 7.164861 ], [ 2.028194, 7.164583 ], [ 2.028194, 7.164306 ], [ 2.028194, 7.164028 ], [ 2.028194, 7.16375 ], [ 2.028472, 7.163472 ], [ 2.028472, 7.163194 ], [ 2.028194, 7.162917 ], [ 2.028194, 7.162639 ], [ 2.027917, 7.162361 ], [ 2.027917, 7.162083 ], [ 2.028194, 7.161806 ], [ 2.028472, 7.161528 ], [ 2.028472, 7.16125 ], [ 2.02875, 7.160972 ], [ 2.02875, 7.160694 ], [ 2.02875, 7.160417 ], [ 2.029028, 7.160139 ], [ 2.029306, 7.159861 ], [ 2.029306, 7.159583 ], [ 2.029583, 7.159306 ], [ 2.029861, 7.159028 ], [ 2.030139, 7.15875 ], [ 2.030139, 7.158472 ], [ 2.030139, 7.158194 ], [ 2.030139, 7.157917 ], [ 2.030139, 7.157639 ], [ 2.030139, 7.157361 ], [ 2.030139, 7.157083 ], [ 2.030139, 7.156806 ], [ 2.030139, 7.156528 ], [ 2.030139, 7.15625 ], [ 2.029861, 7.155972 ], [ 2.029583, 7.155694 ], [ 2.029306, 7.155417 ], [ 2.029028, 7.155139 ], [ 2.029028, 7.154861 ], [ 2.029028, 7.154583 ], [ 2.029306, 7.154306 ], [ 2.029583, 7.154028 ], [ 2.029583, 7.15375 ], [ 2.029583, 7.153472 ], [ 2.029861, 7.153194 ], [ 2.029583, 7.152917 ], [ 2.029306, 7.152639 ], [ 2.029028, 7.152361 ], [ 2.02875, 7.152083 ], [ 2.028472, 7.151806 ], [ 2.028194, 7.151528 ], [ 2.027917, 7.15125 ], [ 2.027639, 7.150972 ], [ 2.027361, 7.150694 ] ] } },
{ "type": "Feature", "properties": { "strahler_order": 1, "longueur_km": 1.2722343618668051 }, "geometry": { "type": "LineString", "coordinates": [ [ 2.147639, 7.167083 ], [ 2.147917, 7.167083 ], [ 2.148194, 7.166806 ], [ 2.148472, 7.166528 ], [ 2.14875, 7.16625 ], [ 2.149028, 7.165972 ], [ 2.149306, 7.165694 ], [ 2.149583, 7.165417 ], [ 2.149583, 7.165139 ], [ 2.149583, 7.164861 ], [ 2.149861, 7.164583 ], [ 2.150139, 7.164306 ], [ 2.150417, 7.164028 ], [ 2.150694, 7.16375 ], [ 2.150694, 7.163472 ], [ 2.150972, 7.163472 ], [ 2.15125, 7.163472 ], [ 2.151528, 7.163472 ], [ 2.151806, 7.163472 ], [ 2.152083, 7.163472 ], [ 2.152361, 7.163472 ], [ 2.152639, 7.163472 ], [ 2.152917, 7.163472 ], [ 2.153194, 7.163194 ], [ 2.153472, 7.162917 ], [ 2.153472, 7.162639 ], [ 2.15375, 7.162639 ], [ 2.154028, 7.162361 ], [ 2.154306, 7.162083 ], [ 2.154583, 7.161806 ], [ 2.154861, 7.161528 ], [ 2.155139, 7.16125 ], [ 2.155417, 7.16125 ], [ 2.155694, 7.16125 ], [ 2.155972, 7.161528 ] ] } },
{ "type": "Feature", "properties": { "strahler_order": 1, "longueur_km": 1.1547033040267753 }, "geometry": { "type": "LineString", "coordinates": [ [ 2.155972, 7.161528 ], [ 2.15625, 7.16125 ], [ 2.156528, 7.16125 ], [ 2.156806, 7.16125 ], [ 2.157083, 7.16125 ], [ 2.157361, 7.16125 ], [ 2.157639, 7.16125 ], [ 2.157917, 7.16125 ], [ 2.158194, 7.160972 ], [ 2.158472, 7.160972 ], [ 2.15875, 7.160694 ], [ 2.159028, 7.160417 ], [ 2.159028, 7.160139 ], [ 2.159306, 7.159861 ], [ 2.159583, 7.159583 ], [ 2.159861, 7.159306 ], [ 2.160139, 7.159306 ], [ 2.160417, 7.159583 ], [ 2.160694, 7.159583 ], [ 2.160972, 7.159861 ], [ 2.16125, 7.159861 ], [ 2.161528, 7.159861 ], [ 2.161806, 7.159861 ], [ 2.162083, 7.159583 ], [ 2.162361, 7.159583 ], [ 2.162639, 7.159583 ], [ 2.162917, 7.159861 ], [ 2.163194, 7.160139 ], [ 2.163472, 7.160417 ], [ 2.16375, 7.160694 ], [ 2.164028, 7.160972 ], [ 2.164306, 7.16125 ] ] } },
{ "type": "Feature", "properties": { "strahler_order": 1, "longueur_km": 1.2286640923877703 }, "geometry": { "type": "LineString", "coordinates": [ [ 2.164306, 7.16125 ], [ 2.164583, 7.16125 ], [ 2.164861, 7.161528 ], [ 2.165139, 7.161528 ], [ 2.165417, 7.161528 ], [ 2.165694, 7.161528 ], [ 2.165972, 7.161806 ], [ 2.16625, 7.161806 ], [ 2.166528, 7.161528 ], [ 2.166528, 7.16125 ], [ 2.166806, 7.160972 ], [ 2.167083, 7.160694 ], [ 2.167361, 7.160417 ], [ 2.167639, 7.160139 ], [ 2.167917, 7.159861 ], [ 2.168194, 7.159583 ], [ 2.168472, 7.159306 ], [ 2.16875, 7.159028 ], [ 2.169028, 7.15875 ], [ 2.169306, 7.15875 ], [ 2.169583, 7.15875 ], [ 2.169861, 7.15875 ], [ 2.170139, 7.159028 ], [ 2.170417, 7.159306 ], [ 2.170694, 7.159306 ], [ 2.170972, 7.159306 ], [ 2.17125, 7.159306 ], [ 2.171528, 7.159306 ], [ 2.171806, 7.159583 ], [ 2.172083, 7.159861 ], [ 2.172361, 7.160139 ], [ 2.172639, 7.160139 ], [ 2.172917, 7.160139 ], [ 2.173194, 7.160139 ] ] } },
{ "type": "Feature", "properties": { "strahler_order": 1, "longueur_km": 0.39586316813070549 }, "geometry": { "type": "LineString", "coordinates": [ [ 2.17375, 7.167083 ], [ 2.173472, 7.166806 ], [ 2.173194, 7.166528 ], [ 2.172917, 7.166528 ], [ 2.172639, 7.16625 ], [ 2.172361, 7.16625 ], [ 2.172083, 7.165972 ], [ 2.171806, 7.165694 ], [ 2.171528, 7.165417 ], [ 2.17125, 7.165139 ], [ 2.17125, 7.164861 ] ] } },
{ "type": "Feature", "properties": { "strahler_order": 1, "longueur_km": 0.784351096503621 }, "geometry": { "type": "LineString", "coordinates": [ [ 2.17125, 7.164861 ], [ 2.171528, 7.164861 ], [ 2.171806, 7.164583 ], [ 2.172083, 7.164306 ], [ 2.172361, 7.164306 ], [ 2.172639, 7.164306 ], [ 2.172917, 7.164028 ], [ 2.173194, 7.16375 ], [ 2.173194, 7.163472 ], [ 2.173194, 7.163194 ], [ 2.173194, 7.162917 ], [ 2.172917, 7.162639 ], [ 2.172639, 7.162639 ], [ 2.172361, 7.162361 ], [ 2.172361, 7.162083 ], [ 2.172639, 7.161806 ], [ 2.172917, 7.161528 ], [ 2.172917, 7.16125 ], [ 2.172639, 7.160972 ], [ 2.172917, 7.160694 ], [ 2.172917, 7.160417 ], [ 2.173194, 7.160139 ] ] } },
{ "type": "Feature", "properties": { "strahler_order": 1, "longueur_km": 0.13024159031175572 }, "geometry": { "type": "LineString", "coordinates": [ [ 2.173194, 7.160139 ], [ 2.173472, 7.159861 ], [ 2.17375, 7.159583 ], [ 2.174028, 7.159306 ] ] } },
{ "type": "Feature", "properties": { "strahler_order": 1, "longueur_km": 0.68484648630202893 }, "geometry": { "type": "LineString", "coordinates": [ [ 1.995972, 7.166528 ], [ 1.99625, 7.16625 ], [ 1.996528, 7.16625 ], [ 1.996806, 7.165972 ], [ 1.997083, 7.165972 ], [ 1.997361, 7.165972 ], [ 1.997639, 7.165694 ], [ 1.997917, 7.165694 ], [ 1.998194, 7.165972 ], [ 1.998472, 7.165972 ], [ 1.99875, 7.16625 ], [ 1.999028, 7.166528 ], [ 1.999306, 7.166528 ], [ 1.999583, 7.16625 ], [ 1.999861, 7.16625 ], [ 2.000139, 7.165972 ], [ 2.000417, 7.165972 ], [ 2.000694, 7.165972 ], [ 2.000972, 7.165972 ], [ 2.00125, 7.165972 ] ] } },
{ "type": "Feature", "properties": { "strahler_order": 1, "longueur_km": 0.79520416868434018 }, "geometry": { "type": "LineString", "coordinates": [ [ 2.00125, 7.165972 ], [ 2.001528, 7.165972 ], [ 2.001806, 7.165972 ], [ 2.002083, 7.165972 ], [ 2.002361, 7.165972 ], [ 2.002639, 7.165972 ], [ 2.002917, 7.165694 ], [ 2.002917, 7.165417 ], [ 2.002917, 7.165139 ], [ 2.002917, 7.164861 ], [ 2.002917, 7.164583 ], [ 2.002639, 7.164306 ], [ 2.002361, 7.164028 ], [ 2.002361, 7.16375 ], [ 2.002361, 7.163472 ], [ 2.002639, 7.163194 ], [ 2.002917, 7.162917 ], [ 2.002917, 7.162639 ], [ 2.002917, 7.162361 ], [ 2.002639, 7.162083 ], [ 2.002639, 7.161806 ], [ 2.002639, 7.161528 ], [ 2.002639, 7.16125 ], [ 2.002361, 7.160972 ] ] } },
{ "type": "Feature", "properties": { "strahler_order": 1, "longueur_km": 1.6733848770694231 }, "geometry": { "type": "LineString", "coordinates": [ [ 2.002361, 7.160972 ], [ 2.002639, 7.160694 ], [ 2.002917, 7.160417 ], [ 2.003194, 7.160139 ], [ 2.003472, 7.160139 ], [ 2.00375, 7.160139 ], [ 2.004028, 7.160139 ], [ 2.004306, 7.160139 ], [ 2.004583, 7.160417 ], [ 2.004861, 7.160694 ], [ 2.005139, 7.160694 ], [ 2.005417, 7.160417 ], [ 2.005694, 7.160139 ], [ 2.005972, 7.159861 ], [ 2.00625, 7.159583 ], [ 2.006528, 7.159583 ], [ 2.006806, 7.159306 ], [ 2.007083, 7.159028 ], [ 2.007361, 7.159028 ], [ 2.007639, 7.15875 ], [ 2.007917, 7.158472 ], [ 2.008194, 7.158194 ], [ 2.008194, 7.157917 ], [ 2.008472, 7.157639 ], [ 2.00875, 7.157639 ], [ 2.009028, 7.157639 ], [ 2.009306, 7.157917 ], [ 2.009583, 7.158194 ], [ 2.009861, 7.158194 ], [ 2.010139, 7.157917 ], [ 2.010417, 7.157639 ], [ 2.010694, 7.157361 ], [ 2.010972, 7.157361 ], [ 2.01125, 7.157639 ], [ 2.011528, 7.157639 ], [ 2.011806, 7.157639 ], [ 2.012083, 7.157361 ], [ 2.012083, 7.157083 ], [ 2.012083, 7.156806 ], [ 2.012083, 7.156528 ], [ 2.012083, 7.15625 ], [ 2.012083, 7.155972 ], [ 2.011806, 7.155694 ], [ 2.011806, 7.155417 ], [ 2.011806, 7.155139 ], [ 2.011806, 7.154861 ] ] } },
{ "type": "Feature", "properties": { "strahler_order": 1, "longueur_km": 1.2213863366430473 }, "geometry": { "type": "LineString", "coordinates": [ [ 1.947639, 7.16625 ], [ 1.947361, 7.166528 ], [ 1.947083, 7.166806 ], [ 1.946806, 7.167083 ], [ 1.946528, 7.167361 ], [ 1.94625, 7.167639 ], [ 1.945972, 7.167639 ], [ 1.945694, 7.167639 ], [ 1.945417, 7.167639 ], [ 1.945139, 7.167639 ], [ 1.944861, 7.167639 ], [ 1.944583, 7.167639 ], [ 1.944306, 7.167639 ], [ 1.944028, 7.167639 ], [ 1.94375, 7.167639 ], [ 1.94375, 7.167361 ], [ 1.943472, 7.167083 ], [ 1.943194, 7.167083 ], [ 1.942917, 7.167083 ], [ 1.942639, 7.167083 ], [ 1.942361, 7.167083 ], [ 1.942083, 7.167361 ], [ 1.941806, 7.167639 ], [ 1.941528, 7.167917 ], [ 1.94125, 7.167917 ], [ 1.940972, 7.167917 ], [ 1.940694, 7.168194 ], [ 1.940417, 7.168194 ], [ 1.940139, 7.168194 ], [ 1.939861, 7.168472 ], [ 1.939583, 7.16875 ], [ 1.939306, 7.169028 ], [ 1.939306, 7.169306 ], [ 1.939028, 7.169583 ], [ 1.939028, 7.169861 ] ] } },
{ "type": "Feature", "properties": { "strahler_order": 1, "longueur_km": 2.6784484860909772 }, "geometry": { "type": "LineString", "coordinates": [ [ 1.970417, 7.165972 ], [ 1.970417, 7.165694 ], [ 1.970139, 7.165417 ], [ 1.970139, 7.165139 ], [ 1.970139, 7.164861 ], [ 1.970139, 7.164583 ], [ 1.970139, 7.164306 ], [ 1.970139, 7.164028 ], [ 1.970139, 7.16375 ], [ 1.969861, 7.163472 ], [ 1.969861, 7.163194 ], [ 1.969861, 7.162917 ], [ 1.969861, 7.162639 ], [ 1.970139, 7.162361 ], [ 1.970417, 7.162083 ], [ 1.970694, 7.162083 ], [ 1.970972, 7.161806 ], [ 1.97125, 7.161528 ], [ 1.97125, 7.16125 ], [ 1.971528, 7.160972 ], [ 1.971528, 7.160694 ], [ 1.971528, 7.160417 ], [ 1.971528, 7.160139 ], [ 1.97125, 7.159861 ], [ 1.970972, 7.159583 ], [ 1.970694, 7.159583 ], [ 1.970417, 7.159583 ], [ 1.970139, 7.159306 ], [ 1.969861, 7.159028 ], [ 1.969583, 7.15875 ], [ 1.969583, 7.158472 ], [ 1.969306, 7.158194 ], [ 1.969583, 7.157917 ], [ 1.969861, 7.157639 ], [ 1.970139, 7.157639 ], [ 1.970417, 7.157361 ], [ 1.970694, 7.157083 ], [ 1.970694, 7.156806 ], [ 1.970694, 7.156528 ], [ 1.970694, 7.15625 ], [ 1.970972, 7.155972 ], [ 1.970972, 7.155694 ], [ 1.970694, 7.155417 ], [ 1.970417, 7.155139 ], [ 1.970417, 7.154861 ], [ 1.970139, 7.154583 ], [ 1.970139, 7.154306 ], [ 1.970139, 7.154028 ], [ 1.970139, 7.15375 ], [ 1.970139, 7.153472 ], [ 1.970139, 7.153194 ], [ 1.970139, 7.152917 ], [ 1.970139, 7.152639 ], [ 1.970139, 7.152361 ], [ 1.970417, 7.152083 ], [ 1.970694, 7.152083 ], [ 1.970972, 7.152083 ], [ 1.97125, 7.151806 ], [ 1.971528, 7.151528 ], [ 1.971806, 7.15125 ], [ 1.971806, 7.150972 ], [ 1.971806, 7.150694 ], [ 1.971806, 7.150417 ], [ 1.972083, 7.150139 ], [ 1.972361, 7.149861 ], [ 1.972639, 7.149583 ], [ 1.972917, 7.149583 ], [ 1.973194, 7.149583 ], [ 1.973472, 7.149306 ], [ 1.97375, 7.149028 ], [ 1.974028, 7.14875 ], [ 1.974306, 7.14875 ], [ 1.974583, 7.14875 ], [ 1.974861, 7.14875 ], [ 1.975139, 7.148472 ] ] } },
{ "type": "Feature", "properties": { "strahler_order": 1, "longueur_km": 1.4129540995463428 }, "geometry": { "type": "LineString", "coordinates": [ [ 2.104028, 7.165972 ], [ 2.104306, 7.165972 ], [ 2.104583, 7.165972 ], [ 2.104861, 7.165972 ], [ 2.105139, 7.165972 ], [ 2.105417, 7.165972 ], [ 2.105694, 7.16625 ], [ 2.105972, 7.166528 ], [ 2.10625, 7.166806 ], [ 2.106528, 7.167083 ], [ 2.106806, 7.167361 ], [ 2.106806, 7.167639 ], [ 2.107083, 7.167917 ], [ 2.107361, 7.167917 ], [ 2.107639, 7.167917 ], [ 2.107917, 7.168194 ], [ 2.108194, 7.168472 ], [ 2.108472, 7.168472 ], [ 2.10875, 7.168472 ], [ 2.109028, 7.168472 ], [ 2.109306, 7.16875 ], [ 2.109583, 7.169028 ], [ 2.109861, 7.169028 ], [ 2.110139, 7.169028 ], [ 2.110417, 7.169028 ], [ 2.110694, 7.16875 ], [ 2.110972, 7.16875 ], [ 2.11125, 7.16875 ], [ 2.111528, 7.16875 ], [ 2.111806, 7.169028 ], [ 2.112083, 7.169306 ], [ 2.112361, 7.169306 ], [ 2.112639, 7.169028 ], [ 2.112917, 7.169028 ], [ 2.113194, 7.16875 ], [ 2.113472, 7.168472 ], [ 2.11375, 7.168472 ], [ 2.114028, 7.16875 ], [ 2.114306, 7.16875 ], [ 2.114583, 7.16875 ] ] } },
{ "type": "Feature", "properties": { "strahler_order": 1, "longueur_km": 1.3486838141302471 }, "geometry": { "type": "LineString", "coordinates": [ [ 2.114583, 7.16875 ], [ 2.114861, 7.168472 ], [ 2.114861, 7.168194 ], [ 2.115139, 7.168194 ], [ 2.115417, 7.168472 ], [ 2.115694, 7.16875 ], [ 2.115972, 7.16875 ], [ 2.11625, 7.168472 ], [ 2.116528, 7.168472 ], [ 2.116806, 7.168194 ], [ 2.117083, 7.167917 ], [ 2.117361, 7.167639 ], [ 2.117639, 7.167361 ], [ 2.117917, 7.167083 ], [ 2.118194, 7.166806 ], [ 2.118472, 7.166528 ], [ 2.11875, 7.16625 ], [ 2.119028, 7.165972 ], [ 2.119306, 7.165694 ], [ 2.119583, 7.165417 ], [ 2.119861, 7.165139 ], [ 2.120139, 7.164861 ], [ 2.120417, 7.164583 ], [ 2.120694, 7.164306 ], [ 2.120694, 7.164028 ], [ 2.120972, 7.16375 ], [ 2.120972, 7.163472 ], [ 2.120694, 7.163194 ], [ 2.120417, 7.162917 ], [ 2.120694, 7.162639 ], [ 2.120694, 7.162361 ], [ 2.120694, 7.162083 ], [ 2.120694, 7.161806 ], [ 2.120694, 7.161528 ], [ 2.120417, 7.16125 ] ] } },
{ "type": "Feature", "properties": { "strahler_order": 1, "longueur_km": 2.894570179153428 }, "geometry": { "type": "LineString", "coordinates": [ [ 2.192917, 7.165417 ], [ 2.193194, 7.165694 ], [ 2.193472, 7.165972 ], [ 2.19375, 7.16625 ], [ 2.194028, 7.166528 ], [ 2.194028, 7.166806 ], [ 2.194028, 7.167083 ], [ 2.194306, 7.167361 ], [ 2.194583, 7.167639 ], [ 2.194861, 7.167917 ], [ 2.195139, 7.167917 ], [ 2.195417, 7.168194 ], [ 2.195694, 7.168194 ], [ 2.195972, 7.168194 ], [ 2.19625, 7.167917 ], [ 2.19625, 7.167639 ], [ 2.19625, 7.167361 ], [ 2.19625, 7.167083 ], [ 2.19625, 7.166806 ], [ 2.196528, 7.166528 ], [ 2.196806, 7.166528 ], [ 2.197083, 7.16625 ], [ 2.197361, 7.16625 ], [ 2.197639, 7.16625 ], [ 2.197917, 7.165972 ], [ 2.198194, 7.165972 ], [ 2.198472, 7.165972 ], [ 2.19875, 7.165972 ], [ 2.199028, 7.165972 ], [ 2.199306, 7.165972 ], [ 2.199583, 7.165694 ], [ 2.199861, 7.165694 ], [ 2.200139, 7.165417 ], [ 2.200417, 7.165417 ], [ 2.200694, 7.165694 ], [ 2.200972, 7.165972 ], [ 2.20125, 7.16625 ], [ 2.201528, 7.166528 ], [ 2.201806, 7.16625 ], [ 2.202083, 7.165972 ], [ 2.202083, 7.165694 ], [ 2.202083, 7.165417 ], [ 2.202361, 7.165139 ], [ 2.202639, 7.164861 ], [ 2.202917, 7.164583 ], [ 2.203194, 7.164583 ], [ 2.203472, 7.164583 ], [ 2.20375, 7.164861 ], [ 2.204028, 7.164861 ], [ 2.204306, 7.164861 ], [ 2.204583, 7.165139 ], [ 2.204861, 7.165417 ], [ 2.205139, 7.165417 ], [ 2.205417, 7.165417 ], [ 2.205694, 7.165417 ], [ 2.205972, 7.165417 ], [ 2.20625, 7.165139 ], [ 2.206528, 7.165139 ], [ 2.206806, 7.165139 ], [ 2.207083, 7.165417 ], [ 2.207361, 7.165139 ], [ 2.207639, 7.164861 ], [ 2.207639, 7.164583 ], [ 2.207639, 7.164306 ], [ 2.207917, 7.164306 ], [ 2.208194, 7.164306 ], [ 2.208472, 7.164306 ], [ 2.20875, 7.164306 ], [ 2.209028, 7.164306 ], [ 2.209306, 7.164306 ], [ 2.209583, 7.164028 ], [ 2.209861, 7.16375 ], [ 2.210139, 7.163472 ], [ 2.210417, 7.163472 ], [ 2.210694, 7.163194 ], [ 2.210972, 7.162917 ], [ 2.21125, 7.162639 ], [ 2.211528, 7.162361 ], [ 2.211806, 7.162361 ], [ 2.212083, 7.162361 ] ] } },
{ "type": "Feature", "properties": { "strahler_order": 1, "longueur_km": 1.5916778861787468 }, "geometry": { "type": "LineString", "coordinates": [ [ 2.035139, 7.164861 ], [ 2.035417, 7.164583 ], [ 2.035694, 7.164306 ], [ 2.035972, 7.164028 ], [ 2.03625, 7.16375 ], [ 2.03625, 7.163472 ], [ 2.03625, 7.163194 ], [ 2.035972, 7.162917 ], [ 2.035972, 7.162639 ], [ 2.035972, 7.162361 ], [ 2.035972, 7.162083 ], [ 2.035972, 7.161806 ], [ 2.035972, 7.161528 ], [ 2.03625, 7.16125 ], [ 2.036528, 7.16125 ], [ 2.036806, 7.161528 ], [ 2.037083, 7.161528 ], [ 2.037361, 7.161528 ], [ 2.037639, 7.161806 ], [ 2.037917, 7.161806 ], [ 2.038194, 7.161806 ], [ 2.038472, 7.161806 ], [ 2.03875, 7.162083 ], [ 2.039028, 7.162361 ], [ 2.039306, 7.162361 ], [ 2.039583, 7.162639 ], [ 2.039861, 7.162917 ], [ 2.040139, 7.163194 ], [ 2.040417, 7.163194 ], [ 2.040694, 7.163194 ], [ 2.040972, 7.162917 ], [ 2.04125, 7.162917 ], [ 2.041528, 7.162917 ], [ 2.041806, 7.162639 ], [ 2.042083, 7.162361 ], [ 2.042361, 7.162083 ], [ 2.042639, 7.162083 ], [ 2.042917, 7.162083 ], [ 2.043194, 7.162083 ], [ 2.043472, 7.161806 ], [ 2.04375, 7.161806 ], [ 2.044028, 7.161806 ], [ 2.044306, 7.161806 ], [ 2.044583, 7.161806 ], [ 2.044861, 7.162083 ] ] } },
{ "type": "Feature", "properties": { "strahler_order": 1, "longueur_km": 3.2167082984847859 }, "geometry": { "type": "LineString", "coordinates": [ [ 2.044861, 7.162083 ], [ 2.045139, 7.161806 ], [ 2.045417, 7.161528 ], [ 2.045694, 7.161528 ], [ 2.045972, 7.16125 ], [ 2.045972, 7.160972 ], [ 2.04625, 7.160694 ], [ 2.04625, 7.160417 ], [ 2.046528, 7.160139 ], [ 2.046806, 7.159861 ], [ 2.046806, 7.159583 ], [ 2.046806, 7.159306 ], [ 2.046528, 7.159028 ], [ 2.04625, 7.15875 ], [ 2.04625, 7.158472 ], [ 2.046528, 7.158194 ], [ 2.046806, 7.158194 ], [ 2.047083, 7.157917 ], [ 2.047361, 7.157639 ], [ 2.047639, 7.157361 ], [ 2.047917, 7.157361 ], [ 2.048194, 7.157361 ], [ 2.048472, 7.157083 ], [ 2.04875, 7.157083 ], [ 2.049028, 7.157083 ], [ 2.049306, 7.157083 ], [ 2.049583, 7.156806 ], [ 2.049861, 7.156806 ], [ 2.050139, 7.156806 ], [ 2.050417, 7.157083 ], [ 2.050694, 7.156806 ], [ 2.050972, 7.156806 ], [ 2.05125, 7.157083 ], [ 2.051528, 7.157361 ], [ 2.051806, 7.157361 ], [ 2.052083, 7.157361 ], [ 2.052361, 7.157361 ], [ 2.052639, 7.157361 ], [ 2.052917, 7.157083 ], [ 2.052917, 7.156806 ], [ 2.052917, 7.156528 ], [ 2.053194, 7.15625 ], [ 2.053194, 7.155972 ], [ 2.052917, 7.155694 ], [ 2.052917, 7.155417 ], [ 2.052917, 7.155139 ], [ 2.053194, 7.154861 ], [ 2.053472, 7.154583 ], [ 2.05375, 7.154306 ], [ 2.054028, 7.154028 ], [ 2.054306, 7.15375 ], [ 2.054306, 7.153472 ], [ 2.054583, 7.153194 ], [ 2.054861, 7.152917 ], [ 2.055139, 7.152639 ], [ 2.055417, 7.152639 ], [ 2.055694, 7.152639 ], [ 2.055972, 7.152361 ], [ 2.05625, 7.152361 ], [ 2.056528, 7.152361 ], [ 2.056806, 7.152361 ], [ 2.057083, 7.152083 ], [ 2.057361, 7.152083 ], [ 2.057639, 7.152083 ], [ 2.057917, 7.152361 ], [ 2.058194, 7.152083 ], [ 2.058472, 7.151806 ], [ 2.05875, 7.151806 ], [ 2.059028, 7.151806 ], [ 2.059306, 7.151528 ], [ 2.059583, 7.15125 ], [ 2.059583, 7.150972 ], [ 2.059583, 7.150694 ], [ 2.059861, 7.150417 ], [ 2.060139, 7.150139 ], [ 2.060139, 7.149861 ], [ 2.060139, 7.149583 ], [ 2.060139, 7.149306 ], [ 2.060139, 7.149028 ], [ 2.060417, 7.14875 ], [ 2.060694, 7.148472 ], [ 2.060972, 7.148194 ], [ 2.06125, 7.147917 ], [ 2.061528, 7.147639 ], [ 2.061528, 7.147361 ], [ 2.061528, 7.147083 ], [ 2.061528, 7.146806 ], [ 2.061528, 7.146528 ] ] } },
{ "type": "Feature", "properties": { "strahler_order": 1, "longueur_km": 2.2541573763092697 }, "geometry": { "type": "LineString", "coordinates": [ [ 2.061528, 7.146528 ], [ 2.061806, 7.146528 ], [ 2.062083, 7.146528 ], [ 2.062361, 7.146528 ], [ 2.062639, 7.146528 ], [ 2.062917, 7.146528 ], [ 2.062917, 7.14625 ], [ 2.063194, 7.145972 ], [ 2.063472, 7.145694 ], [ 2.063472, 7.145417 ], [ 2.063194, 7.145139 ], [ 2.063194, 7.144861 ], [ 2.062917, 7.144583 ], [ 2.062917, 7.144306 ], [ 2.062917, 7.144028 ], [ 2.062917, 7.14375 ], [ 2.062917, 7.143472 ], [ 2.063194, 7.143194 ], [ 2.063194, 7.142917 ], [ 2.063472, 7.142917 ], [ 2.06375, 7.142639 ], [ 2.06375, 7.142361 ], [ 2.06375, 7.142083 ], [ 2.064028, 7.141806 ], [ 2.064028, 7.141528 ], [ 2.064306, 7.14125 ], [ 2.064583, 7.140972 ], [ 2.064861, 7.140972 ], [ 2.065139, 7.140694 ], [ 2.065417, 7.140694 ], [ 2.065694, 7.140694 ], [ 2.065972, 7.140694 ], [ 2.06625, 7.140694 ], [ 2.066528, 7.140694 ], [ 2.066806, 7.140694 ], [ 2.067083, 7.140694 ], [ 2.067361, 7.140694 ], [ 2.067639, 7.140694 ], [ 2.067917, 7.140694 ], [ 2.068194, 7.140694 ], [ 2.068472, 7.140694 ], [ 2.06875, 7.140694 ], [ 2.06875, 7.140417 ], [ 2.06875, 7.140139 ], [ 2.069028, 7.139861 ], [ 2.069306, 7.139583 ], [ 2.069583, 7.139583 ], [ 2.069861, 7.139583 ], [ 2.070139, 7.139861 ], [ 2.070417, 7.140139 ], [ 2.070694, 7.139861 ], [ 2.070972, 7.139861 ], [ 2.07125, 7.139583 ], [ 2.071528, 7.139583 ], [ 2.071806, 7.139583 ], [ 2.072083, 7.139583 ], [ 2.072361, 7.139583 ], [ 2.072639, 7.139583 ], [ 2.072917, 7.139583 ], [ 2.073194, 7.139583 ], [ 2.073472, 7.139583 ], [ 2.07375, 7.139306 ], [ 2.074028, 7.139306 ], [ 2.074306, 7.139306 ], [ 2.074583, 7.139306 ], [ 2.074861, 7.139306 ], [ 2.075139, 7.139028 ] ] } },
{ "type": "Feature", "properties": { "strahler_order": 1, "longueur_km": 0.1173957327739185 }, "geometry": { "type": "LineString", "coordinates": [ [ 1.955694, 7.164583 ], [ 1.955417, 7.164583 ], [ 1.955139, 7.164306 ], [ 1.954861, 7.164028 ] ] } },
{ "type": "Feature", "properties": { "strahler_order": 1, "longueur_km": 0.66152940827888196 }, "geometry": { "type": "LineString", "coordinates": [ [ 2.082639, 7.163194 ], [ 2.082917, 7.162917 ], [ 2.083194, 7.162639 ], [ 2.083194, 7.162361 ], [ 2.083194, 7.162083 ], [ 2.082917, 7.161806 ], [ 2.082917, 7.161528 ], [ 2.082639, 7.16125 ], [ 2.082361, 7.160972 ], [ 2.082083, 7.160694 ], [ 2.081806, 7.160417 ], [ 2.081528, 7.160417 ], [ 2.08125, 7.160417 ], [ 2.080972, 7.160417 ], [ 2.080694, 7.160139 ], [ 2.080417, 7.159861 ], [ 2.080139, 7.159583 ], [ 2.079861, 7.159306 ] ] } },
{ "type": "Feature", "properties": { "strahler_order": 1, "longueur_km": 2.0516720439125145 }, "geometry": { "type": "LineString", "coordinates": [ [ 2.079861, 7.159306 ], [ 2.080139, 7.159028 ], [ 2.080417, 7.15875 ], [ 2.080694, 7.158472 ], [ 2.080972, 7.158194 ], [ 2.08125, 7.157917 ], [ 2.081528, 7.157917 ], [ 2.081806, 7.157917 ], [ 2.082083, 7.157639 ], [ 2.082361, 7.157361 ], [ 2.082639, 7.157083 ], [ 2.082917, 7.156806 ], [ 2.083194, 7.156528 ], [ 2.083472, 7.156528 ], [ 2.08375, 7.156528 ], [ 2.084028, 7.156806 ], [ 2.084306, 7.156806 ], [ 2.084583, 7.156528 ], [ 2.084861, 7.15625 ], [ 2.085139, 7.15625 ], [ 2.085417, 7.155972 ], [ 2.085694, 7.155972 ], [ 2.085972, 7.155972 ], [ 2.085972, 7.155694 ], [ 2.085972, 7.155417 ], [ 2.085972, 7.155139 ], [ 2.085972, 7.154861 ], [ 2.08625, 7.154583 ], [ 2.086528, 7.154306 ], [ 2.086806, 7.154028 ], [ 2.086806, 7.15375 ], [ 2.087083, 7.153472 ], [ 2.087083, 7.153194 ], [ 2.087083, 7.152917 ], [ 2.087083, 7.152639 ], [ 2.087083, 7.152361 ], [ 2.087361, 7.152083 ], [ 2.087639, 7.151806 ], [ 2.087917, 7.151528 ], [ 2.088194, 7.15125 ], [ 2.088472, 7.150972 ], [ 2.08875, 7.150694 ], [ 2.08875, 7.150417 ], [ 2.08875, 7.150139 ], [ 2.08875, 7.149861 ], [ 2.089028, 7.149583 ], [ 2.089028, 7.149306 ], [ 2.089306, 7.149028 ], [ 2.089583, 7.14875 ], [ 2.089861, 7.148472 ], [ 2.090139, 7.148194 ], [ 2.090139, 7.147917 ], [ 2.090417, 7.147639 ], [ 2.090694, 7.147361 ], [ 2.090972, 7.147361 ] ] } },
{ "type": "Feature", "properties": { "strahler_order": 1, "longueur_km": 0.38316504533488138 }, "geometry": { "type": "LineString", "coordinates": [ [ 2.127361, 7.163194 ], [ 2.127639, 7.162917 ], [ 2.127917, 7.162639 ], [ 2.128194, 7.162361 ], [ 2.128194, 7.162083 ], [ 2.128194, 7.161806 ], [ 2.128472, 7.161528 ], [ 2.12875, 7.16125 ], [ 2.129028, 7.16125 ], [ 2.129306, 7.16125 ], [ 2.129583, 7.160972 ] ] } },
{ "type": "Feature", "properties": { "strahler_order": 1, "longueur_km": 2.4218090668220533 }, "geometry": { "type": "LineString", "coordinates": [ [ 2.107083, 7.162917 ], [ 2.107361, 7.163194 ], [ 2.107639, 7.163194 ], [ 2.107917, 7.162917 ], [ 2.108194, 7.162917 ], [ 2.108472, 7.163194 ], [ 2.108472, 7.163472 ], [ 2.10875, 7.16375 ], [ 2.109028, 7.164028 ], [ 2.109306, 7.164306 ], [ 2.109583, 7.164583 ], [ 2.109583, 7.164861 ], [ 2.109861, 7.165139 ], [ 2.110139, 7.165417 ], [ 2.110139, 7.165694 ], [ 2.110417, 7.165972 ], [ 2.110694, 7.165972 ], [ 2.110972, 7.165972 ], [ 2.11125, 7.165972 ], [ 2.111528, 7.165694 ], [ 2.111806, 7.165694 ], [ 2.112083, 7.165417 ], [ 2.112361, 7.165139 ], [ 2.112639, 7.165139 ], [ 2.112917, 7.165139 ], [ 2.113194, 7.165139 ], [ 2.113472, 7.164861 ], [ 2.11375, 7.164583 ], [ 2.114028, 7.164306 ], [ 2.114306, 7.164028 ], [ 2.114306, 7.16375 ], [ 2.114306, 7.163472 ], [ 2.114306, 7.163194 ], [ 2.114306, 7.162917 ], [ 2.114028, 7.162639 ], [ 2.114306, 7.162361 ], [ 2.114583, 7.162083 ], [ 2.114861, 7.162083 ], [ 2.115139, 7.162083 ], [ 2.115417, 7.162361 ], [ 2.115694, 7.162639 ], [ 2.115972, 7.162639 ], [ 2.11625, 7.162917 ], [ 2.11625, 7.163194 ], [ 2.116528, 7.163472 ], [ 2.116806, 7.16375 ], [ 2.117083, 7.164028 ], [ 2.117361, 7.164306 ], [ 2.117639, 7.164583 ], [ 2.117917, 7.164861 ], [ 2.118194, 7.164861 ], [ 2.118472, 7.164583 ], [ 2.118472, 7.164306 ], [ 2.11875, 7.164028 ], [ 2.119028, 7.16375 ], [ 2.119306, 7.16375 ], [ 2.119583, 7.163472 ], [ 2.119861, 7.163194 ], [ 2.119861, 7.162917 ], [ 2.119861, 7.162639 ], [ 2.119861, 7.162361 ], [ 2.120139, 7.162083 ], [ 2.120139, 7.161806 ], [ 2.120417, 7.161528 ], [ 2.120417, 7.16125 ] ] } },
{ "type": "Feature", "properties": { "strahler_order": 1, "longueur_km": 0.24018262029154488 }, "geometry": { "type": "LineString", "coordinates": [ [ 2.120417, 7.16125 ], [ 2.120417, 7.160972 ], [ 2.120417, 7.160694 ], [ 2.120417, 7.160417 ], [ 2.120694, 7.160139 ], [ 2.120694, 7.159861 ], [ 2.120417, 7.159583 ], [ 2.120417, 7.159306 ] ] } },
{ "type": "Feature", "properties": { "strahler_order": 1, "longueur_km": 0.13017329522687587 }, "geometry": { "type": "LineString", "coordinates": [ [ 1.902361, 7.162639 ], [ 1.902083, 7.162917 ], [ 1.901806, 7.163194 ], [ 1.901528, 7.163472 ] ] } },
{ "type": "Feature", "properties": { "strahler_order": 1, "longueur_km": 0.12283209427486343 }, "geometry": { "type": "LineString", "coordinates": [ [ 2.129583, 7.162083 ], [ 2.129583, 7.161806 ], [ 2.129583, 7.161528 ], [ 2.129583, 7.16125 ], [ 2.129583, 7.160972 ] ] } },
{ "type": "Feature", "properties": { "strahler_order": 1, "longueur_km": 0.35801923683949338 }, "geometry": { "type": "LineString", "coordinates": [ [ 2.129583, 7.160972 ], [ 2.129583, 7.160694 ], [ 2.129861, 7.160417 ], [ 2.130139, 7.160139 ], [ 2.130139, 7.159861 ], [ 2.130139, 7.159583 ], [ 2.129861, 7.159306 ], [ 2.129861, 7.159028 ], [ 2.129583, 7.15875 ], [ 2.129583, 7.158472 ], [ 2.129583, 7.158194 ] ] } },
{ "type": "Feature", "properties": { "strahler_order": 1, "longueur_km": 0.41938057851562432 }, "geometry": { "type": "LineString", "coordinates": [ [ 2.129583, 7.158194 ], [ 2.129861, 7.157917 ], [ 2.129861, 7.157639 ], [ 2.129861, 7.157361 ], [ 2.129583, 7.157083 ], [ 2.129583, 7.156806 ], [ 2.129583, 7.156528 ], [ 2.129583, 7.15625 ], [ 2.129583, 7.155972 ], [ 2.129583, 7.155694 ], [ 2.129861, 7.155417 ], [ 2.130139, 7.155139 ], [ 2.130139, 7.154861 ] ] } },
{ "type": "Feature", "properties": { "strahler_order": 1, "longueur_km": 1.4919934175259482 }, "geometry": { "type": "LineString", "coordinates": [ [ 2.009306, 7.161806 ], [ 2.009306, 7.161528 ], [ 2.009306, 7.16125 ], [ 2.009583, 7.16125 ], [ 2.009861, 7.16125 ], [ 2.010139, 7.160972 ], [ 2.010417, 7.160694 ], [ 2.010694, 7.160417 ], [ 2.010972, 7.160139 ], [ 2.01125, 7.159861 ], [ 2.011528, 7.159583 ], [ 2.011806, 7.159583 ], [ 2.012083, 7.159306 ], [ 2.012361, 7.159306 ], [ 2.012639, 7.159306 ], [ 2.012917, 7.159306 ], [ 2.013194, 7.159306 ], [ 2.013472, 7.159583 ], [ 2.01375, 7.159583 ], [ 2.014028, 7.159583 ], [ 2.014306, 7.159306 ], [ 2.014583, 7.159028 ], [ 2.014861, 7.159306 ], [ 2.015139, 7.159306 ], [ 2.015417, 7.159306 ], [ 2.015694, 7.159306 ], [ 2.015972, 7.159306 ], [ 2.01625, 7.159306 ], [ 2.016528, 7.159306 ], [ 2.016806, 7.159583 ], [ 2.017083, 7.159306 ], [ 2.017361, 7.159028 ], [ 2.017639, 7.159028 ], [ 2.017917, 7.159028 ], [ 2.018194, 7.159028 ], [ 2.018472, 7.15875 ], [ 2.01875, 7.15875 ], [ 2.019028, 7.158472 ], [ 2.019306, 7.158472 ], [ 2.019583, 7.158472 ], [ 2.019861, 7.158472 ], [ 2.020139, 7.158472 ], [ 2.020417, 7.158472 ] ] } },
{ "type": "Feature", "properties": { "strahler_order": 1, "longueur_km": 1.4764975351985248 }, "geometry": { "type": "LineString", "coordinates": [ [ 2.020417, 7.158472 ], [ 2.020694, 7.158194 ], [ 2.020972, 7.157917 ], [ 2.02125, 7.157639 ], [ 2.021528, 7.157361 ], [ 2.021528, 7.157083 ], [ 2.021528, 7.156806 ], [ 2.021806, 7.156806 ], [ 2.022083, 7.156806 ], [ 2.022361, 7.156806 ], [ 2.022639, 7.157083 ], [ 2.022917, 7.157083 ], [ 2.023194, 7.157083 ], [ 2.023472, 7.157083 ], [ 2.02375, 7.156806 ], [ 2.024028, 7.156528 ], [ 2.024306, 7.15625 ], [ 2.024583, 7.15625 ], [ 2.024861, 7.15625 ], [ 2.025139, 7.15625 ], [ 2.025417, 7.155972 ], [ 2.025694, 7.155694 ], [ 2.025972, 7.155417 ], [ 2.02625, 7.155139 ], [ 2.026528, 7.154861 ], [ 2.026806, 7.154583 ], [ 2.027083, 7.154306 ], [ 2.027083, 7.154028 ], [ 2.027361, 7.15375 ], [ 2.027361, 7.153472 ], [ 2.027083, 7.153194 ], [ 2.027083, 7.152917 ], [ 2.027083, 7.152639 ], [ 2.026806, 7.152361 ], [ 2.026528, 7.152083 ], [ 2.026806, 7.151806 ], [ 2.026806, 7.151528 ], [ 2.026806, 7.15125 ], [ 2.027083, 7.150972 ], [ 2.027361, 7.150694 ] ] } },
{ "type": "Feature", "properties": { "strahler_order": 1, "longueur_km": 1.3466767921126057 }, "geometry": { "type": "LineString", "coordinates": [ [ 2.027361, 7.150694 ], [ 2.027083, 7.150417 ], [ 2.026806, 7.150139 ], [ 2.026528, 7.150139 ], [ 2.02625, 7.149861 ], [ 2.025972, 7.149583 ], [ 2.025972, 7.149306 ], [ 2.025972, 7.149028 ], [ 2.02625, 7.14875 ], [ 2.02625, 7.148472 ], [ 2.02625, 7.148194 ], [ 2.025972, 7.147917 ], [ 2.025694, 7.147639 ], [ 2.025417, 7.147361 ], [ 2.025417, 7.147083 ], [ 2.025417, 7.146806 ], [ 2.025417, 7.146528 ], [ 2.025417, 7.14625 ], [ 2.025139, 7.145972 ], [ 2.024861, 7.145694 ], [ 2.024861, 7.145417 ], [ 2.024583, 7.145139 ], [ 2.024583, 7.144861 ], [ 2.024583, 7.144583 ], [ 2.024306, 7.144306 ], [ 2.024028, 7.144028 ], [ 2.024028, 7.14375 ], [ 2.024306, 7.143472 ], [ 2.024028, 7.143194 ], [ 2.02375, 7.142917 ], [ 2.023472, 7.142917 ], [ 2.023194, 7.142639 ], [ 2.022917, 7.142639 ], [ 2.022639, 7.142639 ], [ 2.022361, 7.142639 ], [ 2.022083, 7.142361 ], [ 2.021806, 7.142083 ] ] } },
{ "type": "Feature", "properties": { "strahler_order": 1, "longueur_km": 0.25308759271792458 }, "geometry": { "type": "LineString", "coordinates": [ [ 1.89625, 7.160694 ], [ 1.89625, 7.160972 ], [ 1.895972, 7.16125 ], [ 1.895972, 7.161528 ], [ 1.895972, 7.161806 ], [ 1.895694, 7.162083 ], [ 1.895417, 7.162361 ], [ 1.895139, 7.162361 ] ] } },
{ "type": "Feature", "properties": { "strahler_order": 1, "longueur_km": 0.5568758554335046 }, "geometry": { "type": "LineString", "coordinates": [ [ 1.958194, 7.160694 ], [ 1.957917, 7.160972 ], [ 1.957639, 7.16125 ], [ 1.957361, 7.16125 ], [ 1.957083, 7.161528 ], [ 1.956806, 7.161806 ], [ 1.956528, 7.162083 ], [ 1.95625, 7.162083 ], [ 1.955972, 7.162361 ], [ 1.955972, 7.162639 ], [ 1.955694, 7.162917 ], [ 1.955694, 7.163194 ], [ 1.955417, 7.163472 ], [ 1.955139, 7.16375 ], [ 1.954861, 7.164028 ] ] } },
{ "type": "Feature", "properties": { "strahler_order": 1, "longueur_km": 0.6159686861621001 }, "geometry": { "type": "LineString", "coordinates": [ [ 1.954861, 7.164028 ], [ 1.954583, 7.164028 ], [ 1.954306, 7.164306 ], [ 1.954028, 7.164583 ], [ 1.954028, 7.164861 ], [ 1.954028, 7.165139 ], [ 1.954028, 7.165417 ], [ 1.954028, 7.165694 ], [ 1.95375, 7.165972 ], [ 1.953472, 7.165972 ], [ 1.953194, 7.165972 ], [ 1.952917, 7.165972 ], [ 1.952639, 7.165972 ], [ 1.952361, 7.165972 ], [ 1.952083, 7.165972 ], [ 1.951806, 7.165972 ], [ 1.951528, 7.16625 ], [ 1.95125, 7.16625 ], [ 1.950972, 7.166528 ] ] } },
{ "type": "Feature", "properties": { "strahler_order": 1, "longueur_km": 0.64141294470697241 }, "geometry": { "type": "LineString", "coordinates": [ [ 1.950972, 7.166528 ], [ 1.950694, 7.166528 ], [ 1.950417, 7.166528 ], [ 1.950139, 7.166806 ], [ 1.949861, 7.167083 ], [ 1.949583, 7.167361 ], [ 1.949306, 7.167361 ], [ 1.949306, 7.167639 ], [ 1.949306, 7.167917 ], [ 1.949028, 7.168194 ], [ 1.94875, 7.168472 ], [ 1.94875, 7.16875 ], [ 1.94875, 7.169028 ], [ 1.949028, 7.169306 ], [ 1.94875, 7.169583 ], [ 1.948472, 7.169583 ], [ 1.948194, 7.169583 ], [ 1.947917, 7.169583 ], [ 1.947917, 7.169861 ] ] } },
{ "type": "Feature", "properties": { "strahler_order": 1, "longueur_km": 1.1779096601608372 }, "geometry": { "type": "LineString", "coordinates": [ [ 1.947917, 7.169861 ], [ 1.947917, 7.170139 ], [ 1.947639, 7.170417 ], [ 1.947361, 7.170417 ], [ 1.947083, 7.170417 ], [ 1.946806, 7.170417 ], [ 1.946528, 7.170417 ], [ 1.94625, 7.170139 ], [ 1.945972, 7.170139 ], [ 1.945694, 7.170139 ], [ 1.945417, 7.170139 ], [ 1.945139, 7.169861 ], [ 1.944861, 7.169583 ], [ 1.944583, 7.169583 ], [ 1.944306, 7.169306 ], [ 1.944028, 7.169028 ], [ 1.94375, 7.16875 ], [ 1.943472, 7.169028 ], [ 1.943194, 7.169028 ], [ 1.942917, 7.169028 ], [ 1.942639, 7.169028 ], [ 1.942361, 7.169306 ], [ 1.942083, 7.169583 ], [ 1.941806, 7.169861 ], [ 1.941528, 7.169861 ], [ 1.94125, 7.169861 ], [ 1.940972, 7.169861 ], [ 1.940694, 7.169861 ], [ 1.940417, 7.169861 ], [ 1.940139, 7.170139 ], [ 1.939861, 7.170139 ], [ 1.939583, 7.169861 ], [ 1.939306, 7.169861 ], [ 1.939028, 7.169861 ] ] } },
{ "type": "Feature", "properties": { "strahler_order": 1, "longueur_km": 1.3311814685899248 }, "geometry": { "type": "LineString", "coordinates": [ [ 1.939028, 7.169861 ], [ 1.93875, 7.170139 ], [ 1.938472, 7.170417 ], [ 1.938194, 7.170417 ], [ 1.937917, 7.170417 ], [ 1.937639, 7.170417 ], [ 1.937361, 7.170417 ], [ 1.937083, 7.170417 ], [ 1.936806, 7.170417 ], [ 1.936528, 7.170417 ], [ 1.93625, 7.170417 ], [ 1.935972, 7.170417 ], [ 1.935694, 7.170417 ], [ 1.935417, 7.170694 ], [ 1.935139, 7.170694 ], [ 1.934861, 7.170694 ], [ 1.934583, 7.170417 ], [ 1.934306, 7.170417 ], [ 1.934028, 7.170417 ], [ 1.93375, 7.170417 ], [ 1.933472, 7.170417 ], [ 1.933194, 7.170417 ], [ 1.932917, 7.170417 ], [ 1.932639, 7.170417 ], [ 1.932361, 7.170139 ], [ 1.932083, 7.169861 ], [ 1.931806, 7.169861 ], [ 1.931528, 7.169583 ], [ 1.93125, 7.169583 ], [ 1.930972, 7.169306 ], [ 1.930694, 7.169028 ], [ 1.930694, 7.16875 ], [ 1.930694, 7.168472 ], [ 1.930417, 7.168472 ], [ 1.930139, 7.168194 ], [ 1.929861, 7.167917 ], [ 1.929583, 7.167639 ], [ 1.929306, 7.167361 ], [ 1.929028, 7.167361 ] ] } },
{ "type": "Feature", "properties": { "strahler_order": 1, "longueur_km": 0.2095577670066707 }, "geometry": { "type": "LineString", "coordinates": [ [ 2.175139, 7.160417 ], [ 2.174861, 7.160417 ], [ 2.174583, 7.160417 ], [ 2.174583, 7.160139 ], [ 2.174306, 7.159861 ], [ 2.174028, 7.159583 ], [ 2.174028, 7.159306 ] ] } },
{ "type": "Feature", "properties": { "strahler_order": 1, "longueur_km": 1.7679462183448544 }, "geometry": { "type": "LineString", "coordinates": [ [ 2.174028, 7.159306 ], [ 2.174306, 7.159028 ], [ 2.174583, 7.15875 ], [ 2.174861, 7.158472 ], [ 2.174861, 7.158194 ], [ 2.175139, 7.157917 ], [ 2.175139, 7.157639 ], [ 2.175417, 7.157361 ], [ 2.175694, 7.157083 ], [ 2.175694, 7.156806 ], [ 2.175694, 7.156528 ], [ 2.175694, 7.15625 ], [ 2.175972, 7.15625 ], [ 2.17625, 7.15625 ], [ 2.176528, 7.155972 ], [ 2.176806, 7.155694 ], [ 2.177083, 7.155417 ], [ 2.177361, 7.155139 ], [ 2.177361, 7.154861 ], [ 2.177639, 7.154583 ], [ 2.177917, 7.154306 ], [ 2.177917, 7.154028 ], [ 2.178194, 7.15375 ], [ 2.178472, 7.153472 ], [ 2.17875, 7.153194 ], [ 2.179028, 7.152917 ], [ 2.179028, 7.152639 ], [ 2.179028, 7.152361 ], [ 2.179306, 7.152083 ], [ 2.179583, 7.151806 ], [ 2.179583, 7.151528 ], [ 2.179583, 7.15125 ], [ 2.179306, 7.150972 ], [ 2.179306, 7.150694 ], [ 2.179306, 7.150417 ], [ 2.179583, 7.150139 ], [ 2.179861, 7.150139 ], [ 2.180139, 7.149861 ], [ 2.180139, 7.149583 ], [ 2.180139, 7.149306 ], [ 2.180417, 7.149028 ], [ 2.180694, 7.14875 ], [ 2.180972, 7.148472 ], [ 2.18125, 7.148194 ], [ 2.181528, 7.147917 ], [ 2.181806, 7.147639 ], [ 2.182083, 7.147361 ] ] } },
{ "type": "Feature", "properties": { "strahler_order": 1, "longueur_km": 1.2034451717843777 }, "geometry": { "type": "LineString", "coordinates": [ [ 1.93125, 7.159861 ], [ 1.930972, 7.159861 ], [ 1.930694, 7.160139 ], [ 1.930417, 7.160139 ], [ 1.930139, 7.160417 ], [ 1.930139, 7.160694 ], [ 1.930139, 7.160972 ], [ 1.929861, 7.16125 ], [ 1.929583, 7.161528 ], [ 1.929306, 7.161528 ], [ 1.929028, 7.161806 ], [ 1.92875, 7.162083 ], [ 1.928472, 7.162083 ], [ 1.928472, 7.162361 ], [ 1.928472, 7.162639 ], [ 1.928194, 7.162917 ], [ 1.927917, 7.163194 ], [ 1.927639, 7.163472 ], [ 1.927361, 7.16375 ], [ 1.927083, 7.16375 ], [ 1.926806, 7.164028 ], [ 1.926528, 7.164306 ], [ 1.92625, 7.164583 ], [ 1.925972, 7.164583 ], [ 1.925694, 7.164583 ], [ 1.925417, 7.164583 ], [ 1.925139, 7.164583 ], [ 1.925139, 7.164861 ], [ 1.925139, 7.165139 ], [ 1.924861, 7.165417 ], [ 1.924583, 7.165694 ], [ 1.924306, 7.165694 ], [ 1.924028, 7.165694 ], [ 1.92375, 7.165694 ] ] } },
{ "type": "Feature", "properties": { "strahler_order": 1, "longueur_km": 0.23489227146143743 }, "geometry": { "type": "LineString", "coordinates": [ [ 2.11875, 7.159306 ], [ 2.119028, 7.159583 ], [ 2.119306, 7.159583 ], [ 2.119583, 7.159583 ], [ 2.119861, 7.159306 ], [ 2.120139, 7.159028 ], [ 2.120417, 7.159306 ] ] } },
{ "type": "Feature", "properties": { "strahler_order": 1, "longueur_km": 0.69220450713245474 }, "geometry": { "type": "LineString", "coordinates": [ [ 2.120417, 7.159306 ], [ 2.120694, 7.159028 ], [ 2.120972, 7.15875 ], [ 2.12125, 7.158472 ], [ 2.121528, 7.158472 ], [ 2.121806, 7.158194 ], [ 2.121806, 7.157917 ], [ 2.122083, 7.157639 ], [ 2.122361, 7.157361 ], [ 2.122639, 7.157361 ], [ 2.122639, 7.157083 ], [ 2.122639, 7.156806 ], [ 2.122917, 7.156528 ], [ 2.123194, 7.15625 ], [ 2.123472, 7.155972 ], [ 2.12375, 7.155694 ], [ 2.124028, 7.155417 ], [ 2.124306, 7.155417 ], [ 2.124583, 7.155417 ] ] } },
{ "type": "Feature", "properties": { "strahler_order": 1, "longueur_km": 1.946384462909126 }, "geometry": { "type": "LineString", "coordinates": [ [ 2.055694, 7.158472 ], [ 2.055972, 7.158472 ], [ 2.05625, 7.158472 ], [ 2.056528, 7.158472 ], [ 2.056806, 7.158472 ], [ 2.057083, 7.158472 ], [ 2.057361, 7.158472 ], [ 2.057639, 7.158194 ], [ 2.057917, 7.157917 ], [ 2.058194, 7.157917 ], [ 2.058472, 7.158194 ], [ 2.05875, 7.158472 ], [ 2.059028, 7.158472 ], [ 2.059306, 7.158472 ], [ 2.059583, 7.15875 ], [ 2.059861, 7.15875 ], [ 2.060139, 7.158472 ], [ 2.060417, 7.158194 ], [ 2.060694, 7.157917 ], [ 2.060417, 7.157639 ], [ 2.060694, 7.157361 ], [ 2.060972, 7.157083 ], [ 2.06125, 7.157083 ], [ 2.061528, 7.156806 ], [ 2.061806, 7.156806 ], [ 2.062083, 7.156528 ], [ 2.062361, 7.15625 ], [ 2.062639, 7.155972 ], [ 2.062917, 7.155972 ], [ 2.063194, 7.155694 ], [ 2.063472, 7.155417 ], [ 2.06375, 7.155139 ], [ 2.064028, 7.154861 ], [ 2.064306, 7.154583 ], [ 2.064583, 7.154306 ], [ 2.064861, 7.154028 ], [ 2.065139, 7.15375 ], [ 2.065417, 7.153472 ], [ 2.065694, 7.153194 ], [ 2.065972, 7.153194 ], [ 2.06625, 7.153194 ], [ 2.06625, 7.152917 ], [ 2.06625, 7.152639 ], [ 2.066528, 7.152361 ], [ 2.066806, 7.152083 ], [ 2.067083, 7.152361 ], [ 2.067361, 7.152639 ], [ 2.067639, 7.152917 ], [ 2.067917, 7.152917 ], [ 2.068194, 7.152917 ], [ 2.068472, 7.152917 ], [ 2.06875, 7.152917 ] ] } },
{ "type": "Feature", "properties": { "strahler_order": 1, "longueur_km": 1.0066663583578135 }, "geometry": { "type": "LineString", "coordinates": [ [ 2.06875, 7.152917 ], [ 2.069028, 7.152917 ], [ 2.069306, 7.152917 ], [ 2.069583, 7.152639 ], [ 2.069861, 7.152361 ], [ 2.070139, 7.152083 ], [ 2.070417, 7.151806 ], [ 2.070694, 7.151806 ], [ 2.070972, 7.151528 ], [ 2.07125, 7.15125 ], [ 2.071528, 7.15125 ], [ 2.071806, 7.15125 ], [ 2.072083, 7.15125 ], [ 2.072361, 7.150972 ], [ 2.072361, 7.150694 ], [ 2.072361, 7.150417 ], [ 2.072361, 7.150139 ], [ 2.072639, 7.149861 ], [ 2.072917, 7.149583 ], [ 2.072917, 7.149306 ], [ 2.073194, 7.149028 ], [ 2.073472, 7.14875 ], [ 2.07375, 7.14875 ], [ 2.074028, 7.148472 ], [ 2.074306, 7.148194 ], [ 2.074583, 7.148472 ], [ 2.074861, 7.148472 ], [ 2.075139, 7.148472 ] ] } },
{ "type": "Feature", "properties": { "strahler_order": 1, "longueur_km": 2.2793277685266853 }, "geometry": { "type": "LineString", "coordinates": [ [ 1.98375, 7.158194 ], [ 1.98375, 7.157917 ], [ 1.983472, 7.157639 ], [ 1.983194, 7.157361 ], [ 1.983194, 7.157083 ], [ 1.983472, 7.156806 ], [ 1.98375, 7.156528 ], [ 1.984028, 7.15625 ], [ 1.984028, 7.155972 ], [ 1.984306, 7.155694 ], [ 1.984306, 7.155417 ], [ 1.984306, 7.155139 ], [ 1.984306, 7.154861 ], [ 1.984583, 7.154583 ], [ 1.984861, 7.154306 ], [ 1.985139, 7.154028 ], [ 1.985417, 7.154028 ], [ 1.985694, 7.15375 ], [ 1.985972, 7.153472 ], [ 1.98625, 7.153194 ], [ 1.986528, 7.152917 ], [ 1.986806, 7.152917 ], [ 1.987083, 7.152639 ], [ 1.987361, 7.152639 ], [ 1.987639, 7.152917 ], [ 1.987917, 7.152917 ], [ 1.988194, 7.152639 ], [ 1.988472, 7.152361 ], [ 1.988472, 7.152083 ], [ 1.98875, 7.151806 ], [ 1.989028, 7.151528 ], [ 1.989306, 7.151528 ], [ 1.989583, 7.151528 ], [ 1.989583, 7.15125 ], [ 1.989583, 7.150972 ], [ 1.989861, 7.150694 ], [ 1.990139, 7.150694 ], [ 1.990417, 7.150694 ], [ 1.990694, 7.150694 ], [ 1.990694, 7.150417 ], [ 1.990972, 7.150139 ], [ 1.99125, 7.149861 ], [ 1.991528, 7.149861 ], [ 1.991806, 7.149583 ], [ 1.992083, 7.149306 ], [ 1.992361, 7.149028 ], [ 1.992361, 7.14875 ], [ 1.992639, 7.148472 ], [ 1.992639, 7.148194 ], [ 1.992639, 7.147917 ], [ 1.992639, 7.147639 ], [ 1.992639, 7.147361 ], [ 1.992917, 7.147083 ], [ 1.993194, 7.146806 ], [ 1.993472, 7.146528 ], [ 1.993472, 7.14625 ], [ 1.993472, 7.145972 ], [ 1.993472, 7.145694 ], [ 1.993194, 7.145417 ], [ 1.992917, 7.145139 ], [ 1.993194, 7.144861 ], [ 1.993194, 7.144583 ] ] } },
{ "type": "Feature", "properties": { "strahler_order": 1, "longueur_km": 1.3215879875195862 }, "geometry": { "type": "LineString", "coordinates": [ [ 1.974861, 7.157917 ], [ 1.975139, 7.157639 ], [ 1.975139, 7.157361 ], [ 1.975417, 7.157361 ], [ 1.975694, 7.157083 ], [ 1.975972, 7.156806 ], [ 1.97625, 7.156528 ], [ 1.97625, 7.15625 ], [ 1.97625, 7.155972 ], [ 1.976528, 7.155694 ], [ 1.976806, 7.155417 ], [ 1.976806, 7.155139 ], [ 1.976528, 7.154861 ], [ 1.97625, 7.154583 ], [ 1.975972, 7.154306 ], [ 1.975972, 7.154028 ], [ 1.975694, 7.15375 ], [ 1.975417, 7.15375 ], [ 1.975139, 7.153472 ], [ 1.974861, 7.153194 ], [ 1.974861, 7.152917 ], [ 1.974861, 7.152639 ], [ 1.974861, 7.152361 ], [ 1.974861, 7.152083 ], [ 1.974861, 7.151806 ], [ 1.974861, 7.151528 ], [ 1.974861, 7.15125 ], [ 1.975139, 7.150972 ], [ 1.975417, 7.150694 ], [ 1.975417, 7.150417 ], [ 1.975417, 7.150139 ], [ 1.975417, 7.149861 ], [ 1.975139, 7.149583 ], [ 1.975139, 7.149306 ], [ 1.975417, 7.149028 ], [ 1.975417, 7.14875 ], [ 1.975139, 7.148472 ] ] } },
{ "type": "Feature", "properties": { "strahler_order": 1, "longueur_km": 0.38844905577054273 }, "geometry": { "type": "LineString", "coordinates": [ [ 1.975139, 7.148472 ], [ 1.975139, 7.148194 ], [ 1.975139, 7.147917 ], [ 1.974861, 7.147639 ], [ 1.975139, 7.147361 ], [ 1.975417, 7.147361 ], [ 1.975694, 7.147361 ], [ 1.975972, 7.147639 ], [ 1.97625, 7.147639 ], [ 1.976528, 7.147639 ], [ 1.976806, 7.147639 ], [ 1.977083, 7.147361 ] ] } },
{ "type": "Feature", "properties": { "strahler_order": 1, "longueur_km": 2.5399632471585636 }, "geometry": { "type": "LineString", "coordinates": [ [ 2.102917, 7.156806 ], [ 2.103194, 7.156528 ], [ 2.103472, 7.15625 ], [ 2.10375, 7.15625 ], [ 2.104028, 7.15625 ], [ 2.104306, 7.15625 ], [ 2.104583, 7.155972 ], [ 2.104861, 7.155694 ], [ 2.105139, 7.155694 ], [ 2.105417, 7.155694 ], [ 2.105694, 7.155972 ], [ 2.105694, 7.15625 ], [ 2.105972, 7.156528 ], [ 2.10625, 7.156806 ], [ 2.106528, 7.156806 ], [ 2.106806, 7.156806 ], [ 2.107083, 7.156806 ], [ 2.107361, 7.156528 ], [ 2.107639, 7.156528 ], [ 2.107917, 7.156528 ], [ 2.108194, 7.156528 ], [ 2.108472, 7.156528 ], [ 2.10875, 7.156528 ], [ 2.109028, 7.156806 ], [ 2.109306, 7.156806 ], [ 2.109583, 7.156806 ], [ 2.109861, 7.156806 ], [ 2.110139, 7.156806 ], [ 2.110417, 7.156806 ], [ 2.110694, 7.157083 ], [ 2.110694, 7.157361 ], [ 2.110972, 7.157639 ], [ 2.11125, 7.157917 ], [ 2.111528, 7.157917 ], [ 2.111806, 7.157917 ], [ 2.112083, 7.157917 ], [ 2.112361, 7.157917 ], [ 2.112639, 7.157917 ], [ 2.112917, 7.157917 ], [ 2.113194, 7.157917 ], [ 2.113472, 7.157917 ], [ 2.11375, 7.157917 ], [ 2.114028, 7.158194 ], [ 2.114306, 7.158194 ], [ 2.114583, 7.157917 ], [ 2.114583, 7.157639 ], [ 2.114861, 7.157361 ], [ 2.115139, 7.157083 ], [ 2.115417, 7.157083 ], [ 2.115694, 7.157083 ], [ 2.115972, 7.157083 ], [ 2.11625, 7.157083 ], [ 2.116528, 7.157083 ], [ 2.116806, 7.156806 ], [ 2.117083, 7.156806 ], [ 2.117083, 7.156528 ], [ 2.117361, 7.15625 ], [ 2.117639, 7.155972 ], [ 2.117917, 7.155972 ], [ 2.118194, 7.15625 ], [ 2.118472, 7.15625 ], [ 2.11875, 7.156528 ], [ 2.119028, 7.156806 ], [ 2.119306, 7.156806 ], [ 2.119583, 7.156806 ], [ 2.119861, 7.156806 ], [ 2.120139, 7.156806 ], [ 2.120417, 7.156806 ], [ 2.120694, 7.156528 ], [ 2.120972, 7.15625 ], [ 2.12125, 7.155972 ], [ 2.12125, 7.155694 ], [ 2.121528, 7.155417 ] ] } },
{ "type": "Feature", "properties": { "strahler_order": 1, "longueur_km": 0.9869714182522985 }, "geometry": { "type": "LineString", "coordinates": [ [ 2.145694, 7.156806 ], [ 2.145972, 7.156806 ], [ 2.14625, 7.156806 ], [ 2.146528, 7.156528 ], [ 2.146806, 7.15625 ], [ 2.146528, 7.155972 ], [ 2.146528, 7.155694 ], [ 2.146528, 7.155417 ], [ 2.146806, 7.155139 ], [ 2.147083, 7.154861 ], [ 2.147361, 7.154583 ], [ 2.147361, 7.154306 ], [ 2.147361, 7.154028 ], [ 2.147361, 7.15375 ], [ 2.147361, 7.153472 ], [ 2.147361, 7.153194 ], [ 2.147361, 7.152917 ], [ 2.147361, 7.152639 ], [ 2.147361, 7.152361 ], [ 2.147361, 7.152083 ], [ 2.147361, 7.151806 ], [ 2.147361, 7.151528 ], [ 2.147083, 7.15125 ], [ 2.147361, 7.150972 ], [ 2.147639, 7.150694 ], [ 2.147917, 7.150417 ], [ 2.147917, 7.150139 ], [ 2.147917, 7.149861 ], [ 2.147917, 7.149583 ] ] } },
{ "type": "Feature", "properties": { "strahler_order": 1, "longueur_km": 1.0066078236442009 }, "geometry": { "type": "LineString", "coordinates": [ [ 2.204583, 7.156806 ], [ 2.204861, 7.157083 ], [ 2.205139, 7.157361 ], [ 2.205417, 7.157361 ], [ 2.205694, 7.157361 ], [ 2.205972, 7.157361 ], [ 2.20625, 7.157361 ], [ 2.206528, 7.157083 ], [ 2.206806, 7.157361 ], [ 2.207083, 7.157639 ], [ 2.207361, 7.157917 ], [ 2.207639, 7.157917 ], [ 2.207917, 7.157917 ], [ 2.208194, 7.157917 ], [ 2.208472, 7.158194 ], [ 2.208472, 7.158472 ], [ 2.208472, 7.15875 ], [ 2.208472, 7.159028 ], [ 2.20875, 7.159028 ], [ 2.209028, 7.159028 ], [ 2.209028, 7.159306 ], [ 2.209306, 7.159583 ], [ 2.209583, 7.159861 ], [ 2.209861, 7.160139 ], [ 2.210139, 7.160417 ], [ 2.210417, 7.160694 ], [ 2.210694, 7.160972 ], [ 2.210972, 7.16125 ] ] } },
{ "type": "Feature", "properties": { "strahler_order": 1, "longueur_km": 0.63629827664037675 }, "geometry": { "type": "LineString", "coordinates": [ [ 2.20875, 7.156806 ], [ 2.209028, 7.157083 ], [ 2.209306, 7.157083 ], [ 2.209583, 7.157361 ], [ 2.209861, 7.157639 ], [ 2.210139, 7.157917 ], [ 2.210139, 7.158194 ], [ 2.210417, 7.158472 ], [ 2.210417, 7.15875 ], [ 2.210417, 7.159028 ], [ 2.210417, 7.159306 ], [ 2.210694, 7.159583 ], [ 2.210972, 7.159861 ], [ 2.21125, 7.160139 ], [ 2.21125, 7.160417 ], [ 2.210972, 7.160694 ], [ 2.210972, 7.160972 ], [ 2.210972, 7.16125 ] ] } },
{ "type": "Feature", "properties": { "strahler_order": 1, "longueur_km": 0.17360155080177203 }, "geometry": { "type": "LineString", "coordinates": [ [ 2.210972, 7.16125 ], [ 2.21125, 7.161528 ], [ 2.211528, 7.161806 ], [ 2.211806, 7.162083 ], [ 2.212083, 7.162361 ] ] } },
{ "type": "Feature", "properties": { "strahler_order": 1, "longueur_km": 1.0426422475111994 }, "geometry": { "type": "LineString", "coordinates": [ [ 2.212083, 7.162361 ], [ 2.212361, 7.162361 ], [ 2.212639, 7.162639 ], [ 2.212639, 7.162917 ], [ 2.212639, 7.163194 ], [ 2.212917, 7.163472 ], [ 2.213194, 7.16375 ], [ 2.213472, 7.164028 ], [ 2.213472, 7.164306 ], [ 2.213472, 7.164583 ], [ 2.213194, 7.164861 ], [ 2.213194, 7.165139 ], [ 2.213194, 7.165417 ], [ 2.213472, 7.165694 ], [ 2.21375, 7.165972 ], [ 2.214028, 7.165972 ], [ 2.214306, 7.165972 ], [ 2.214583, 7.165972 ], [ 2.214861, 7.16625 ], [ 2.215139, 7.166528 ], [ 2.215417, 7.166528 ], [ 2.215694, 7.166528 ], [ 2.215972, 7.166806 ], [ 2.21625, 7.166806 ], [ 2.216528, 7.166806 ], [ 2.216806, 7.166528 ], [ 2.217083, 7.166528 ], [ 2.217361, 7.166528 ], [ 2.217639, 7.166528 ], [ 2.217917, 7.166806 ] ] } },
{ "type": "Feature", "properties": { "strahler_order": 1, "longueur_km": 0.51104885851533022 }, "geometry": { "type": "LineString", "coordinates": [ [ 2.217917, 7.166806 ], [ 2.218194, 7.166528 ], [ 2.218472, 7.166528 ], [ 2.21875, 7.166528 ], [ 2.219028, 7.166528 ], [ 2.219306, 7.166528 ], [ 2.219583, 7.16625 ], [ 2.219861, 7.16625 ], [ 2.220139, 7.16625 ], [ 2.220417, 7.16625 ], [ 2.220694, 7.16625 ], [ 2.220972, 7.16625 ], [ 2.22125, 7.16625 ], [ 2.221528, 7.166528 ], [ 2.221806, 7.166806 ], [ 2.222083, 7.166806 ] ] } },
{ "type": "Feature", "properties": { "strahler_order": 1, "longueur_km": 1.3206387673610906 }, "geometry": { "type": "LineString", "coordinates": [ [ 2.002917, 7.15625 ], [ 2.003194, 7.155972 ], [ 2.003472, 7.155694 ], [ 2.003472, 7.155417 ], [ 2.00375, 7.155139 ], [ 2.004028, 7.155139 ], [ 2.004306, 7.154861 ], [ 2.004583, 7.154583 ], [ 2.004861, 7.154306 ], [ 2.005139, 7.154028 ], [ 2.005417, 7.154306 ], [ 2.005694, 7.154583 ], [ 2.005972, 7.154861 ], [ 2.00625, 7.154861 ], [ 2.006528, 7.154861 ], [ 2.006806, 7.154861 ], [ 2.007083, 7.154861 ], [ 2.007361, 7.154861 ], [ 2.007639, 7.154861 ], [ 2.007917, 7.154583 ], [ 2.007917, 7.154306 ], [ 2.008194, 7.154306 ], [ 2.008472, 7.154306 ], [ 2.00875, 7.154306 ], [ 2.009028, 7.154583 ], [ 2.009306, 7.154861 ], [ 2.009583, 7.154861 ], [ 2.009861, 7.155139 ], [ 2.010139, 7.155139 ], [ 2.010417, 7.154861 ], [ 2.010417, 7.154583 ], [ 2.010417, 7.154306 ], [ 2.010694, 7.154306 ], [ 2.010972, 7.154583 ], [ 2.01125, 7.154861 ], [ 2.011528, 7.154861 ], [ 2.011806, 7.154861 ] ] } },
{ "type": "Feature", "properties": { "strahler_order": 1, "longueur_km": 1.4388045408502512 }, "geometry": { "type": "LineString", "coordinates": [ [ 2.011806, 7.154861 ], [ 2.012083, 7.154583 ], [ 2.012361, 7.154583 ], [ 2.012639, 7.154583 ], [ 2.012917, 7.154583 ], [ 2.013194, 7.154583 ], [ 2.013472, 7.154861 ], [ 2.01375, 7.154861 ], [ 2.014028, 7.154583 ], [ 2.014306, 7.154306 ], [ 2.014583, 7.154028 ], [ 2.014861, 7.15375 ], [ 2.015139, 7.153472 ], [ 2.015417, 7.153194 ], [ 2.015417, 7.152917 ], [ 2.015417, 7.152639 ], [ 2.015417, 7.152361 ], [ 2.015417, 7.152083 ], [ 2.015694, 7.151806 ], [ 2.015972, 7.151528 ], [ 2.015972, 7.15125 ], [ 2.01625, 7.150972 ], [ 2.01625, 7.150694 ], [ 2.01625, 7.150417 ], [ 2.01625, 7.150139 ], [ 2.01625, 7.149861 ], [ 2.01625, 7.149583 ], [ 2.01625, 7.149306 ], [ 2.01625, 7.149028 ], [ 2.016528, 7.14875 ], [ 2.016806, 7.148472 ], [ 2.017083, 7.148194 ], [ 2.017361, 7.147917 ], [ 2.017639, 7.147639 ], [ 2.017917, 7.147361 ], [ 2.018194, 7.147083 ], [ 2.018472, 7.146806 ], [ 2.018472, 7.146528 ], [ 2.018472, 7.14625 ], [ 2.018472, 7.145972 ] ] } },
{ "type": "Feature", "properties": { "strahler_order": 1, "longueur_km": 1.6612272197110289 }, "geometry": { "type": "LineString", "coordinates": [ [ 2.193194, 7.155139 ], [ 2.193472, 7.154861 ], [ 2.193472, 7.154583 ], [ 2.19375, 7.154306 ], [ 2.194028, 7.154028 ], [ 2.194028, 7.15375 ], [ 2.194028, 7.153472 ], [ 2.194028, 7.153194 ], [ 2.194028, 7.152917 ], [ 2.194028, 7.152639 ], [ 2.194306, 7.152361 ], [ 2.194583, 7.152083 ], [ 2.194583, 7.151806 ], [ 2.194861, 7.151528 ], [ 2.194861, 7.15125 ], [ 2.194861, 7.150972 ], [ 2.194861, 7.150694 ], [ 2.194861, 7.150417 ], [ 2.195139, 7.150139 ], [ 2.195139, 7.149861 ], [ 2.195139, 7.149583 ], [ 2.195417, 7.149306 ], [ 2.195694, 7.149028 ], [ 2.195694, 7.14875 ], [ 2.195417, 7.148472 ], [ 2.195139, 7.148194 ], [ 2.195139, 7.147917 ], [ 2.195417, 7.147639 ], [ 2.195417, 7.147361 ], [ 2.195139, 7.147083 ], [ 2.195139, 7.146806 ], [ 2.194861, 7.146528 ], [ 2.194583, 7.14625 ], [ 2.194306, 7.145972 ], [ 2.194306, 7.145694 ], [ 2.194028, 7.145417 ], [ 2.194028, 7.145139 ], [ 2.194028, 7.144861 ], [ 2.19375, 7.144583 ], [ 2.193472, 7.144306 ], [ 2.193194, 7.144028 ], [ 2.192917, 7.14375 ], [ 2.192917, 7.143472 ], [ 2.192639, 7.143194 ], [ 2.192639, 7.142917 ], [ 2.192639, 7.142639 ] ] } },
{ "type": "Feature", "properties": { "strahler_order": 1, "longueur_km": 1.1657360171364883 }, "geometry": { "type": "LineString", "coordinates": [ [ 1.979306, 7.154861 ], [ 1.979306, 7.154583 ], [ 1.979306, 7.154306 ], [ 1.979306, 7.154028 ], [ 1.979306, 7.15375 ], [ 1.979306, 7.153472 ], [ 1.979306, 7.153194 ], [ 1.979583, 7.152917 ], [ 1.979861, 7.152639 ], [ 1.980139, 7.152639 ], [ 1.980417, 7.152639 ], [ 1.980417, 7.152361 ], [ 1.980417, 7.152083 ], [ 1.980139, 7.151806 ], [ 1.980139, 7.151528 ], [ 1.980139, 7.15125 ], [ 1.980417, 7.150972 ], [ 1.980417, 7.150694 ], [ 1.980417, 7.150417 ], [ 1.980417, 7.150139 ], [ 1.980139, 7.150139 ], [ 1.979861, 7.149861 ], [ 1.979583, 7.149583 ], [ 1.979306, 7.149306 ], [ 1.979028, 7.149028 ], [ 1.97875, 7.14875 ], [ 1.978472, 7.14875 ], [ 1.978194, 7.14875 ], [ 1.977917, 7.14875 ], [ 1.977639, 7.148472 ], [ 1.977361, 7.148194 ], [ 1.977361, 7.147917 ], [ 1.977083, 7.147639 ], [ 1.977083, 7.147361 ] ] } },
{ "type": "Feature", "properties": { "strahler_order": 1, "longueur_km": 2.3028639780891385 }, "geometry": { "type": "LineString", "coordinates": [ [ 1.977083, 7.147361 ], [ 1.977361, 7.147083 ], [ 1.977639, 7.146806 ], [ 1.977917, 7.146528 ], [ 1.977917, 7.14625 ], [ 1.978194, 7.145972 ], [ 1.978472, 7.145694 ], [ 1.97875, 7.145417 ], [ 1.97875, 7.145139 ], [ 1.97875, 7.144861 ], [ 1.978472, 7.144583 ], [ 1.978194, 7.144306 ], [ 1.977917, 7.144028 ], [ 1.977639, 7.144028 ], [ 1.977361, 7.144028 ], [ 1.977361, 7.14375 ], [ 1.977361, 7.143472 ], [ 1.977361, 7.143194 ], [ 1.977361, 7.142917 ], [ 1.977361, 7.142639 ], [ 1.977361, 7.142361 ], [ 1.977361, 7.142083 ], [ 1.977083, 7.141806 ], [ 1.977083, 7.141528 ], [ 1.977361, 7.14125 ], [ 1.977639, 7.14125 ], [ 1.977917, 7.140972 ], [ 1.978194, 7.140694 ], [ 1.978472, 7.140694 ], [ 1.97875, 7.140417 ], [ 1.979028, 7.140417 ], [ 1.979306, 7.140417 ], [ 1.979583, 7.140417 ], [ 1.979583, 7.140139 ], [ 1.979583, 7.139861 ], [ 1.979861, 7.139583 ], [ 1.980139, 7.139306 ], [ 1.980139, 7.139028 ], [ 1.980139, 7.13875 ], [ 1.980139, 7.138472 ], [ 1.980139, 7.138194 ], [ 1.980139, 7.137917 ], [ 1.979861, 7.137639 ], [ 1.979861, 7.137361 ], [ 1.980139, 7.137083 ], [ 1.980417, 7.137083 ], [ 1.980694, 7.137083 ], [ 1.980972, 7.136806 ], [ 1.98125, 7.136806 ], [ 1.981528, 7.136528 ], [ 1.981806, 7.13625 ], [ 1.982083, 7.135972 ], [ 1.982361, 7.135694 ], [ 1.982639, 7.135417 ], [ 1.982639, 7.135139 ], [ 1.982639, 7.134861 ], [ 1.982917, 7.134861 ], [ 1.983194, 7.134583 ], [ 1.983472, 7.134306 ], [ 1.983472, 7.134028 ], [ 1.98375, 7.134028 ], [ 1.984028, 7.13375 ], [ 1.984306, 7.133472 ], [ 1.984583, 7.133194 ] ] } },
{ "type": "Feature", "properties": { "strahler_order": 1, "longueur_km": 0.22215962212886509 }, "geometry": { "type": "LineString", "coordinates": [ [ 1.995972, 7.154861 ], [ 1.99625, 7.154583 ], [ 1.996528, 7.154306 ], [ 1.996806, 7.154306 ], [ 1.997083, 7.154306 ], [ 1.997361, 7.154583 ], [ 1.997639, 7.154583 ] ] } },
{ "type": "Feature", "properties": { "strahler_order": 1, "longueur_km": 2.9813917537722743 }, "geometry": { "type": "LineString", "coordinates": [ [ 1.997639, 7.154583 ], [ 1.997917, 7.154306 ], [ 1.998194, 7.154028 ], [ 1.998472, 7.15375 ], [ 1.99875, 7.153472 ], [ 1.999028, 7.153472 ], [ 1.999306, 7.153472 ], [ 1.999583, 7.153472 ], [ 1.999861, 7.153472 ], [ 2.000139, 7.153194 ], [ 2.000417, 7.152917 ], [ 2.000417, 7.152639 ], [ 2.000694, 7.152361 ], [ 2.000972, 7.152083 ], [ 2.00125, 7.152083 ], [ 2.001528, 7.152083 ], [ 2.001806, 7.152083 ], [ 2.002083, 7.152083 ], [ 2.002361, 7.152083 ], [ 2.002639, 7.151806 ], [ 2.002917, 7.151806 ], [ 2.003194, 7.151806 ], [ 2.003472, 7.151806 ], [ 2.00375, 7.151806 ], [ 2.004028, 7.151806 ], [ 2.004306, 7.151806 ], [ 2.004583, 7.151528 ], [ 2.004861, 7.15125 ], [ 2.005139, 7.15125 ], [ 2.005417, 7.15125 ], [ 2.005694, 7.15125 ], [ 2.005972, 7.15125 ], [ 2.00625, 7.15125 ], [ 2.006528, 7.150972 ], [ 2.006806, 7.150972 ], [ 2.007083, 7.150694 ], [ 2.007361, 7.150694 ], [ 2.007639, 7.150694 ], [ 2.007917, 7.150417 ], [ 2.008194, 7.150139 ], [ 2.008472, 7.150417 ], [ 2.00875, 7.150694 ], [ 2.00875, 7.150972 ], [ 2.009028, 7.150972 ], [ 2.009306, 7.15125 ], [ 2.009583, 7.151528 ], [ 2.009861, 7.151806 ], [ 2.010139, 7.151528 ], [ 2.010417, 7.151528 ], [ 2.010694, 7.151528 ], [ 2.010972, 7.15125 ], [ 2.01125, 7.150972 ], [ 2.011528, 7.150694 ], [ 2.011806, 7.150417 ], [ 2.012083, 7.150417 ], [ 2.012361, 7.150417 ], [ 2.012639, 7.150694 ], [ 2.012917, 7.150694 ], [ 2.013194, 7.150417 ], [ 2.013472, 7.150139 ], [ 2.013472, 7.149861 ], [ 2.013472, 7.149583 ], [ 2.013472, 7.149306 ], [ 2.01375, 7.149028 ], [ 2.014028, 7.14875 ], [ 2.014306, 7.14875 ], [ 2.014583, 7.148472 ], [ 2.014861, 7.148194 ], [ 2.015139, 7.147917 ], [ 2.015417, 7.147917 ], [ 2.015694, 7.147917 ], [ 2.015972, 7.147917 ], [ 2.01625, 7.147917 ], [ 2.016528, 7.147639 ], [ 2.016806, 7.147361 ], [ 2.017083, 7.147083 ], [ 2.017361, 7.146806 ], [ 2.017361, 7.146528 ], [ 2.017639, 7.146528 ], [ 2.017917, 7.14625 ], [ 2.018194, 7.14625 ], [ 2.018472, 7.145972 ] ] } },
{ "type": "Feature", "properties": { "strahler_order": 1, "longueur_km": 0.65438753180353759 }, "geometry": { "type": "LineString", "coordinates": [ [ 2.018472, 7.145972 ], [ 2.018472, 7.145694 ], [ 2.018472, 7.145417 ], [ 2.01875, 7.145139 ], [ 2.01875, 7.144861 ], [ 2.01875, 7.144583 ], [ 2.01875, 7.144306 ], [ 2.01875, 7.144028 ], [ 2.01875, 7.14375 ], [ 2.019028, 7.143472 ], [ 2.019306, 7.143194 ], [ 2.019583, 7.143194 ], [ 2.019861, 7.143194 ], [ 2.020139, 7.143194 ], [ 2.020417, 7.143472 ], [ 2.020694, 7.14375 ], [ 2.020972, 7.144028 ], [ 2.02125, 7.14375 ], [ 2.021528, 7.143472 ] ] } },
{ "type": "Feature", "properties": { "strahler_order": 1, "longueur_km": 0.061360699724944325 }, "geometry": { "type": "LineString", "coordinates": [ [ 2.132639, 7.154861 ], [ 2.132639, 7.154583 ], [ 2.132639, 7.154306 ] ] } },
{ "type": "Feature", "properties": { "strahler_order": 1, "longueur_km": 3.1968453482955126 }, "geometry": { "type": "LineString", "coordinates": [ [ 1.94875, 7.154583 ], [ 1.948472, 7.154861 ], [ 1.948194, 7.155139 ], [ 1.947917, 7.154861 ], [ 1.947639, 7.154861 ], [ 1.947361, 7.154861 ], [ 1.947083, 7.154861 ], [ 1.946806, 7.154861 ], [ 1.946528, 7.154861 ], [ 1.94625, 7.154861 ], [ 1.945972, 7.155139 ], [ 1.945694, 7.155139 ], [ 1.945417, 7.155139 ], [ 1.945139, 7.155139 ], [ 1.944861, 7.155139 ], [ 1.944583, 7.155139 ], [ 1.944306, 7.155139 ], [ 1.944028, 7.155417 ], [ 1.94375, 7.155694 ], [ 1.943472, 7.155694 ], [ 1.943194, 7.155694 ], [ 1.942917, 7.155694 ], [ 1.942639, 7.155694 ], [ 1.942361, 7.155694 ], [ 1.942083, 7.155694 ], [ 1.941806, 7.155972 ], [ 1.941806, 7.15625 ], [ 1.941528, 7.156528 ], [ 1.94125, 7.156806 ], [ 1.940972, 7.157083 ], [ 1.940972, 7.157361 ], [ 1.940972, 7.157639 ], [ 1.940972, 7.157917 ], [ 1.940694, 7.158194 ], [ 1.940694, 7.158472 ], [ 1.940417, 7.158472 ], [ 1.940139, 7.158472 ], [ 1.939861, 7.158472 ], [ 1.939583, 7.15875 ], [ 1.939306, 7.159028 ], [ 1.939028, 7.159028 ], [ 1.93875, 7.159028 ], [ 1.938472, 7.159028 ], [ 1.938194, 7.159306 ], [ 1.937917, 7.159583 ], [ 1.937639, 7.159861 ], [ 1.937361, 7.160139 ], [ 1.937083, 7.160417 ], [ 1.936806, 7.160694 ], [ 1.936806, 7.160972 ], [ 1.936528, 7.16125 ], [ 1.93625, 7.161528 ], [ 1.935972, 7.161806 ], [ 1.935694, 7.161528 ], [ 1.935417, 7.16125 ], [ 1.935139, 7.160972 ], [ 1.934861, 7.160972 ], [ 1.934583, 7.160972 ], [ 1.934306, 7.160972 ], [ 1.934028, 7.16125 ], [ 1.93375, 7.16125 ], [ 1.933472, 7.16125 ], [ 1.933472, 7.161528 ], [ 1.933472, 7.161806 ], [ 1.933194, 7.162083 ], [ 1.933194, 7.162361 ], [ 1.933194, 7.162639 ], [ 1.933472, 7.162917 ], [ 1.933194, 7.163194 ], [ 1.932917, 7.163472 ], [ 1.932639, 7.16375 ], [ 1.932361, 7.164028 ], [ 1.932361, 7.164306 ], [ 1.932083, 7.164583 ], [ 1.931806, 7.164861 ], [ 1.931806, 7.165139 ], [ 1.931806, 7.165417 ], [ 1.931806, 7.165694 ], [ 1.931806, 7.165972 ], [ 1.931528, 7.16625 ], [ 1.93125, 7.16625 ], [ 1.930972, 7.166528 ], [ 1.930694, 7.166528 ], [ 1.930417, 7.166806 ], [ 1.930139, 7.166806 ], [ 1.929861, 7.167083 ], [ 1.929583, 7.167083 ], [ 1.929306, 7.167083 ], [ 1.929028, 7.167361 ] ] } },
{ "type": "Feature", "properties": { "strahler_order": 1, "longueur_km": 0.79707311573109552 }, "geometry": { "type": "LineString", "coordinates": [ [ 1.929028, 7.167361 ], [ 1.92875, 7.167361 ], [ 1.928472, 7.167083 ], [ 1.928194, 7.167361 ], [ 1.927917, 7.167639 ], [ 1.927639, 7.167639 ], [ 1.927361, 7.167639 ], [ 1.927083, 7.167917 ], [ 1.926806, 7.167917 ], [ 1.926528, 7.167917 ], [ 1.92625, 7.168194 ], [ 1.925972, 7.168194 ], [ 1.925694, 7.167917 ], [ 1.925417, 7.167639 ], [ 1.925139, 7.167361 ], [ 1.924861, 7.167083 ], [ 1.924861, 7.166806 ], [ 1.924861, 7.166528 ], [ 1.924583, 7.16625 ], [ 1.924306, 7.165972 ], [ 1.924028, 7.165972 ], [ 1.92375, 7.165694 ] ] } },
{ "type": "Feature", "properties": { "strahler_order": 1, "longueur_km": 2.3940849987063677 }, "geometry": { "type": "LineString", "coordinates": [ [ 1.92375, 7.165694 ], [ 1.923472, 7.165972 ], [ 1.923194, 7.16625 ], [ 1.922917, 7.166528 ], [ 1.922639, 7.166528 ], [ 1.922361, 7.166528 ], [ 1.922083, 7.166528 ], [ 1.921806, 7.16625 ], [ 1.921528, 7.165972 ], [ 1.92125, 7.165694 ], [ 1.920972, 7.165694 ], [ 1.920694, 7.165694 ], [ 1.920417, 7.165972 ], [ 1.920139, 7.165972 ], [ 1.919861, 7.16625 ], [ 1.919583, 7.166528 ], [ 1.919306, 7.166528 ], [ 1.919028, 7.166528 ], [ 1.91875, 7.166528 ], [ 1.918472, 7.166528 ], [ 1.918194, 7.16625 ], [ 1.917917, 7.16625 ], [ 1.917639, 7.166528 ], [ 1.917361, 7.166806 ], [ 1.917361, 7.167083 ], [ 1.917361, 7.167361 ], [ 1.917083, 7.167639 ], [ 1.916806, 7.167639 ], [ 1.916528, 7.167639 ], [ 1.91625, 7.167361 ], [ 1.915972, 7.167361 ], [ 1.915694, 7.167639 ], [ 1.915417, 7.167639 ], [ 1.915139, 7.167361 ], [ 1.914861, 7.167083 ], [ 1.914583, 7.166806 ], [ 1.914306, 7.166528 ], [ 1.914028, 7.166528 ], [ 1.91375, 7.16625 ], [ 1.913472, 7.165972 ], [ 1.913194, 7.165694 ], [ 1.912917, 7.165694 ], [ 1.912639, 7.165694 ], [ 1.912361, 7.165694 ], [ 1.912083, 7.165417 ], [ 1.911806, 7.165417 ], [ 1.911528, 7.165417 ], [ 1.91125, 7.165417 ], [ 1.910972, 7.165417 ], [ 1.910694, 7.165417 ], [ 1.910417, 7.165417 ], [ 1.910139, 7.165417 ], [ 1.909861, 7.165139 ], [ 1.909583, 7.164861 ], [ 1.909306, 7.164861 ], [ 1.909028, 7.164861 ], [ 1.90875, 7.164861 ], [ 1.908472, 7.164861 ], [ 1.908194, 7.164861 ], [ 1.907917, 7.164861 ], [ 1.907639, 7.164583 ], [ 1.907361, 7.164583 ], [ 1.907083, 7.164306 ], [ 1.906806, 7.164028 ], [ 1.906528, 7.164028 ], [ 1.90625, 7.164028 ], [ 1.905972, 7.16375 ] ] } },
{ "type": "Feature", "properties": { "strahler_order": 1, "longueur_km": 0.25300477089960838 }, "geometry": { "type": "LineString", "coordinates": [ [ 2.09125, 7.15375 ], [ 2.091528, 7.154028 ], [ 2.091806, 7.154028 ], [ 2.092083, 7.154028 ], [ 2.092361, 7.15375 ], [ 2.092361, 7.153472 ], [ 2.092361, 7.153194 ], [ 2.092639, 7.152917 ] ] } },
{ "type": "Feature", "properties": { "strahler_order": 1, "longueur_km": 0.79182611735795161 }, "geometry": { "type": "LineString", "coordinates": [ [ 2.092639, 7.152917 ], [ 2.092917, 7.152639 ], [ 2.093194, 7.152361 ], [ 2.092917, 7.152083 ], [ 2.092639, 7.151806 ], [ 2.092361, 7.151528 ], [ 2.092083, 7.15125 ], [ 2.091806, 7.150972 ], [ 2.091528, 7.150694 ], [ 2.091528, 7.150417 ], [ 2.091528, 7.150139 ], [ 2.091528, 7.149861 ], [ 2.091806, 7.149583 ], [ 2.092083, 7.149306 ], [ 2.091806, 7.149028 ], [ 2.091528, 7.14875 ], [ 2.091528, 7.148472 ], [ 2.091528, 7.148194 ], [ 2.091528, 7.147917 ], [ 2.09125, 7.147639 ], [ 2.090972, 7.147361 ] ] } },
{ "type": "Feature", "properties": { "strahler_order": 1, "longueur_km": 1.6305060875861626 }, "geometry": { "type": "LineString", "coordinates": [ [ 2.090972, 7.147361 ], [ 2.09125, 7.147083 ], [ 2.091528, 7.146806 ], [ 2.091806, 7.146528 ], [ 2.092083, 7.14625 ], [ 2.092361, 7.145972 ], [ 2.092361, 7.145694 ], [ 2.092361, 7.145417 ], [ 2.092361, 7.145139 ], [ 2.092361, 7.144861 ], [ 2.092361, 7.144583 ], [ 2.092083, 7.144306 ], [ 2.091806, 7.144028 ], [ 2.091806, 7.14375 ], [ 2.091806, 7.143472 ], [ 2.091806, 7.143194 ], [ 2.091806, 7.142917 ], [ 2.091806, 7.142639 ], [ 2.091528, 7.142361 ], [ 2.09125, 7.142083 ], [ 2.09125, 7.141806 ], [ 2.09125, 7.141528 ], [ 2.09125, 7.14125 ], [ 2.091528, 7.140972 ], [ 2.091806, 7.140694 ], [ 2.092083, 7.140417 ], [ 2.092361, 7.140139 ], [ 2.092361, 7.139861 ], [ 2.092361, 7.139583 ], [ 2.092083, 7.139306 ], [ 2.092083, 7.139028 ], [ 2.091806, 7.13875 ], [ 2.091528, 7.138472 ], [ 2.09125, 7.138194 ], [ 2.091528, 7.137917 ], [ 2.091806, 7.137639 ], [ 2.092083, 7.137639 ], [ 2.092083, 7.137361 ], [ 2.092361, 7.137083 ], [ 2.092639, 7.137083 ], [ 2.092917, 7.137083 ], [ 2.093194, 7.137361 ], [ 2.093472, 7.137361 ], [ 2.09375, 7.137361 ], [ 2.094028, 7.137083 ] ] } },
{ "type": "Feature", "properties": { "strahler_order": 1, "longueur_km": 0.82533820965884597 }, "geometry": { "type": "LineString", "coordinates": [ [ 2.115139, 7.15375 ], [ 2.115417, 7.154028 ], [ 2.115694, 7.154028 ], [ 2.115972, 7.154028 ], [ 2.11625, 7.154306 ], [ 2.11625, 7.154583 ], [ 2.116528, 7.154861 ], [ 2.116806, 7.155139 ], [ 2.117083, 7.155139 ], [ 2.117361, 7.155139 ], [ 2.117639, 7.154861 ], [ 2.117917, 7.154861 ], [ 2.118194, 7.154861 ], [ 2.118472, 7.155139 ], [ 2.11875, 7.155417 ], [ 2.119028, 7.155417 ], [ 2.119306, 7.155417 ], [ 2.119583, 7.155417 ], [ 2.119861, 7.155417 ], [ 2.120139, 7.155417 ], [ 2.120417, 7.155417 ], [ 2.120694, 7.155417 ], [ 2.120972, 7.155417 ], [ 2.12125, 7.155417 ], [ 2.121528, 7.155417 ] ] } },
{ "type": "Feature", "properties": { "strahler_order": 1, "longueur_km": 0.38835489421994562 }, "geometry": { "type": "LineString", "coordinates": [ [ 2.121528, 7.155417 ], [ 2.121806, 7.155139 ], [ 2.122083, 7.155139 ], [ 2.122361, 7.154861 ], [ 2.122639, 7.154861 ], [ 2.122917, 7.154861 ], [ 2.123194, 7.154861 ], [ 2.123472, 7.154861 ], [ 2.12375, 7.155139 ], [ 2.124028, 7.155139 ], [ 2.124306, 7.155139 ], [ 2.124583, 7.155417 ] ] } },
{ "type": "Feature", "properties": { "strahler_order": 1, "longueur_km": 0.68986002101497956 }, "geometry": { "type": "LineString", "coordinates": [ [ 2.124583, 7.155417 ], [ 2.124861, 7.155417 ], [ 2.125139, 7.155417 ], [ 2.125417, 7.155417 ], [ 2.125694, 7.155417 ], [ 2.125972, 7.155139 ], [ 2.12625, 7.154861 ], [ 2.126528, 7.154861 ], [ 2.126806, 7.154861 ], [ 2.127083, 7.154583 ], [ 2.127361, 7.154583 ], [ 2.127639, 7.154583 ], [ 2.127917, 7.154306 ], [ 2.128194, 7.154306 ], [ 2.128472, 7.154306 ], [ 2.12875, 7.154306 ], [ 2.129028, 7.154306 ], [ 2.129306, 7.154306 ], [ 2.129583, 7.154306 ], [ 2.129861, 7.154583 ], [ 2.130139, 7.154861 ] ] } },
{ "type": "Feature", "properties": { "strahler_order": 1, "longueur_km": 0.32680057446064398 }, "geometry": { "type": "LineString", "coordinates": [ [ 2.130139, 7.154861 ], [ 2.130417, 7.154583 ], [ 2.130694, 7.154583 ], [ 2.130972, 7.154306 ], [ 2.13125, 7.154583 ], [ 2.131528, 7.154583 ], [ 2.131806, 7.154306 ], [ 2.132083, 7.154306 ], [ 2.132361, 7.154306 ], [ 2.132639, 7.154306 ] ] } },
{ "type": "Feature", "properties": { "strahler_order": 1, "longueur_km": 1.2418410194390548 }, "geometry": { "type": "LineString", "coordinates": [ [ 2.132639, 7.154306 ], [ 2.132917, 7.154028 ], [ 2.133194, 7.15375 ], [ 2.133472, 7.153472 ], [ 2.13375, 7.153194 ], [ 2.134028, 7.152917 ], [ 2.134306, 7.152639 ], [ 2.134306, 7.152361 ], [ 2.134583, 7.152361 ], [ 2.134861, 7.152083 ], [ 2.134861, 7.151806 ], [ 2.134861, 7.151528 ], [ 2.134861, 7.15125 ], [ 2.134861, 7.150972 ], [ 2.135139, 7.150694 ], [ 2.135417, 7.150417 ], [ 2.135694, 7.150417 ], [ 2.135972, 7.150139 ], [ 2.135972, 7.149861 ], [ 2.13625, 7.149583 ], [ 2.13625, 7.149306 ], [ 2.136528, 7.149028 ], [ 2.136528, 7.14875 ], [ 2.136806, 7.148472 ], [ 2.137083, 7.148194 ], [ 2.137083, 7.147917 ], [ 2.136806, 7.147639 ], [ 2.136806, 7.147361 ], [ 2.136528, 7.147083 ], [ 2.136528, 7.146806 ], [ 2.13625, 7.146528 ], [ 2.13625, 7.14625 ], [ 2.13625, 7.145972 ], [ 2.136528, 7.145694 ] ] } },
{ "type": "Feature", "properties": { "strahler_order": 1, "longueur_km": 1.770954525543565 }, "geometry": { "type": "LineString", "coordinates": [ [ 2.21375, 7.152917 ], [ 2.214028, 7.152917 ], [ 2.214306, 7.153194 ], [ 2.214583, 7.153472 ], [ 2.214861, 7.15375 ], [ 2.215139, 7.154028 ], [ 2.215417, 7.154306 ], [ 2.215694, 7.154583 ], [ 2.215972, 7.154861 ], [ 2.21625, 7.155139 ], [ 2.21625, 7.155417 ], [ 2.21625, 7.155694 ], [ 2.215972, 7.155972 ], [ 2.215972, 7.15625 ], [ 2.215972, 7.156528 ], [ 2.215972, 7.156806 ], [ 2.215972, 7.157083 ], [ 2.21625, 7.157361 ], [ 2.21625, 7.157639 ], [ 2.216528, 7.157917 ], [ 2.216528, 7.158194 ], [ 2.216528, 7.158472 ], [ 2.216528, 7.15875 ], [ 2.216806, 7.159028 ], [ 2.217083, 7.159306 ], [ 2.217361, 7.159306 ], [ 2.217639, 7.159306 ], [ 2.217917, 7.159306 ], [ 2.218194, 7.159583 ], [ 2.218472, 7.159583 ], [ 2.21875, 7.159861 ], [ 2.21875, 7.160139 ], [ 2.21875, 7.160417 ], [ 2.21875, 7.160694 ], [ 2.21875, 7.160972 ], [ 2.219028, 7.16125 ], [ 2.219306, 7.161528 ], [ 2.219583, 7.161806 ], [ 2.219861, 7.162083 ], [ 2.219861, 7.162361 ], [ 2.219861, 7.162639 ], [ 2.219861, 7.162917 ], [ 2.220139, 7.163194 ], [ 2.220417, 7.163472 ], [ 2.220694, 7.163472 ], [ 2.220972, 7.163472 ], [ 2.22125, 7.163472 ], [ 2.221528, 7.163472 ], [ 2.221806, 7.163472 ], [ 2.222083, 7.163472 ] ] } },
{ "type": "Feature", "properties": { "strahler_order": 1, "longueur_km": 3.2800581011611816 }, "geometry": { "type": "LineString", "coordinates": [ [ 1.929028, 7.152639 ], [ 1.92875, 7.152917 ], [ 1.928472, 7.153194 ], [ 1.928194, 7.153472 ], [ 1.927917, 7.15375 ], [ 1.927639, 7.154028 ], [ 1.927361, 7.154306 ], [ 1.927083, 7.154306 ], [ 1.926806, 7.154583 ], [ 1.926528, 7.154861 ], [ 1.92625, 7.155139 ], [ 1.925972, 7.155139 ], [ 1.925694, 7.155417 ], [ 1.925417, 7.155694 ], [ 1.925139, 7.155972 ], [ 1.924861, 7.15625 ], [ 1.924583, 7.156528 ], [ 1.924306, 7.156528 ], [ 1.924028, 7.156528 ], [ 1.92375, 7.15625 ], [ 1.923472, 7.155972 ], [ 1.923194, 7.155972 ], [ 1.922917, 7.155972 ], [ 1.922639, 7.155972 ], [ 1.922361, 7.155972 ], [ 1.922083, 7.155972 ], [ 1.921806, 7.155972 ], [ 1.921528, 7.15625 ], [ 1.92125, 7.15625 ], [ 1.920972, 7.15625 ], [ 1.920694, 7.156528 ], [ 1.920417, 7.156806 ], [ 1.920139, 7.156806 ], [ 1.919861, 7.157083 ], [ 1.919583, 7.157361 ], [ 1.919306, 7.157083 ], [ 1.919028, 7.156806 ], [ 1.91875, 7.156806 ], [ 1.918472, 7.156806 ], [ 1.918194, 7.156806 ], [ 1.917917, 7.156806 ], [ 1.917639, 7.156806 ], [ 1.917361, 7.157083 ], [ 1.917083, 7.157083 ], [ 1.916806, 7.157083 ], [ 1.916528, 7.157083 ], [ 1.91625, 7.157083 ], [ 1.915972, 7.157083 ], [ 1.915694, 7.156806 ], [ 1.915417, 7.156806 ], [ 1.915139, 7.156806 ], [ 1.914861, 7.156806 ], [ 1.914583, 7.156806 ], [ 1.914306, 7.157083 ], [ 1.914028, 7.157361 ], [ 1.91375, 7.157639 ], [ 1.913472, 7.157917 ], [ 1.913194, 7.158194 ], [ 1.912917, 7.158472 ], [ 1.912639, 7.15875 ], [ 1.912361, 7.159028 ], [ 1.912361, 7.159306 ], [ 1.912083, 7.159583 ], [ 1.911806, 7.159583 ], [ 1.911528, 7.159583 ], [ 1.91125, 7.159861 ], [ 1.910972, 7.160139 ], [ 1.910972, 7.160417 ], [ 1.910972, 7.160694 ], [ 1.910694, 7.160972 ], [ 1.910417, 7.16125 ], [ 1.910139, 7.161528 ], [ 1.909861, 7.161806 ], [ 1.909583, 7.162083 ], [ 1.909306, 7.162361 ], [ 1.909028, 7.162639 ], [ 1.90875, 7.162917 ], [ 1.908472, 7.162917 ], [ 1.908194, 7.163194 ], [ 1.908194, 7.163472 ], [ 1.907917, 7.16375 ], [ 1.907639, 7.164028 ], [ 1.907361, 7.164028 ], [ 1.907083, 7.164028 ], [ 1.906806, 7.16375 ], [ 1.906528, 7.16375 ], [ 1.90625, 7.16375 ], [ 1.905972, 7.16375 ] ] } },
{ "type": "Feature", "properties": { "strahler_order": 1, "longueur_km": 0.61585938548685293 }, "geometry": { "type": "LineString", "coordinates": [ [ 1.905972, 7.16375 ], [ 1.905972, 7.163472 ], [ 1.905972, 7.163194 ], [ 1.905694, 7.163194 ], [ 1.905417, 7.162917 ], [ 1.905139, 7.162917 ], [ 1.904861, 7.162917 ], [ 1.904583, 7.162917 ], [ 1.904306, 7.163194 ], [ 1.904028, 7.163472 ], [ 1.90375, 7.16375 ], [ 1.903472, 7.16375 ], [ 1.903194, 7.16375 ], [ 1.902917, 7.16375 ], [ 1.902639, 7.16375 ], [ 1.902361, 7.163472 ], [ 1.902083, 7.163472 ], [ 1.901806, 7.163472 ], [ 1.901528, 7.163472 ] ] } },
{ "type": "Feature", "properties": { "strahler_order": 1, "longueur_km": 0.8074184219936672 }, "geometry": { "type": "LineString", "coordinates": [ [ 1.901528, 7.163472 ], [ 1.90125, 7.16375 ], [ 1.900972, 7.16375 ], [ 1.900694, 7.164028 ], [ 1.900417, 7.164028 ], [ 1.900139, 7.164028 ], [ 1.899861, 7.164028 ], [ 1.899583, 7.164028 ], [ 1.899306, 7.164028 ], [ 1.899028, 7.164028 ], [ 1.89875, 7.164028 ], [ 1.898472, 7.16375 ], [ 1.898194, 7.163472 ], [ 1.897917, 7.163472 ], [ 1.897639, 7.163472 ], [ 1.897361, 7.163194 ], [ 1.897083, 7.162917 ], [ 1.896806, 7.162917 ], [ 1.896528, 7.162917 ], [ 1.89625, 7.162917 ], [ 1.895972, 7.162917 ], [ 1.895694, 7.162639 ], [ 1.895417, 7.162639 ], [ 1.895139, 7.162361 ] ] } },
{ "type": "Feature", "properties": { "strahler_order": 1, "longueur_km": 0.27086749463701315 }, "geometry": { "type": "LineString", "coordinates": [ [ 1.895139, 7.162361 ], [ 1.894861, 7.162639 ], [ 1.894583, 7.162639 ], [ 1.894306, 7.162639 ], [ 1.894028, 7.162917 ], [ 1.89375, 7.162917 ], [ 1.893472, 7.162917 ], [ 1.893194, 7.162917 ], [ 1.892917, 7.162917 ] ] } },
{ "type": "Feature", "properties": { "strahler_order": 1, "longueur_km": 0.25299680282507236 }, "geometry": { "type": "LineString", "coordinates": [ [ 2.15125, 7.152083 ], [ 2.15125, 7.151806 ], [ 2.150972, 7.151528 ], [ 2.150972, 7.15125 ], [ 2.150972, 7.150972 ], [ 2.150694, 7.150694 ], [ 2.150417, 7.150417 ], [ 2.150417, 7.150139 ] ] } },
{ "type": "Feature", "properties": { "strahler_order": 1, "longueur_km": 0.38859876083353417 }, "geometry": { "type": "LineString", "coordinates": [ [ 2.150417, 7.150139 ], [ 2.150417, 7.149861 ], [ 2.150417, 7.149583 ], [ 2.150694, 7.149306 ], [ 2.150694, 7.149028 ], [ 2.150694, 7.14875 ], [ 2.150694, 7.148472 ], [ 2.150417, 7.148194 ], [ 2.150139, 7.147917 ], [ 2.149861, 7.147639 ], [ 2.149861, 7.147361 ], [ 2.149861, 7.147083 ] ] } },
{ "type": "Feature", "properties": { "strahler_order": 1, "longueur_km": 0.96889561393263923 }, "geometry": { "type": "LineString", "coordinates": [ [ 2.02125, 7.150972 ], [ 2.021528, 7.150694 ], [ 2.021806, 7.150417 ], [ 2.021806, 7.150139 ], [ 2.021806, 7.149861 ], [ 2.021806, 7.149583 ], [ 2.021806, 7.149306 ], [ 2.021806, 7.149028 ], [ 2.022083, 7.14875 ], [ 2.022361, 7.148472 ], [ 2.022361, 7.148194 ], [ 2.022361, 7.147917 ], [ 2.022639, 7.147639 ], [ 2.022639, 7.147361 ], [ 2.022639, 7.147083 ], [ 2.022639, 7.146806 ], [ 2.022639, 7.146528 ], [ 2.022361, 7.14625 ], [ 2.022361, 7.145972 ], [ 2.022083, 7.145694 ], [ 2.021806, 7.145417 ], [ 2.021528, 7.145139 ], [ 2.021806, 7.144861 ], [ 2.021806, 7.144583 ], [ 2.021806, 7.144306 ], [ 2.021528, 7.144028 ], [ 2.021528, 7.14375 ], [ 2.021528, 7.143472 ] ] } },
{ "type": "Feature", "properties": { "strahler_order": 1, "longueur_km": 0.1662782080279348 }, "geometry": { "type": "LineString", "coordinates": [ [ 2.021528, 7.143472 ], [ 2.021528, 7.143194 ], [ 2.021528, 7.142917 ], [ 2.021528, 7.142639 ], [ 2.021806, 7.142361 ], [ 2.021806, 7.142083 ] ] } },
{ "type": "Feature", "properties": { "strahler_order": 1, "longueur_km": 0.86595229270230356 }, "geometry": { "type": "LineString", "coordinates": [ [ 2.021806, 7.142083 ], [ 2.022083, 7.141806 ], [ 2.022361, 7.141528 ], [ 2.022639, 7.141528 ], [ 2.022917, 7.14125 ], [ 2.023194, 7.140972 ], [ 2.023472, 7.140694 ], [ 2.023472, 7.140417 ], [ 2.023472, 7.140139 ], [ 2.02375, 7.139861 ], [ 2.02375, 7.139583 ], [ 2.023472, 7.139306 ], [ 2.023194, 7.139028 ], [ 2.022917, 7.13875 ], [ 2.022639, 7.13875 ], [ 2.022361, 7.138472 ], [ 2.022083, 7.138194 ], [ 2.021806, 7.137917 ], [ 2.021528, 7.137917 ], [ 2.02125, 7.137639 ], [ 2.020972, 7.137361 ], [ 2.020972, 7.137083 ], [ 2.020694, 7.136806 ] ] } },
{ "type": "Feature", "properties": { "strahler_order": 1, "longueur_km": 0.19156255681878517 }, "geometry": { "type": "LineString", "coordinates": [ [ 2.075417, 7.149861 ], [ 2.075417, 7.149583 ], [ 2.075694, 7.149306 ], [ 2.075417, 7.149028 ], [ 2.075139, 7.14875 ], [ 2.075139, 7.148472 ] ] } },
{ "type": "Feature", "properties": { "strahler_order": 1, "longueur_km": 1.019439502699796 }, "geometry": { "type": "LineString", "coordinates": [ [ 2.075139, 7.148472 ], [ 2.075417, 7.148472 ], [ 2.075694, 7.148194 ], [ 2.075972, 7.147917 ], [ 2.075972, 7.147639 ], [ 2.075972, 7.147361 ], [ 2.075972, 7.147083 ], [ 2.07625, 7.146806 ], [ 2.07625, 7.146528 ], [ 2.075972, 7.14625 ], [ 2.075694, 7.145972 ], [ 2.075417, 7.145694 ], [ 2.075417, 7.145417 ], [ 2.075139, 7.145139 ], [ 2.074861, 7.144861 ], [ 2.074583, 7.144583 ], [ 2.074583, 7.144306 ], [ 2.074583, 7.144028 ], [ 2.074861, 7.14375 ], [ 2.075139, 7.143472 ], [ 2.075417, 7.143472 ], [ 2.075694, 7.143472 ], [ 2.075972, 7.143194 ], [ 2.075972, 7.142917 ], [ 2.075972, 7.142639 ], [ 2.075694, 7.142361 ], [ 2.075417, 7.142083 ], [ 2.075139, 7.141806 ] ] } },
{ "type": "Feature", "properties": { "strahler_order": 1, "longueur_km": 0.59817801025684225 }, "geometry": { "type": "LineString", "coordinates": [ [ 2.133472, 7.149028 ], [ 2.13375, 7.14875 ], [ 2.134028, 7.148472 ], [ 2.134028, 7.148194 ], [ 2.134028, 7.147917 ], [ 2.134028, 7.147639 ], [ 2.134028, 7.147361 ], [ 2.134028, 7.147083 ], [ 2.134306, 7.147083 ], [ 2.134583, 7.146806 ], [ 2.134861, 7.146528 ], [ 2.134861, 7.14625 ], [ 2.135139, 7.145972 ], [ 2.135417, 7.145694 ], [ 2.135694, 7.145694 ], [ 2.135972, 7.145694 ], [ 2.13625, 7.145694 ], [ 2.136528, 7.145694 ] ] } },
{ "type": "Feature", "properties": { "strahler_order": 1, "longueur_km": 1.081023602841614 }, "geometry": { "type": "LineString", "coordinates": [ [ 2.136528, 7.145694 ], [ 2.136806, 7.145417 ], [ 2.136806, 7.145139 ], [ 2.136806, 7.144861 ], [ 2.137083, 7.144583 ], [ 2.137361, 7.144306 ], [ 2.137639, 7.144028 ], [ 2.137917, 7.14375 ], [ 2.138194, 7.143472 ], [ 2.138194, 7.143194 ], [ 2.138472, 7.142917 ], [ 2.138472, 7.142639 ], [ 2.138472, 7.142361 ], [ 2.138472, 7.142083 ], [ 2.13875, 7.141806 ], [ 2.13875, 7.141528 ], [ 2.13875, 7.14125 ], [ 2.13875, 7.140972 ], [ 2.13875, 7.140694 ], [ 2.13875, 7.140417 ], [ 2.138472, 7.140139 ], [ 2.138194, 7.139861 ], [ 2.137917, 7.139583 ], [ 2.138194, 7.139306 ], [ 2.138194, 7.139028 ], [ 2.138194, 7.13875 ], [ 2.138472, 7.138472 ], [ 2.138472, 7.138194 ], [ 2.13875, 7.137917 ], [ 2.139028, 7.137639 ] ] } },
{ "type": "Feature", "properties": { "strahler_order": 1, "longueur_km": 0.1481229978243648 }, "geometry": { "type": "LineString", "coordinates": [ [ 2.146806, 7.149028 ], [ 2.147083, 7.149306 ], [ 2.147361, 7.149583 ], [ 2.147639, 7.149583 ], [ 2.147917, 7.149583 ] ] } },
{ "type": "Feature", "properties": { "strahler_order": 1, "longueur_km": 0.38320502670139733 }, "geometry": { "type": "LineString", "coordinates": [ [ 2.147917, 7.149583 ], [ 2.148194, 7.149306 ], [ 2.148194, 7.149028 ], [ 2.148194, 7.14875 ], [ 2.148472, 7.148472 ], [ 2.14875, 7.148194 ], [ 2.14875, 7.147917 ], [ 2.149028, 7.147639 ], [ 2.149306, 7.147639 ], [ 2.149583, 7.147361 ], [ 2.149861, 7.147083 ] ] } },
{ "type": "Feature", "properties": { "strahler_order": 1, "longueur_km": 0.27841342614215914 }, "geometry": { "type": "LineString", "coordinates": [ [ 2.149861, 7.147083 ], [ 2.150139, 7.146806 ], [ 2.150417, 7.146528 ], [ 2.150694, 7.146528 ], [ 2.150972, 7.146528 ], [ 2.15125, 7.14625 ], [ 2.151528, 7.145972 ], [ 2.151806, 7.145694 ] ] } },
{ "type": "Feature", "properties": { "strahler_order": 1, "longueur_km": 1.7018565358042133 }, "geometry": { "type": "LineString", "coordinates": [ [ 1.905972, 7.14875 ], [ 1.905694, 7.149028 ], [ 1.905417, 7.149028 ], [ 1.905139, 7.14875 ], [ 1.904861, 7.148472 ], [ 1.904583, 7.148472 ], [ 1.904306, 7.148194 ], [ 1.904028, 7.148472 ], [ 1.90375, 7.14875 ], [ 1.903472, 7.149028 ], [ 1.903194, 7.149028 ], [ 1.902917, 7.14875 ], [ 1.902639, 7.14875 ], [ 1.902361, 7.14875 ], [ 1.902083, 7.14875 ], [ 1.901806, 7.14875 ], [ 1.901528, 7.14875 ], [ 1.90125, 7.14875 ], [ 1.900972, 7.14875 ], [ 1.900694, 7.148472 ], [ 1.900694, 7.148194 ], [ 1.900417, 7.147917 ], [ 1.900139, 7.147917 ], [ 1.899861, 7.147917 ], [ 1.899583, 7.147639 ], [ 1.899306, 7.147361 ], [ 1.899028, 7.147361 ], [ 1.89875, 7.147361 ], [ 1.898472, 7.147083 ], [ 1.898194, 7.146806 ], [ 1.897917, 7.146528 ], [ 1.897639, 7.146528 ], [ 1.897361, 7.146528 ], [ 1.897083, 7.146528 ], [ 1.896806, 7.146528 ], [ 1.896528, 7.14625 ], [ 1.89625, 7.145972 ], [ 1.895972, 7.145694 ], [ 1.895694, 7.145694 ], [ 1.895417, 7.145694 ], [ 1.895139, 7.145694 ], [ 1.894861, 7.145694 ], [ 1.894583, 7.145694 ], [ 1.894306, 7.145694 ], [ 1.894028, 7.145694 ], [ 1.89375, 7.145694 ], [ 1.893472, 7.145694 ], [ 1.893194, 7.145694 ], [ 1.892917, 7.145694 ] ] } },
{ "type": "Feature", "properties": { "strahler_order": 1, "longueur_km": 2.5784816844359235 }, "geometry": { "type": "LineString", "coordinates": [ [ 2.040139, 7.148194 ], [ 2.040417, 7.148194 ], [ 2.040694, 7.148194 ], [ 2.040972, 7.148194 ], [ 2.04125, 7.147917 ], [ 2.041528, 7.148194 ], [ 2.041528, 7.148472 ], [ 2.041806, 7.14875 ], [ 2.042083, 7.14875 ], [ 2.042361, 7.149028 ], [ 2.042639, 7.149306 ], [ 2.042917, 7.149306 ], [ 2.043194, 7.149306 ], [ 2.043472, 7.149306 ], [ 2.04375, 7.149306 ], [ 2.044028, 7.149583 ], [ 2.044306, 7.149583 ], [ 2.044583, 7.149306 ], [ 2.044861, 7.149028 ], [ 2.045139, 7.14875 ], [ 2.045139, 7.148472 ], [ 2.045139, 7.148194 ], [ 2.045139, 7.147917 ], [ 2.045139, 7.147639 ], [ 2.045139, 7.147361 ], [ 2.045417, 7.147083 ], [ 2.045417, 7.146806 ], [ 2.045694, 7.146528 ], [ 2.045972, 7.14625 ], [ 2.04625, 7.145972 ], [ 2.046528, 7.145694 ], [ 2.046528, 7.145417 ], [ 2.046528, 7.145139 ], [ 2.046528, 7.144861 ], [ 2.046528, 7.144583 ], [ 2.046528, 7.144306 ], [ 2.046528, 7.144028 ], [ 2.046528, 7.14375 ], [ 2.046806, 7.143472 ], [ 2.047083, 7.143194 ], [ 2.047361, 7.143194 ], [ 2.047639, 7.143194 ], [ 2.047917, 7.143194 ], [ 2.048194, 7.143194 ], [ 2.048472, 7.143194 ], [ 2.04875, 7.143194 ], [ 2.04875, 7.142917 ], [ 2.04875, 7.142639 ], [ 2.049028, 7.142361 ], [ 2.049306, 7.142083 ], [ 2.049583, 7.141806 ], [ 2.049861, 7.141528 ], [ 2.050139, 7.14125 ], [ 2.050417, 7.14125 ], [ 2.050417, 7.140972 ], [ 2.050694, 7.140694 ], [ 2.050694, 7.140417 ], [ 2.050694, 7.140139 ], [ 2.050417, 7.139861 ], [ 2.050139, 7.139861 ], [ 2.049861, 7.139861 ], [ 2.049583, 7.139861 ], [ 2.049306, 7.139583 ], [ 2.049028, 7.139306 ], [ 2.049028, 7.139028 ], [ 2.049028, 7.13875 ], [ 2.049028, 7.138472 ], [ 2.049028, 7.138194 ], [ 2.049306, 7.137917 ], [ 2.049583, 7.137639 ], [ 2.049861, 7.137361 ], [ 2.050139, 7.137361 ], [ 2.050417, 7.137083 ] ] } },
{ "type": "Feature", "properties": { "strahler_order": 1, "longueur_km": 0.27639808596042986 }, "geometry": { "type": "LineString", "coordinates": [ [ 2.151806, 7.148194 ], [ 2.151806, 7.147917 ], [ 2.151806, 7.147639 ], [ 2.151806, 7.147361 ], [ 2.151806, 7.147083 ], [ 2.151806, 7.146806 ], [ 2.151806, 7.146528 ], [ 2.151806, 7.14625 ], [ 2.151806, 7.145972 ], [ 2.151806, 7.145694 ] ] } },
{ "type": "Feature", "properties": { "strahler_order": 1, "longueur_km": 0.092095835674676774 }, "geometry": { "type": "LineString", "coordinates": [ [ 2.151806, 7.145694 ], [ 2.151806, 7.145417 ], [ 2.151806, 7.145139 ], [ 2.151806, 7.144861 ] ] } },
{ "type": "Feature", "properties": { "strahler_order": 1, "longueur_km": 1.6587042905782605 }, "geometry": { "type": "LineString", "coordinates": [ [ 2.114306, 7.147917 ], [ 2.114583, 7.147917 ], [ 2.114861, 7.147917 ], [ 2.115139, 7.147917 ], [ 2.115417, 7.147917 ], [ 2.115694, 7.147917 ], [ 2.115972, 7.147639 ], [ 2.11625, 7.147639 ], [ 2.11625, 7.147361 ], [ 2.11625, 7.147083 ], [ 2.11625, 7.146806 ], [ 2.11625, 7.146528 ], [ 2.116528, 7.146528 ], [ 2.116806, 7.14625 ], [ 2.117083, 7.145972 ], [ 2.117361, 7.145694 ], [ 2.117639, 7.145694 ], [ 2.117917, 7.145417 ], [ 2.118194, 7.145417 ], [ 2.118472, 7.145139 ], [ 2.118472, 7.144861 ], [ 2.118472, 7.144583 ], [ 2.118472, 7.144306 ], [ 2.118472, 7.144028 ], [ 2.11875, 7.14375 ], [ 2.11875, 7.143472 ], [ 2.119028, 7.143472 ], [ 2.119306, 7.143194 ], [ 2.119583, 7.142917 ], [ 2.119861, 7.142639 ], [ 2.120139, 7.142639 ], [ 2.120417, 7.142639 ], [ 2.120694, 7.142639 ], [ 2.120972, 7.142917 ], [ 2.12125, 7.142917 ], [ 2.121528, 7.142917 ], [ 2.121806, 7.142917 ], [ 2.122083, 7.142639 ], [ 2.122361, 7.142361 ], [ 2.122361, 7.142083 ], [ 2.122639, 7.141806 ], [ 2.122639, 7.141528 ], [ 2.122639, 7.14125 ], [ 2.122639, 7.140972 ], [ 2.122917, 7.140694 ], [ 2.123194, 7.140417 ], [ 2.123194, 7.140139 ], [ 2.123472, 7.139861 ] ] } },
{ "type": "Feature", "properties": { "strahler_order": 1, "longueur_km": 1.6303570550809741 }, "geometry": { "type": "LineString", "coordinates": [ [ 2.162639, 7.147917 ], [ 2.162361, 7.147639 ], [ 2.162083, 7.147639 ], [ 2.161806, 7.147361 ], [ 2.161528, 7.147083 ], [ 2.161528, 7.146806 ], [ 2.161528, 7.146528 ], [ 2.161528, 7.14625 ], [ 2.161528, 7.145972 ], [ 2.16125, 7.145694 ], [ 2.160972, 7.145417 ], [ 2.160972, 7.145139 ], [ 2.160972, 7.144861 ], [ 2.160972, 7.144583 ], [ 2.160972, 7.144306 ], [ 2.160972, 7.144028 ], [ 2.16125, 7.14375 ], [ 2.161528, 7.143472 ], [ 2.161528, 7.143194 ], [ 2.16125, 7.142917 ], [ 2.160972, 7.142639 ], [ 2.160694, 7.142639 ], [ 2.160417, 7.142361 ], [ 2.160417, 7.142083 ], [ 2.160694, 7.141806 ], [ 2.160694, 7.141528 ], [ 2.160417, 7.141528 ], [ 2.160139, 7.14125 ], [ 2.159861, 7.140972 ], [ 2.159583, 7.140694 ], [ 2.159306, 7.140417 ], [ 2.159028, 7.140139 ], [ 2.15875, 7.139861 ], [ 2.158472, 7.139861 ], [ 2.158194, 7.139861 ], [ 2.157917, 7.139583 ], [ 2.157639, 7.139306 ], [ 2.157639, 7.139028 ], [ 2.157639, 7.13875 ], [ 2.157639, 7.138472 ], [ 2.157361, 7.138194 ], [ 2.157083, 7.137917 ], [ 2.156806, 7.137639 ], [ 2.156528, 7.137639 ], [ 2.15625, 7.137639 ] ] } },
{ "type": "Feature", "properties": { "strahler_order": 1, "longueur_km": 0.29643826979841831 }, "geometry": { "type": "LineString", "coordinates": [ [ 2.152917, 7.147083 ], [ 2.152639, 7.146806 ], [ 2.152361, 7.146528 ], [ 2.152361, 7.14625 ], [ 2.152083, 7.145972 ], [ 2.152083, 7.145694 ], [ 2.152083, 7.145417 ], [ 2.152083, 7.145139 ], [ 2.151806, 7.144861 ] ] } },
{ "type": "Feature", "properties": { "strahler_order": 1, "longueur_km": 1.0195261838378986 }, "geometry": { "type": "LineString", "coordinates": [ [ 2.151806, 7.144861 ], [ 2.151806, 7.144583 ], [ 2.152083, 7.144306 ], [ 2.152361, 7.144028 ], [ 2.152361, 7.14375 ], [ 2.152361, 7.143472 ], [ 2.152361, 7.143194 ], [ 2.152361, 7.142917 ], [ 2.152639, 7.142639 ], [ 2.152639, 7.142361 ], [ 2.152917, 7.142083 ], [ 2.153194, 7.141806 ], [ 2.153472, 7.141528 ], [ 2.15375, 7.14125 ], [ 2.15375, 7.140972 ], [ 2.15375, 7.140694 ], [ 2.15375, 7.140417 ], [ 2.154028, 7.140139 ], [ 2.154306, 7.139861 ], [ 2.154583, 7.139583 ], [ 2.154861, 7.139306 ], [ 2.155139, 7.139028 ], [ 2.155417, 7.139028 ], [ 2.155694, 7.13875 ], [ 2.155972, 7.138472 ], [ 2.15625, 7.138194 ], [ 2.15625, 7.137917 ], [ 2.15625, 7.137639 ] ] } },
{ "type": "Feature", "properties": { "strahler_order": 1, "longueur_km": 0.75363736100188417 }, "geometry": { "type": "LineString", "coordinates": [ [ 2.15625, 7.137639 ], [ 2.15625, 7.137361 ], [ 2.155972, 7.137083 ], [ 2.155972, 7.136806 ], [ 2.155694, 7.136528 ], [ 2.155417, 7.13625 ], [ 2.155139, 7.135972 ], [ 2.155139, 7.135694 ], [ 2.155417, 7.135417 ], [ 2.155694, 7.135139 ], [ 2.155694, 7.134861 ], [ 2.155417, 7.134583 ], [ 2.155139, 7.134583 ], [ 2.155139, 7.134306 ], [ 2.155139, 7.134028 ], [ 2.154861, 7.13375 ], [ 2.154583, 7.133472 ], [ 2.154306, 7.133194 ], [ 2.154306, 7.132917 ], [ 2.154306, 7.132639 ], [ 2.154583, 7.132361 ] ] } },
{ "type": "Feature", "properties": { "strahler_order": 1, "longueur_km": 0.88408183059183554 }, "geometry": { "type": "LineString", "coordinates": [ [ 1.965694, 7.145972 ], [ 1.965972, 7.145694 ], [ 1.96625, 7.145417 ], [ 1.96625, 7.145139 ], [ 1.966528, 7.144861 ], [ 1.96625, 7.144583 ], [ 1.966528, 7.144306 ], [ 1.966806, 7.144028 ], [ 1.967083, 7.144028 ], [ 1.967361, 7.144028 ], [ 1.967639, 7.14375 ], [ 1.967917, 7.14375 ], [ 1.968194, 7.143472 ], [ 1.968472, 7.143194 ], [ 1.968472, 7.142917 ], [ 1.968194, 7.142639 ], [ 1.967917, 7.142361 ], [ 1.967639, 7.142083 ], [ 1.967361, 7.141806 ], [ 1.967361, 7.141528 ], [ 1.967639, 7.14125 ], [ 1.967917, 7.14125 ], [ 1.967917, 7.140972 ], [ 1.967917, 7.140694 ] ] } },
{ "type": "Feature", "properties": { "strahler_order": 1, "longueur_km": 2.3692838751629206 }, "geometry": { "type": "LineString", "coordinates": [ [ 1.918194, 7.145694 ], [ 1.917917, 7.145417 ], [ 1.917639, 7.145139 ], [ 1.917361, 7.144861 ], [ 1.917361, 7.144583 ], [ 1.917361, 7.144306 ], [ 1.917639, 7.144028 ], [ 1.917639, 7.14375 ], [ 1.917639, 7.143472 ], [ 1.917361, 7.143194 ], [ 1.917361, 7.142917 ], [ 1.917361, 7.142639 ], [ 1.917083, 7.142361 ], [ 1.917083, 7.142083 ], [ 1.916806, 7.141806 ], [ 1.916528, 7.141528 ], [ 1.916528, 7.14125 ], [ 1.916806, 7.140972 ], [ 1.916806, 7.140694 ], [ 1.916806, 7.140417 ], [ 1.916806, 7.140139 ], [ 1.917083, 7.139861 ], [ 1.917083, 7.139583 ], [ 1.917083, 7.139306 ], [ 1.917083, 7.139028 ], [ 1.917083, 7.13875 ], [ 1.917083, 7.138472 ], [ 1.917083, 7.138194 ], [ 1.916806, 7.137917 ], [ 1.916806, 7.137639 ], [ 1.916528, 7.137361 ], [ 1.91625, 7.137083 ], [ 1.915972, 7.137083 ], [ 1.915694, 7.136806 ], [ 1.915417, 7.136528 ], [ 1.915139, 7.13625 ], [ 1.915139, 7.135972 ], [ 1.915139, 7.135694 ], [ 1.915139, 7.135417 ], [ 1.915139, 7.135139 ], [ 1.915139, 7.134861 ], [ 1.914861, 7.134583 ], [ 1.915139, 7.134306 ], [ 1.915139, 7.134028 ], [ 1.915139, 7.13375 ], [ 1.914861, 7.133472 ], [ 1.914583, 7.133472 ], [ 1.914306, 7.133472 ], [ 1.914028, 7.133472 ], [ 1.91375, 7.133472 ], [ 1.913472, 7.133472 ], [ 1.913194, 7.133194 ], [ 1.912917, 7.132917 ], [ 1.912639, 7.132639 ], [ 1.912361, 7.132361 ], [ 1.912083, 7.132361 ], [ 1.911806, 7.132361 ], [ 1.911528, 7.132361 ], [ 1.91125, 7.132083 ], [ 1.910972, 7.131806 ], [ 1.910694, 7.131528 ], [ 1.910417, 7.13125 ], [ 1.910139, 7.13125 ], [ 1.909861, 7.13125 ], [ 1.909583, 7.13125 ], [ 1.909306, 7.13125 ], [ 1.909028, 7.13125 ] ] } },
{ "type": "Feature", "properties": { "strahler_order": 1, "longueur_km": 0.65167583845129406 }, "geometry": { "type": "LineString", "coordinates": [ [ 1.987917, 7.145694 ], [ 1.988194, 7.145417 ], [ 1.988472, 7.145139 ], [ 1.98875, 7.145139 ], [ 1.989028, 7.145139 ], [ 1.989306, 7.145139 ], [ 1.989583, 7.145139 ], [ 1.989861, 7.145139 ], [ 1.990139, 7.145139 ], [ 1.990417, 7.145139 ], [ 1.990694, 7.145139 ], [ 1.990972, 7.145139 ], [ 1.99125, 7.144861 ], [ 1.99125, 7.144583 ], [ 1.991528, 7.144583 ], [ 1.991806, 7.144583 ], [ 1.992083, 7.144583 ], [ 1.992361, 7.144583 ], [ 1.992639, 7.144583 ], [ 1.992917, 7.144583 ], [ 1.993194, 7.144583 ] ] } },
{ "type": "Feature", "properties": { "strahler_order": 1, "longueur_km": 0.89136815976933759 }, "geometry": { "type": "LineString", "coordinates": [ [ 1.993194, 7.144583 ], [ 1.993472, 7.144306 ], [ 1.99375, 7.144028 ], [ 1.994028, 7.14375 ], [ 1.994306, 7.143472 ], [ 1.994583, 7.143472 ], [ 1.994583, 7.143194 ], [ 1.994861, 7.142917 ], [ 1.995139, 7.142639 ], [ 1.995417, 7.142639 ], [ 1.995694, 7.142917 ], [ 1.995972, 7.143194 ], [ 1.99625, 7.143472 ], [ 1.99625, 7.14375 ], [ 1.996528, 7.14375 ], [ 1.996806, 7.143472 ], [ 1.997083, 7.143194 ], [ 1.997361, 7.142917 ], [ 1.997639, 7.142639 ], [ 1.997917, 7.142361 ], [ 1.998194, 7.142083 ], [ 1.998472, 7.141806 ], [ 1.99875, 7.141528 ] ] } },
{ "type": "Feature", "properties": { "strahler_order": 1, "longueur_km": 0.41918950672659805 }, "geometry": { "type": "LineString", "coordinates": [ [ 1.934028, 7.145139 ], [ 1.93375, 7.145139 ], [ 1.933472, 7.144861 ], [ 1.933194, 7.144861 ], [ 1.932917, 7.144583 ], [ 1.932639, 7.144306 ], [ 1.932639, 7.144028 ], [ 1.932361, 7.144028 ], [ 1.932083, 7.144028 ], [ 1.931806, 7.144028 ], [ 1.931528, 7.144028 ], [ 1.93125, 7.14375 ], [ 1.93125, 7.143472 ] ] } },
{ "type": "Feature", "properties": { "strahler_order": 1, "longueur_km": 1.0609394321788215 }, "geometry": { "type": "LineString", "coordinates": [ [ 2.094583, 7.145139 ], [ 2.094583, 7.144861 ], [ 2.094861, 7.144583 ], [ 2.094861, 7.144306 ], [ 2.094861, 7.144028 ], [ 2.094861, 7.14375 ], [ 2.095139, 7.143472 ], [ 2.095417, 7.143194 ], [ 2.095694, 7.142917 ], [ 2.095694, 7.142639 ], [ 2.095972, 7.142361 ], [ 2.095972, 7.142083 ], [ 2.095972, 7.141806 ], [ 2.095972, 7.141528 ], [ 2.095972, 7.14125 ], [ 2.095972, 7.140972 ], [ 2.095694, 7.140694 ], [ 2.095694, 7.140417 ], [ 2.095417, 7.140417 ], [ 2.095139, 7.140139 ], [ 2.094861, 7.139861 ], [ 2.094583, 7.139583 ], [ 2.094306, 7.139306 ], [ 2.094028, 7.139028 ], [ 2.094028, 7.13875 ], [ 2.094028, 7.138472 ], [ 2.094028, 7.138194 ], [ 2.094028, 7.137917 ], [ 2.094028, 7.137639 ], [ 2.094028, 7.137361 ], [ 2.094028, 7.137083 ] ] } },
{ "type": "Feature", "properties": { "strahler_order": 1, "longueur_km": 1.9247013765626466 }, "geometry": { "type": "LineString", "coordinates": [ [ 2.094028, 7.137083 ], [ 2.094306, 7.136806 ], [ 2.094306, 7.136528 ], [ 2.094306, 7.13625 ], [ 2.094583, 7.135972 ], [ 2.094861, 7.135694 ], [ 2.094583, 7.135417 ], [ 2.094583, 7.135139 ], [ 2.094583, 7.134861 ], [ 2.094306, 7.134583 ], [ 2.094028, 7.134306 ], [ 2.09375, 7.134028 ], [ 2.09375, 7.13375 ], [ 2.093472, 7.133472 ], [ 2.093194, 7.133194 ], [ 2.093194, 7.132917 ], [ 2.093194, 7.132639 ], [ 2.093194, 7.132361 ], [ 2.093472, 7.132083 ], [ 2.093472, 7.131806 ], [ 2.093194, 7.131528 ], [ 2.093194, 7.13125 ], [ 2.092917, 7.130972 ], [ 2.092917, 7.130694 ], [ 2.092917, 7.130417 ], [ 2.093194, 7.130139 ], [ 2.093194, 7.129861 ], [ 2.093194, 7.129583 ], [ 2.093194, 7.129306 ], [ 2.093194, 7.129028 ], [ 2.093194, 7.12875 ], [ 2.093194, 7.128472 ], [ 2.093194, 7.128194 ], [ 2.093194, 7.127917 ], [ 2.093472, 7.127639 ], [ 2.093472, 7.127361 ], [ 2.093472, 7.127083 ], [ 2.093472, 7.126806 ], [ 2.093472, 7.126528 ], [ 2.093472, 7.12625 ], [ 2.093472, 7.125972 ], [ 2.093194, 7.125694 ], [ 2.092917, 7.125694 ], [ 2.092639, 7.125972 ], [ 2.092361, 7.125694 ], [ 2.092083, 7.125694 ], [ 2.091806, 7.125694 ], [ 2.091528, 7.125694 ], [ 2.091528, 7.125417 ], [ 2.091528, 7.125139 ], [ 2.09125, 7.124861 ], [ 2.090972, 7.124583 ], [ 2.090972, 7.124306 ], [ 2.090694, 7.124028 ], [ 2.090417, 7.12375 ] ] } },
{ "type": "Feature", "properties": { "strahler_order": 1, "longueur_km": 0.41407364853354822 }, "geometry": { "type": "LineString", "coordinates": [ [ 1.998194, 7.144583 ], [ 1.998472, 7.144306 ], [ 1.99875, 7.144028 ], [ 1.99875, 7.14375 ], [ 1.998472, 7.143472 ], [ 1.998472, 7.143194 ], [ 1.998472, 7.142917 ], [ 1.99875, 7.142639 ], [ 1.999028, 7.142361 ], [ 1.999028, 7.142083 ], [ 1.99875, 7.141806 ], [ 1.99875, 7.141528 ] ] } },
{ "type": "Feature", "properties": { "strahler_order": 1, "longueur_km": 1.5125963737996104 }, "geometry": { "type": "LineString", "coordinates": [ [ 1.99875, 7.141528 ], [ 1.999028, 7.14125 ], [ 1.999306, 7.14125 ], [ 1.999583, 7.140972 ], [ 1.999861, 7.140972 ], [ 2.000139, 7.140972 ], [ 2.000417, 7.140694 ], [ 2.000694, 7.140417 ], [ 2.000694, 7.140139 ], [ 2.000694, 7.139861 ], [ 2.000694, 7.139583 ], [ 2.000417, 7.139306 ], [ 2.000694, 7.139028 ], [ 2.000972, 7.13875 ], [ 2.00125, 7.138472 ], [ 2.001528, 7.138194 ], [ 2.001806, 7.137917 ], [ 2.002083, 7.137639 ], [ 2.002361, 7.137361 ], [ 2.002639, 7.137361 ], [ 2.002917, 7.137361 ], [ 2.003194, 7.137639 ], [ 2.003472, 7.137639 ], [ 2.00375, 7.137639 ], [ 2.004028, 7.137639 ], [ 2.004306, 7.137639 ], [ 2.004583, 7.137361 ], [ 2.004861, 7.137083 ], [ 2.005139, 7.136806 ], [ 2.005417, 7.136528 ], [ 2.005417, 7.13625 ], [ 2.005694, 7.135972 ], [ 2.005972, 7.135972 ], [ 2.00625, 7.135972 ], [ 2.006528, 7.135972 ], [ 2.006806, 7.135972 ], [ 2.007083, 7.135694 ], [ 2.007361, 7.135694 ], [ 2.007639, 7.135972 ], [ 2.007917, 7.135972 ], [ 2.008194, 7.135972 ], [ 2.008472, 7.135972 ] ] } },
{ "type": "Feature", "properties": { "strahler_order": 1, "longueur_km": 1.0349191420025492 }, "geometry": { "type": "LineString", "coordinates": [ [ 2.067639, 7.144583 ], [ 2.067917, 7.144306 ], [ 2.068194, 7.144028 ], [ 2.068472, 7.144028 ], [ 2.06875, 7.14375 ], [ 2.069028, 7.14375 ], [ 2.069306, 7.14375 ], [ 2.069583, 7.14375 ], [ 2.069861, 7.14375 ], [ 2.070139, 7.14375 ], [ 2.070139, 7.143472 ], [ 2.070417, 7.143194 ], [ 2.070694, 7.143194 ], [ 2.070972, 7.143194 ], [ 2.07125, 7.143194 ], [ 2.071528, 7.143194 ], [ 2.071806, 7.143194 ], [ 2.072083, 7.142917 ], [ 2.072083, 7.142639 ], [ 2.072361, 7.142361 ], [ 2.072639, 7.142361 ], [ 2.072917, 7.142361 ], [ 2.073194, 7.142361 ], [ 2.073472, 7.142361 ], [ 2.07375, 7.142639 ], [ 2.074028, 7.142639 ], [ 2.074306, 7.142639 ], [ 2.074583, 7.142639 ], [ 2.074861, 7.142361 ], [ 2.075139, 7.142083 ], [ 2.075139, 7.141806 ] ] } },
{ "type": "Feature", "properties": { "strahler_order": 1, "longueur_km": 0.35787191879176478 }, "geometry": { "type": "LineString", "coordinates": [ [ 2.075139, 7.141806 ], [ 2.075139, 7.141528 ], [ 2.075139, 7.14125 ], [ 2.075139, 7.140972 ], [ 2.075417, 7.140694 ], [ 2.075694, 7.140417 ], [ 2.075694, 7.140139 ], [ 2.075417, 7.139861 ], [ 2.075417, 7.139583 ], [ 2.075139, 7.139306 ], [ 2.075139, 7.139028 ] ] } },
{ "type": "Feature", "properties": { "strahler_order": 1, "longueur_km": 1.0118625844401696 }, "geometry": { "type": "LineString", "coordinates": [ [ 2.075139, 7.139028 ], [ 2.075417, 7.13875 ], [ 2.075694, 7.13875 ], [ 2.075972, 7.13875 ], [ 2.07625, 7.13875 ], [ 2.076528, 7.13875 ], [ 2.076806, 7.13875 ], [ 2.077083, 7.13875 ], [ 2.077361, 7.138472 ], [ 2.077639, 7.138194 ], [ 2.077917, 7.137917 ], [ 2.077917, 7.137639 ], [ 2.077917, 7.137361 ], [ 2.078194, 7.137083 ], [ 2.078194, 7.136806 ], [ 2.078472, 7.136528 ], [ 2.07875, 7.13625 ], [ 2.07875, 7.135972 ], [ 2.07875, 7.135694 ], [ 2.079028, 7.135417 ], [ 2.079306, 7.135139 ], [ 2.079583, 7.135139 ], [ 2.079583, 7.134861 ], [ 2.079861, 7.134583 ], [ 2.079861, 7.134306 ], [ 2.080139, 7.134306 ], [ 2.080417, 7.134028 ], [ 2.080694, 7.134028 ], [ 2.080972, 7.13375 ] ] } },
{ "type": "Feature", "properties": { "strahler_order": 1, "longueur_km": 0.22233823937864758 }, "geometry": { "type": "LineString", "coordinates": [ [ 2.190694, 7.144583 ], [ 2.190694, 7.144306 ], [ 2.190694, 7.144028 ], [ 2.190694, 7.14375 ], [ 2.190972, 7.143472 ], [ 2.19125, 7.143194 ], [ 2.191528, 7.142917 ] ] } },
{ "type": "Feature", "properties": { "strahler_order": 1, "longueur_km": 1.3334439887509335 }, "geometry": { "type": "LineString", "coordinates": [ [ 1.959861, 7.144306 ], [ 1.959583, 7.144306 ], [ 1.959306, 7.144306 ], [ 1.959028, 7.144028 ], [ 1.959028, 7.14375 ], [ 1.959306, 7.143472 ], [ 1.959583, 7.143194 ], [ 1.959861, 7.142917 ], [ 1.960139, 7.142639 ], [ 1.960417, 7.142361 ], [ 1.960694, 7.142361 ], [ 1.960972, 7.142361 ], [ 1.96125, 7.142083 ], [ 1.961528, 7.141806 ], [ 1.961806, 7.141806 ], [ 1.962083, 7.141806 ], [ 1.962361, 7.141528 ], [ 1.962639, 7.14125 ], [ 1.962917, 7.140972 ], [ 1.963194, 7.140694 ], [ 1.963472, 7.140694 ], [ 1.96375, 7.140694 ], [ 1.964028, 7.140694 ], [ 1.964306, 7.140694 ], [ 1.964583, 7.140972 ], [ 1.964861, 7.140972 ], [ 1.965139, 7.140972 ], [ 1.965417, 7.140694 ], [ 1.965694, 7.140417 ], [ 1.965972, 7.140417 ], [ 1.96625, 7.140417 ], [ 1.966528, 7.140694 ], [ 1.966806, 7.140694 ], [ 1.967083, 7.140417 ], [ 1.967361, 7.140417 ], [ 1.967639, 7.140694 ], [ 1.967917, 7.140694 ] ] } },
{ "type": "Feature", "properties": { "strahler_order": 1, "longueur_km": 1.9088874419584769 }, "geometry": { "type": "LineString", "coordinates": [ [ 1.967917, 7.140694 ], [ 1.968194, 7.140417 ], [ 1.968472, 7.140417 ], [ 1.968472, 7.140139 ], [ 1.968472, 7.139861 ], [ 1.96875, 7.139583 ], [ 1.969028, 7.139306 ], [ 1.969306, 7.139028 ], [ 1.969583, 7.13875 ], [ 1.969583, 7.138472 ], [ 1.969583, 7.138194 ], [ 1.969306, 7.137917 ], [ 1.969306, 7.137639 ], [ 1.969306, 7.137361 ], [ 1.969028, 7.137083 ], [ 1.96875, 7.136806 ], [ 1.968472, 7.136528 ], [ 1.968194, 7.13625 ], [ 1.967917, 7.135972 ], [ 1.967917, 7.135694 ], [ 1.967639, 7.135417 ], [ 1.967361, 7.135139 ], [ 1.967083, 7.134861 ], [ 1.967361, 7.134583 ], [ 1.967639, 7.134306 ], [ 1.967917, 7.134306 ], [ 1.968194, 7.134028 ], [ 1.968472, 7.134028 ], [ 1.96875, 7.134028 ], [ 1.969028, 7.134028 ], [ 1.969306, 7.134306 ], [ 1.969583, 7.134306 ], [ 1.969861, 7.134028 ], [ 1.970139, 7.13375 ], [ 1.970139, 7.133472 ], [ 1.970139, 7.133194 ], [ 1.970139, 7.132917 ], [ 1.970139, 7.132639 ], [ 1.970417, 7.132361 ], [ 1.970694, 7.132083 ], [ 1.970694, 7.131806 ], [ 1.970694, 7.131528 ], [ 1.970694, 7.13125 ], [ 1.970694, 7.130972 ], [ 1.970972, 7.130694 ], [ 1.97125, 7.130417 ], [ 1.971528, 7.130417 ], [ 1.971806, 7.130417 ], [ 1.972083, 7.130417 ], [ 1.972361, 7.130139 ], [ 1.972639, 7.129861 ], [ 1.972917, 7.129583 ] ] } },
{ "type": "Feature", "properties": { "strahler_order": 1, "longueur_km": 0.5548852508760812 }, "geometry": { "type": "LineString", "coordinates": [ [ 2.124861, 7.144028 ], [ 2.124583, 7.14375 ], [ 2.124583, 7.143472 ], [ 2.124861, 7.143194 ], [ 2.125139, 7.142917 ], [ 2.125139, 7.142639 ], [ 2.125139, 7.142361 ], [ 2.125139, 7.142083 ], [ 2.125139, 7.141806 ], [ 2.125417, 7.141806 ], [ 2.125694, 7.141528 ], [ 2.125972, 7.14125 ], [ 2.125972, 7.140972 ], [ 2.125972, 7.140694 ], [ 2.125972, 7.140417 ], [ 2.125972, 7.140139 ], [ 2.125972, 7.139861 ] ] } },
{ "type": "Feature", "properties": { "strahler_order": 1, "longueur_km": 0.29629109002403459 }, "geometry": { "type": "LineString", "coordinates": [ [ 2.182361, 7.144028 ], [ 2.182639, 7.144306 ], [ 2.182917, 7.144583 ], [ 2.183194, 7.144861 ], [ 2.183472, 7.144861 ], [ 2.18375, 7.144861 ], [ 2.184028, 7.145139 ], [ 2.184306, 7.145139 ], [ 2.184583, 7.145139 ] ] } },
{ "type": "Feature", "properties": { "strahler_order": 1, "longueur_km": 0.44466076111867808 }, "geometry": { "type": "LineString", "coordinates": [ [ 1.927361, 7.143472 ], [ 1.927083, 7.143194 ], [ 1.926806, 7.142917 ], [ 1.926528, 7.142917 ], [ 1.92625, 7.142639 ], [ 1.925972, 7.142361 ], [ 1.925972, 7.142083 ], [ 1.925694, 7.141806 ], [ 1.925694, 7.141528 ], [ 1.925694, 7.14125 ], [ 1.925694, 7.140972 ], [ 1.925694, 7.140694 ], [ 1.925417, 7.140417 ] ] } },
{ "type": "Feature", "properties": { "strahler_order": 1, "longueur_km": 1.6029511161616403 }, "geometry": { "type": "LineString", "coordinates": [ [ 2.086806, 7.143472 ], [ 2.086806, 7.143194 ], [ 2.087083, 7.142917 ], [ 2.087361, 7.142639 ], [ 2.087639, 7.142361 ], [ 2.087639, 7.142083 ], [ 2.087639, 7.141806 ], [ 2.087639, 7.141528 ], [ 2.087361, 7.14125 ], [ 2.087361, 7.140972 ], [ 2.087361, 7.140694 ], [ 2.087361, 7.140417 ], [ 2.087639, 7.140139 ], [ 2.087639, 7.139861 ], [ 2.087639, 7.139583 ], [ 2.087917, 7.139306 ], [ 2.087917, 7.139028 ], [ 2.087917, 7.13875 ], [ 2.087917, 7.138472 ], [ 2.087639, 7.138194 ], [ 2.087361, 7.137917 ], [ 2.087083, 7.137917 ], [ 2.086806, 7.137917 ], [ 2.086528, 7.137917 ], [ 2.08625, 7.137917 ], [ 2.085972, 7.137917 ], [ 2.085694, 7.137917 ], [ 2.085417, 7.137639 ], [ 2.085139, 7.137361 ], [ 2.084861, 7.137361 ], [ 2.084861, 7.137083 ], [ 2.084861, 7.136806 ], [ 2.084861, 7.136528 ], [ 2.084861, 7.13625 ], [ 2.084583, 7.135972 ], [ 2.084306, 7.135694 ], [ 2.084306, 7.135417 ], [ 2.084028, 7.135139 ], [ 2.084028, 7.134861 ], [ 2.084028, 7.134583 ], [ 2.084028, 7.134306 ], [ 2.084306, 7.134028 ], [ 2.084306, 7.13375 ], [ 2.084306, 7.133472 ], [ 2.084028, 7.133194 ], [ 2.084028, 7.132917 ], [ 2.084028, 7.132639 ] ] } },
{ "type": "Feature", "properties": { "strahler_order": 1, "longueur_km": 0.66161433596367614 }, "geometry": { "type": "LineString", "coordinates": [ [ 2.178194, 7.143472 ], [ 2.178472, 7.14375 ], [ 2.17875, 7.144028 ], [ 2.17875, 7.144306 ], [ 2.17875, 7.144583 ], [ 2.179028, 7.144861 ], [ 2.179028, 7.145139 ], [ 2.179306, 7.145417 ], [ 2.179583, 7.145694 ], [ 2.179861, 7.145972 ], [ 2.180139, 7.14625 ], [ 2.180417, 7.14625 ], [ 2.180694, 7.14625 ], [ 2.180972, 7.146528 ], [ 2.18125, 7.146806 ], [ 2.181528, 7.146806 ], [ 2.181806, 7.147083 ], [ 2.182083, 7.147361 ] ] } },
{ "type": "Feature", "properties": { "strahler_order": 1, "longueur_km": 0.39590358772393719 }, "geometry": { "type": "LineString", "coordinates": [ [ 2.182083, 7.147361 ], [ 2.182361, 7.147083 ], [ 2.182639, 7.146806 ], [ 2.182917, 7.146806 ], [ 2.183194, 7.146528 ], [ 2.183472, 7.14625 ], [ 2.18375, 7.14625 ], [ 2.184028, 7.145972 ], [ 2.184028, 7.145694 ], [ 2.184306, 7.145417 ], [ 2.184583, 7.145139 ] ] } },
{ "type": "Feature", "properties": { "strahler_order": 1, "longueur_km": 0.75878650746974818 }, "geometry": { "type": "LineString", "coordinates": [ [ 2.184583, 7.145139 ], [ 2.184861, 7.145139 ], [ 2.185139, 7.144861 ], [ 2.185417, 7.144861 ], [ 2.185694, 7.144861 ], [ 2.185972, 7.144583 ], [ 2.18625, 7.144306 ], [ 2.186528, 7.144028 ], [ 2.186806, 7.14375 ], [ 2.187083, 7.14375 ], [ 2.187361, 7.14375 ], [ 2.187639, 7.143472 ], [ 2.187917, 7.143194 ], [ 2.188194, 7.142917 ], [ 2.188472, 7.142639 ], [ 2.18875, 7.142639 ], [ 2.189028, 7.142639 ], [ 2.189306, 7.142639 ], [ 2.189583, 7.142639 ], [ 2.189861, 7.142639 ], [ 2.190139, 7.142639 ], [ 2.190417, 7.142639 ] ] } },
{ "type": "Feature", "properties": { "strahler_order": 1, "longueur_km": 2.3225337988896779 }, "geometry": { "type": "LineString", "coordinates": [ [ 1.949583, 7.142361 ], [ 1.949306, 7.142361 ], [ 1.949028, 7.142361 ], [ 1.94875, 7.142083 ], [ 1.948472, 7.142083 ], [ 1.948194, 7.142083 ], [ 1.947917, 7.142083 ], [ 1.947639, 7.141806 ], [ 1.947361, 7.141806 ], [ 1.947083, 7.141528 ], [ 1.946806, 7.141528 ], [ 1.946528, 7.141528 ], [ 1.94625, 7.141806 ], [ 1.945972, 7.141806 ], [ 1.945694, 7.141806 ], [ 1.945417, 7.141806 ], [ 1.945139, 7.141806 ], [ 1.944861, 7.142083 ], [ 1.944583, 7.142083 ], [ 1.944306, 7.141806 ], [ 1.944028, 7.141806 ], [ 1.94375, 7.141806 ], [ 1.943472, 7.142083 ], [ 1.943194, 7.142083 ], [ 1.942917, 7.142083 ], [ 1.942639, 7.142083 ], [ 1.942361, 7.142083 ], [ 1.942083, 7.142083 ], [ 1.941806, 7.141806 ], [ 1.941528, 7.141806 ], [ 1.94125, 7.141806 ], [ 1.940972, 7.141806 ], [ 1.940694, 7.141528 ], [ 1.940417, 7.141528 ], [ 1.940139, 7.141528 ], [ 1.939861, 7.141528 ], [ 1.939583, 7.14125 ], [ 1.939306, 7.14125 ], [ 1.939028, 7.14125 ], [ 1.93875, 7.141528 ], [ 1.938472, 7.141528 ], [ 1.938194, 7.14125 ], [ 1.937917, 7.14125 ], [ 1.937639, 7.14125 ], [ 1.937361, 7.14125 ], [ 1.937083, 7.141528 ], [ 1.936806, 7.141528 ], [ 1.936528, 7.141528 ], [ 1.93625, 7.141528 ], [ 1.935972, 7.141528 ], [ 1.935694, 7.141528 ], [ 1.935694, 7.141806 ], [ 1.935417, 7.142083 ], [ 1.935139, 7.142361 ], [ 1.934861, 7.142639 ], [ 1.934583, 7.142639 ], [ 1.934306, 7.142639 ], [ 1.934028, 7.142917 ], [ 1.93375, 7.142917 ], [ 1.933472, 7.142639 ], [ 1.933194, 7.142639 ], [ 1.932917, 7.142639 ], [ 1.932639, 7.142639 ], [ 1.932361, 7.142639 ], [ 1.932083, 7.142917 ], [ 1.931806, 7.143194 ], [ 1.931528, 7.143472 ], [ 1.93125, 7.143472 ] ] } },
{ "type": "Feature", "properties": { "strahler_order": 1, "longueur_km": 0.78420534507351503 }, "geometry": { "type": "LineString", "coordinates": [ [ 1.93125, 7.143472 ], [ 1.930972, 7.143194 ], [ 1.930694, 7.143194 ], [ 1.930417, 7.143194 ], [ 1.930139, 7.143194 ], [ 1.929861, 7.143194 ], [ 1.929583, 7.143194 ], [ 1.929306, 7.142917 ], [ 1.929028, 7.142639 ], [ 1.92875, 7.142361 ], [ 1.928472, 7.142083 ], [ 1.928194, 7.142083 ], [ 1.927917, 7.141806 ], [ 1.927639, 7.141528 ], [ 1.927361, 7.141528 ], [ 1.927083, 7.14125 ], [ 1.926806, 7.140972 ], [ 1.926528, 7.140972 ], [ 1.92625, 7.140972 ], [ 1.925972, 7.140694 ], [ 1.925694, 7.140417 ], [ 1.925417, 7.140417 ] ] } },
{ "type": "Feature", "properties": { "strahler_order": 1, "longueur_km": 1.2726617476114612 }, "geometry": { "type": "LineString", "coordinates": [ [ 1.925417, 7.140417 ], [ 1.925139, 7.140139 ], [ 1.924861, 7.140139 ], [ 1.924583, 7.140139 ], [ 1.924306, 7.140139 ], [ 1.924028, 7.139861 ], [ 1.92375, 7.139583 ], [ 1.92375, 7.139306 ], [ 1.923472, 7.139028 ], [ 1.923472, 7.13875 ], [ 1.923194, 7.13875 ], [ 1.922917, 7.138472 ], [ 1.922639, 7.138194 ], [ 1.922361, 7.137917 ], [ 1.922083, 7.137639 ], [ 1.922361, 7.137361 ], [ 1.922361, 7.137083 ], [ 1.922083, 7.136806 ], [ 1.921806, 7.136528 ], [ 1.921528, 7.13625 ], [ 1.921528, 7.135972 ], [ 1.92125, 7.135694 ], [ 1.92125, 7.135417 ], [ 1.92125, 7.135139 ], [ 1.92125, 7.134861 ], [ 1.92125, 7.134583 ], [ 1.920972, 7.134306 ], [ 1.920694, 7.134028 ], [ 1.920694, 7.13375 ], [ 1.920417, 7.133472 ], [ 1.920417, 7.133194 ], [ 1.920417, 7.132917 ], [ 1.920417, 7.132639 ], [ 1.920694, 7.132361 ], [ 1.920972, 7.132083 ] ] } },
{ "type": "Feature", "properties": { "strahler_order": 1, "longueur_km": 5.4602525439410678 }, "geometry": { "type": "LineString", "coordinates": [ [ 1.958194, 7.142361 ], [ 1.958472, 7.142361 ], [ 1.95875, 7.142083 ], [ 1.959028, 7.141806 ], [ 1.959306, 7.141528 ], [ 1.959583, 7.14125 ], [ 1.959861, 7.140972 ], [ 1.959583, 7.140694 ], [ 1.959861, 7.140417 ], [ 1.960139, 7.140139 ], [ 1.960417, 7.139861 ], [ 1.960694, 7.139583 ], [ 1.960694, 7.139306 ], [ 1.960694, 7.139028 ], [ 1.960694, 7.13875 ], [ 1.960694, 7.138472 ], [ 1.960694, 7.138194 ], [ 1.960694, 7.137917 ], [ 1.960694, 7.137639 ], [ 1.960694, 7.137361 ], [ 1.960694, 7.137083 ], [ 1.960694, 7.136806 ], [ 1.960694, 7.136528 ], [ 1.960694, 7.13625 ], [ 1.960694, 7.135972 ], [ 1.960972, 7.135694 ], [ 1.960972, 7.135417 ], [ 1.960972, 7.135139 ], [ 1.960972, 7.134861 ], [ 1.960694, 7.134583 ], [ 1.960694, 7.134306 ], [ 1.960972, 7.134028 ], [ 1.960694, 7.13375 ], [ 1.960417, 7.13375 ], [ 1.960139, 7.13375 ], [ 1.959861, 7.13375 ], [ 1.959583, 7.133472 ], [ 1.959583, 7.133194 ], [ 1.959306, 7.132917 ], [ 1.959306, 7.132639 ], [ 1.959028, 7.132361 ], [ 1.95875, 7.132083 ], [ 1.958472, 7.131806 ], [ 1.958194, 7.131528 ], [ 1.957917, 7.131528 ], [ 1.957639, 7.131528 ], [ 1.957639, 7.13125 ], [ 1.957639, 7.130972 ], [ 1.957917, 7.130694 ], [ 1.957917, 7.130417 ], [ 1.957917, 7.130139 ], [ 1.957917, 7.129861 ], [ 1.957639, 7.129583 ], [ 1.957361, 7.129306 ], [ 1.957361, 7.129028 ], [ 1.957361, 7.12875 ], [ 1.957361, 7.128472 ], [ 1.957361, 7.128194 ], [ 1.957361, 7.127917 ], [ 1.957361, 7.127639 ], [ 1.957361, 7.127361 ], [ 1.957639, 7.127083 ], [ 1.957917, 7.126806 ], [ 1.957639, 7.126528 ], [ 1.957361, 7.12625 ], [ 1.957083, 7.125972 ], [ 1.957083, 7.125694 ], [ 1.957083, 7.125417 ], [ 1.957083, 7.125139 ], [ 1.957083, 7.124861 ], [ 1.956806, 7.124583 ], [ 1.956806, 7.124306 ], [ 1.956806, 7.124028 ], [ 1.957083, 7.12375 ], [ 1.957361, 7.124028 ], [ 1.957639, 7.124306 ], [ 1.957917, 7.124306 ], [ 1.958194, 7.124306 ], [ 1.958472, 7.124028 ], [ 1.95875, 7.12375 ], [ 1.959028, 7.12375 ], [ 1.959306, 7.12375 ], [ 1.959583, 7.12375 ], [ 1.959861, 7.12375 ], [ 1.960139, 7.123472 ], [ 1.960417, 7.123472 ], [ 1.960694, 7.123194 ], [ 1.960972, 7.123194 ], [ 1.96125, 7.122917 ], [ 1.961528, 7.122639 ], [ 1.961528, 7.122361 ], [ 1.961528, 7.122083 ], [ 1.961528, 7.121806 ], [ 1.961806, 7.121528 ], [ 1.961806, 7.12125 ], [ 1.961806, 7.120972 ], [ 1.961806, 7.120694 ], [ 1.961806, 7.120417 ], [ 1.961806, 7.120139 ], [ 1.961806, 7.119861 ], [ 1.961806, 7.119583 ], [ 1.962083, 7.119306 ], [ 1.962361, 7.119306 ], [ 1.962639, 7.119306 ], [ 1.962917, 7.119306 ], [ 1.962917, 7.119028 ], [ 1.963194, 7.11875 ], [ 1.963194, 7.118472 ], [ 1.963472, 7.118194 ], [ 1.96375, 7.117917 ], [ 1.96375, 7.117639 ], [ 1.96375, 7.117361 ], [ 1.964028, 7.117083 ], [ 1.964306, 7.116806 ], [ 1.964583, 7.116528 ], [ 1.964861, 7.116528 ], [ 1.965139, 7.116528 ], [ 1.965417, 7.116528 ], [ 1.965694, 7.11625 ], [ 1.965972, 7.115972 ], [ 1.965972, 7.115694 ], [ 1.965972, 7.115417 ], [ 1.965972, 7.115139 ], [ 1.96625, 7.114861 ], [ 1.966528, 7.114583 ], [ 1.966806, 7.114861 ], [ 1.967083, 7.115139 ], [ 1.967361, 7.115139 ], [ 1.967639, 7.115139 ], [ 1.967917, 7.114861 ], [ 1.968194, 7.114583 ], [ 1.968194, 7.114306 ], [ 1.968194, 7.114028 ], [ 1.968194, 7.11375 ], [ 1.968472, 7.113472 ], [ 1.968472, 7.113194 ], [ 1.968472, 7.112917 ], [ 1.968472, 7.112639 ], [ 1.968472, 7.112361 ], [ 1.968472, 7.112083 ], [ 1.968472, 7.111806 ], [ 1.968472, 7.111528 ], [ 1.968472, 7.11125 ], [ 1.96875, 7.110972 ], [ 1.969028, 7.110694 ], [ 1.969028, 7.110417 ], [ 1.96875, 7.110139 ], [ 1.96875, 7.109861 ], [ 1.968472, 7.109583 ], [ 1.968194, 7.109583 ], [ 1.967917, 7.109583 ], [ 1.967639, 7.109861 ], [ 1.967361, 7.109861 ], [ 1.967083, 7.109861 ] ] } },
{ "type": "Feature", "properties": { "strahler_order": 1, "longueur_km": 0.64368999911944302 }, "geometry": { "type": "LineString", "coordinates": [ [ 2.142361, 7.142083 ], [ 2.142083, 7.141806 ], [ 2.141806, 7.141528 ], [ 2.141806, 7.14125 ], [ 2.141806, 7.140972 ], [ 2.141528, 7.140694 ], [ 2.14125, 7.140417 ], [ 2.140972, 7.140139 ], [ 2.140694, 7.139861 ], [ 2.140417, 7.139583 ], [ 2.140139, 7.139306 ], [ 2.139861, 7.139028 ], [ 2.139583, 7.13875 ], [ 2.139306, 7.138472 ], [ 2.139306, 7.138194 ], [ 2.139028, 7.137917 ], [ 2.139028, 7.137639 ] ] } },
{ "type": "Feature", "properties": { "strahler_order": 1, "longueur_km": 0.94308042512761903 }, "geometry": { "type": "LineString", "coordinates": [ [ 2.016806, 7.141806 ], [ 2.017083, 7.141528 ], [ 2.017361, 7.14125 ], [ 2.017361, 7.140972 ], [ 2.017361, 7.140694 ], [ 2.017083, 7.140417 ], [ 2.017083, 7.140139 ], [ 2.017083, 7.139861 ], [ 2.017083, 7.139583 ], [ 2.017083, 7.139306 ], [ 2.017361, 7.139306 ], [ 2.017639, 7.139306 ], [ 2.017917, 7.139306 ], [ 2.018194, 7.139306 ], [ 2.018472, 7.139306 ], [ 2.01875, 7.139583 ], [ 2.019028, 7.139583 ], [ 2.019306, 7.139583 ], [ 2.019583, 7.139306 ], [ 2.019861, 7.139028 ], [ 2.020139, 7.13875 ], [ 2.020417, 7.138472 ], [ 2.020694, 7.138194 ], [ 2.020694, 7.137917 ], [ 2.020694, 7.137639 ], [ 2.020694, 7.137361 ], [ 2.020694, 7.137083 ], [ 2.020694, 7.136806 ] ] } },
{ "type": "Feature", "properties": { "strahler_order": 1, "longueur_km": 0.45748373566566342 }, "geometry": { "type": "LineString", "coordinates": [ [ 2.020694, 7.136806 ], [ 2.020972, 7.136528 ], [ 2.02125, 7.13625 ], [ 2.020972, 7.135972 ], [ 2.020972, 7.135694 ], [ 2.020972, 7.135417 ], [ 2.020972, 7.135139 ], [ 2.020972, 7.134861 ], [ 2.02125, 7.134583 ], [ 2.02125, 7.134306 ], [ 2.020972, 7.134028 ], [ 2.020694, 7.13375 ], [ 2.020417, 7.133472 ] ] } },
{ "type": "Feature", "properties": { "strahler_order": 1, "longueur_km": 0.13024349368418528 }, "geometry": { "type": "LineString", "coordinates": [ [ 2.189583, 7.141806 ], [ 2.189861, 7.142083 ], [ 2.190139, 7.142361 ], [ 2.190417, 7.142639 ] ] } },
{ "type": "Feature", "properties": { "strahler_order": 1, "longueur_km": 0.13542704811118891 }, "geometry": { "type": "LineString", "coordinates": [ [ 2.190417, 7.142639 ], [ 2.190694, 7.142639 ], [ 2.190972, 7.142917 ], [ 2.19125, 7.142917 ], [ 2.191528, 7.142917 ] ] } },
{ "type": "Feature", "properties": { "strahler_order": 1, "longueur_km": 0.13542704933914024 }, "geometry": { "type": "LineString", "coordinates": [ [ 2.191528, 7.142917 ], [ 2.191806, 7.142639 ], [ 2.192083, 7.142639 ], [ 2.192361, 7.142639 ], [ 2.192639, 7.142639 ] ] } },
{ "type": "Feature", "properties": { "strahler_order": 1, "longueur_km": 1.0776311209271046 }, "geometry": { "type": "LineString", "coordinates": [ [ 2.192639, 7.142639 ], [ 2.192917, 7.142361 ], [ 2.193194, 7.142083 ], [ 2.193472, 7.141806 ], [ 2.19375, 7.141528 ], [ 2.194028, 7.14125 ], [ 2.194306, 7.14125 ], [ 2.194583, 7.140972 ], [ 2.194861, 7.140694 ], [ 2.195139, 7.140417 ], [ 2.195417, 7.140139 ], [ 2.195694, 7.139861 ], [ 2.195972, 7.139861 ], [ 2.19625, 7.139861 ], [ 2.196528, 7.139583 ], [ 2.196806, 7.139306 ], [ 2.197083, 7.139028 ], [ 2.197361, 7.13875 ], [ 2.197639, 7.138472 ], [ 2.197917, 7.138194 ], [ 2.198194, 7.137917 ], [ 2.198472, 7.137639 ], [ 2.19875, 7.137361 ], [ 2.199028, 7.137083 ], [ 2.199306, 7.137083 ], [ 2.199583, 7.136806 ], [ 2.199861, 7.136528 ] ] } },
{ "type": "Feature", "properties": { "strahler_order": 1, "longueur_km": 0.48560138957374438 }, "geometry": { "type": "LineString", "coordinates": [ [ 1.897083, 7.140972 ], [ 1.896806, 7.14125 ], [ 1.896528, 7.141528 ], [ 1.89625, 7.141528 ], [ 1.895972, 7.141528 ], [ 1.895694, 7.141528 ], [ 1.895417, 7.141528 ], [ 1.895139, 7.141528 ], [ 1.894861, 7.141528 ], [ 1.894583, 7.141528 ], [ 1.894306, 7.141528 ], [ 1.894028, 7.141528 ], [ 1.89375, 7.141528 ], [ 1.893472, 7.141528 ], [ 1.893194, 7.141528 ], [ 1.892917, 7.141528 ] ] } },
{ "type": "Feature", "properties": { "strahler_order": 1, "longueur_km": 1.5596426929139131 }, "geometry": { "type": "LineString", "coordinates": [ [ 2.099583, 7.140972 ], [ 2.099583, 7.140694 ], [ 2.099306, 7.140417 ], [ 2.099028, 7.140139 ], [ 2.099028, 7.139861 ], [ 2.099028, 7.139583 ], [ 2.099028, 7.139306 ], [ 2.099028, 7.139028 ], [ 2.099028, 7.13875 ], [ 2.099028, 7.138472 ], [ 2.099028, 7.138194 ], [ 2.099028, 7.137917 ], [ 2.09875, 7.137639 ], [ 2.09875, 7.137361 ], [ 2.09875, 7.137083 ], [ 2.099028, 7.136806 ], [ 2.099306, 7.136528 ], [ 2.099306, 7.13625 ], [ 2.099306, 7.135972 ], [ 2.099583, 7.135972 ], [ 2.099861, 7.135694 ], [ 2.099861, 7.135417 ], [ 2.099861, 7.135139 ], [ 2.099583, 7.134861 ], [ 2.099306, 7.134583 ], [ 2.099028, 7.134306 ], [ 2.099028, 7.134028 ], [ 2.099028, 7.13375 ], [ 2.099028, 7.133472 ], [ 2.099028, 7.133194 ], [ 2.099028, 7.132917 ], [ 2.099028, 7.132639 ], [ 2.099306, 7.132361 ], [ 2.099583, 7.132083 ], [ 2.099583, 7.131806 ], [ 2.099583, 7.131528 ], [ 2.099861, 7.13125 ], [ 2.099861, 7.130972 ], [ 2.099861, 7.130694 ], [ 2.099861, 7.130417 ], [ 2.099583, 7.130139 ], [ 2.099583, 7.129861 ], [ 2.099583, 7.129583 ], [ 2.099861, 7.129306 ], [ 2.099861, 7.129028 ], [ 2.099861, 7.12875 ] ] } },
{ "type": "Feature", "properties": { "strahler_order": 1, "longueur_km": 0.6236854082527471 }, "geometry": { "type": "LineString", "coordinates": [ [ 2.007361, 7.140694 ], [ 2.007361, 7.140417 ], [ 2.007639, 7.140139 ], [ 2.007917, 7.139861 ], [ 2.007917, 7.139583 ], [ 2.007917, 7.139306 ], [ 2.007917, 7.139028 ], [ 2.007917, 7.13875 ], [ 2.007917, 7.138472 ], [ 2.008194, 7.138194 ], [ 2.008472, 7.137917 ], [ 2.00875, 7.137639 ], [ 2.009028, 7.137361 ], [ 2.009028, 7.137083 ], [ 2.009028, 7.136806 ], [ 2.00875, 7.136528 ], [ 2.00875, 7.13625 ], [ 2.008472, 7.135972 ] ] } },
{ "type": "Feature", "properties": { "strahler_order": 1, "longueur_km": 1.2391928308732272 }, "geometry": { "type": "LineString", "coordinates": [ [ 2.008472, 7.135972 ], [ 2.00875, 7.135694 ], [ 2.009028, 7.135694 ], [ 2.009306, 7.135694 ], [ 2.009583, 7.135694 ], [ 2.009861, 7.135694 ], [ 2.010139, 7.135694 ], [ 2.010417, 7.135417 ], [ 2.010694, 7.135417 ], [ 2.010972, 7.135139 ], [ 2.010972, 7.134861 ], [ 2.010972, 7.134583 ], [ 2.010972, 7.134306 ], [ 2.01125, 7.134028 ], [ 2.011528, 7.134028 ], [ 2.011806, 7.134028 ], [ 2.012083, 7.134028 ], [ 2.012361, 7.134028 ], [ 2.012639, 7.13375 ], [ 2.012917, 7.133472 ], [ 2.012917, 7.133194 ], [ 2.013194, 7.133194 ], [ 2.013472, 7.132917 ], [ 2.01375, 7.132917 ], [ 2.014028, 7.132917 ], [ 2.014306, 7.132917 ], [ 2.014583, 7.133194 ], [ 2.014861, 7.133472 ], [ 2.015139, 7.13375 ], [ 2.015417, 7.13375 ], [ 2.015694, 7.13375 ], [ 2.015972, 7.13375 ], [ 2.01625, 7.134028 ], [ 2.016528, 7.134028 ], [ 2.016806, 7.134306 ], [ 2.017083, 7.134583 ] ] } },
{ "type": "Feature", "properties": { "strahler_order": 1, "longueur_km": 2.1726616135717625 }, "geometry": { "type": "LineString", "coordinates": [ [ 2.102361, 7.140694 ], [ 2.102361, 7.140417 ], [ 2.102361, 7.140139 ], [ 2.102639, 7.139861 ], [ 2.102361, 7.139583 ], [ 2.102361, 7.139306 ], [ 2.102361, 7.139028 ], [ 2.102361, 7.13875 ], [ 2.102083, 7.138472 ], [ 2.101806, 7.138194 ], [ 2.102083, 7.137917 ], [ 2.102361, 7.137639 ], [ 2.102361, 7.137361 ], [ 2.102361, 7.137083 ], [ 2.102083, 7.136806 ], [ 2.101806, 7.136528 ], [ 2.101806, 7.13625 ], [ 2.101806, 7.135972 ], [ 2.101806, 7.135694 ], [ 2.101806, 7.135417 ], [ 2.101528, 7.135139 ], [ 2.10125, 7.134861 ], [ 2.100972, 7.134583 ], [ 2.100972, 7.134306 ], [ 2.100972, 7.134028 ], [ 2.100972, 7.13375 ], [ 2.100972, 7.133472 ], [ 2.10125, 7.133194 ], [ 2.101528, 7.133194 ], [ 2.101806, 7.133194 ], [ 2.102083, 7.133194 ], [ 2.102361, 7.132917 ], [ 2.102639, 7.132639 ], [ 2.102639, 7.132361 ], [ 2.102639, 7.132083 ], [ 2.102361, 7.131806 ], [ 2.102361, 7.131528 ], [ 2.102361, 7.13125 ], [ 2.102361, 7.130972 ], [ 2.102361, 7.130694 ], [ 2.102083, 7.130417 ], [ 2.102083, 7.130139 ], [ 2.102361, 7.129861 ], [ 2.102639, 7.129583 ], [ 2.102917, 7.129583 ], [ 2.103194, 7.129306 ], [ 2.103472, 7.129306 ], [ 2.10375, 7.129306 ], [ 2.104028, 7.129028 ], [ 2.104306, 7.12875 ], [ 2.104583, 7.128472 ], [ 2.104861, 7.128194 ], [ 2.105139, 7.128194 ], [ 2.105139, 7.127917 ], [ 2.105139, 7.127639 ], [ 2.105139, 7.127361 ], [ 2.104861, 7.127083 ], [ 2.104583, 7.126806 ], [ 2.104583, 7.126528 ], [ 2.104583, 7.12625 ], [ 2.104861, 7.125972 ] ] } },
{ "type": "Feature", "properties": { "strahler_order": 1, "longueur_km": 0.074063148310279867 }, "geometry": { "type": "LineString", "coordinates": [ [ 2.122917, 7.139583 ], [ 2.123194, 7.139861 ], [ 2.123472, 7.139861 ] ] } },
{ "type": "Feature", "properties": { "strahler_order": 1, "longueur_km": 0.32707553252217714 }, "geometry": { "type": "LineString", "coordinates": [ [ 2.123472, 7.139861 ], [ 2.12375, 7.139861 ], [ 2.124028, 7.139861 ], [ 2.124306, 7.139861 ], [ 2.124583, 7.139861 ], [ 2.124861, 7.140139 ], [ 2.125139, 7.140417 ], [ 2.125417, 7.140417 ], [ 2.125694, 7.140139 ], [ 2.125972, 7.139861 ] ] } },
{ "type": "Feature", "properties": { "strahler_order": 1, "longueur_km": 1.9136966460251819 }, "geometry": { "type": "LineString", "coordinates": [ [ 2.125972, 7.139861 ], [ 2.12625, 7.139583 ], [ 2.126528, 7.139583 ], [ 2.126806, 7.139306 ], [ 2.127083, 7.139028 ], [ 2.127083, 7.13875 ], [ 2.127361, 7.138472 ], [ 2.127361, 7.138194 ], [ 2.127639, 7.137917 ], [ 2.127917, 7.137639 ], [ 2.128194, 7.137639 ], [ 2.128472, 7.137639 ], [ 2.12875, 7.137361 ], [ 2.129028, 7.137083 ], [ 2.129306, 7.136806 ], [ 2.129583, 7.136528 ], [ 2.129861, 7.13625 ], [ 2.130139, 7.13625 ], [ 2.130417, 7.136528 ], [ 2.130694, 7.136806 ], [ 2.130972, 7.137083 ], [ 2.130972, 7.137361 ], [ 2.13125, 7.137639 ], [ 2.131528, 7.137917 ], [ 2.131806, 7.138194 ], [ 2.132083, 7.138472 ], [ 2.132083, 7.13875 ], [ 2.132361, 7.13875 ], [ 2.132639, 7.13875 ], [ 2.132917, 7.13875 ], [ 2.133194, 7.139028 ], [ 2.133472, 7.139028 ], [ 2.13375, 7.139028 ], [ 2.134028, 7.13875 ], [ 2.134306, 7.138472 ], [ 2.134583, 7.138472 ], [ 2.134861, 7.138472 ], [ 2.135139, 7.138472 ], [ 2.135139, 7.138194 ], [ 2.135417, 7.137917 ], [ 2.135694, 7.137917 ], [ 2.135972, 7.137917 ], [ 2.13625, 7.137917 ], [ 2.136528, 7.137639 ], [ 2.136806, 7.137639 ], [ 2.137083, 7.137639 ], [ 2.137361, 7.137361 ], [ 2.137639, 7.137361 ], [ 2.137917, 7.137361 ], [ 2.138194, 7.137361 ], [ 2.138472, 7.137361 ], [ 2.13875, 7.137639 ], [ 2.139028, 7.137639 ] ] } },
{ "type": "Feature", "properties": { "strahler_order": 1, "longueur_km": 0.30914669217056923 }, "geometry": { "type": "LineString", "coordinates": [ [ 2.139028, 7.137639 ], [ 2.139306, 7.137361 ], [ 2.139583, 7.137083 ], [ 2.139861, 7.136806 ], [ 2.139861, 7.136528 ], [ 2.140139, 7.13625 ], [ 2.140417, 7.135972 ], [ 2.140417, 7.135694 ], [ 2.140417, 7.135417 ] ] } },
{ "type": "Feature", "properties": { "strahler_order": 1, "longueur_km": 1.5306251239452844 }, "geometry": { "type": "LineString", "coordinates": [ [ 2.164028, 7.139028 ], [ 2.16375, 7.13875 ], [ 2.16375, 7.138472 ], [ 2.163472, 7.138194 ], [ 2.163194, 7.137917 ], [ 2.162917, 7.137639 ], [ 2.162639, 7.137361 ], [ 2.162361, 7.137083 ], [ 2.162361, 7.136806 ], [ 2.162361, 7.136528 ], [ 2.162361, 7.13625 ], [ 2.162083, 7.135972 ], [ 2.162083, 7.135694 ], [ 2.161806, 7.135694 ], [ 2.161528, 7.135694 ], [ 2.16125, 7.135417 ], [ 2.160972, 7.135417 ], [ 2.160694, 7.135417 ], [ 2.160417, 7.135139 ], [ 2.160139, 7.134861 ], [ 2.159861, 7.134861 ], [ 2.159583, 7.134861 ], [ 2.159306, 7.134583 ], [ 2.159028, 7.134583 ], [ 2.159028, 7.134306 ], [ 2.15875, 7.134028 ], [ 2.158472, 7.13375 ], [ 2.158194, 7.133472 ], [ 2.157917, 7.133194 ], [ 2.157917, 7.132917 ], [ 2.157639, 7.132639 ], [ 2.157361, 7.132639 ], [ 2.157083, 7.132639 ], [ 2.156806, 7.132639 ], [ 2.156528, 7.132639 ], [ 2.156528, 7.132361 ], [ 2.15625, 7.132083 ], [ 2.155972, 7.131806 ], [ 2.155694, 7.131806 ], [ 2.155417, 7.131806 ], [ 2.155139, 7.131528 ], [ 2.155139, 7.13125 ], [ 2.155139, 7.130972 ] ] } },
{ "type": "Feature", "properties": { "strahler_order": 1, "longueur_km": 0.90188758022001791 }, "geometry": { "type": "LineString", "coordinates": [ [ 2.011528, 7.13875 ], [ 2.011806, 7.13875 ], [ 2.012083, 7.138472 ], [ 2.012361, 7.138194 ], [ 2.012639, 7.138194 ], [ 2.012917, 7.138194 ], [ 2.013194, 7.137917 ], [ 2.013472, 7.137639 ], [ 2.01375, 7.137361 ], [ 2.014028, 7.137361 ], [ 2.014306, 7.137639 ], [ 2.014583, 7.137639 ], [ 2.014861, 7.137639 ], [ 2.015139, 7.137361 ], [ 2.015417, 7.137083 ], [ 2.015417, 7.136806 ], [ 2.015417, 7.136528 ], [ 2.015417, 7.13625 ], [ 2.015694, 7.135972 ], [ 2.015694, 7.135694 ], [ 2.015972, 7.135417 ], [ 2.01625, 7.135139 ], [ 2.016528, 7.134861 ], [ 2.016806, 7.134583 ], [ 2.017083, 7.134583 ] ] } },
{ "type": "Feature", "properties": { "strahler_order": 1, "longueur_km": 0.59283788399500892 }, "geometry": { "type": "LineString", "coordinates": [ [ 2.017083, 7.134583 ], [ 2.017361, 7.134861 ], [ 2.017639, 7.135139 ], [ 2.017917, 7.135417 ], [ 2.018194, 7.135417 ], [ 2.018472, 7.135417 ], [ 2.01875, 7.135694 ], [ 2.019028, 7.135694 ], [ 2.019306, 7.135694 ], [ 2.019306, 7.135417 ], [ 2.019306, 7.135139 ], [ 2.019306, 7.134861 ], [ 2.019583, 7.134583 ], [ 2.019861, 7.134306 ], [ 2.020139, 7.134028 ], [ 2.020139, 7.13375 ], [ 2.020417, 7.133472 ] ] } },
{ "type": "Feature", "properties": { "strahler_order": 1, "longueur_km": 0.73910609701665753 }, "geometry": { "type": "LineString", "coordinates": [ [ 2.020417, 7.133472 ], [ 2.020139, 7.133194 ], [ 2.020139, 7.132917 ], [ 2.020139, 7.132639 ], [ 2.020417, 7.132361 ], [ 2.020417, 7.132083 ], [ 2.020417, 7.131806 ], [ 2.020417, 7.131528 ], [ 2.020417, 7.13125 ], [ 2.020417, 7.130972 ], [ 2.020417, 7.130694 ], [ 2.020417, 7.130417 ], [ 2.020694, 7.130139 ], [ 2.020694, 7.129861 ], [ 2.020694, 7.129583 ], [ 2.020694, 7.129306 ], [ 2.020694, 7.129028 ], [ 2.020694, 7.12875 ], [ 2.020972, 7.128472 ], [ 2.020972, 7.128194 ], [ 2.020972, 7.127917 ], [ 2.020694, 7.127639 ], [ 2.020694, 7.127361 ] ] } },
{ "type": "Feature", "properties": { "strahler_order": 1, "longueur_km": 0.35763167017307479 }, "geometry": { "type": "LineString", "coordinates": [ [ 2.047917, 7.137361 ], [ 2.048194, 7.137083 ], [ 2.048194, 7.136806 ], [ 2.048472, 7.136528 ], [ 2.04875, 7.136528 ], [ 2.049028, 7.136528 ], [ 2.049306, 7.136528 ], [ 2.049583, 7.136528 ], [ 2.049861, 7.136806 ], [ 2.050139, 7.137083 ], [ 2.050417, 7.137083 ] ] } },
{ "type": "Feature", "properties": { "strahler_order": 1, "longueur_km": 4.6255567625728222 }, "geometry": { "type": "LineString", "coordinates": [ [ 2.050417, 7.137083 ], [ 2.050694, 7.136806 ], [ 2.050972, 7.136528 ], [ 2.05125, 7.13625 ], [ 2.051528, 7.13625 ], [ 2.051806, 7.13625 ], [ 2.052083, 7.13625 ], [ 2.052361, 7.136528 ], [ 2.052639, 7.13625 ], [ 2.052917, 7.13625 ], [ 2.053194, 7.13625 ], [ 2.053472, 7.13625 ], [ 2.05375, 7.135972 ], [ 2.054028, 7.135694 ], [ 2.054028, 7.135417 ], [ 2.054028, 7.135139 ], [ 2.054306, 7.134861 ], [ 2.054306, 7.134583 ], [ 2.054306, 7.134306 ], [ 2.054306, 7.134028 ], [ 2.054306, 7.13375 ], [ 2.054583, 7.133472 ], [ 2.054861, 7.133472 ], [ 2.055139, 7.133472 ], [ 2.055417, 7.133472 ], [ 2.055694, 7.133194 ], [ 2.055972, 7.132917 ], [ 2.05625, 7.132639 ], [ 2.056528, 7.132361 ], [ 2.056806, 7.132361 ], [ 2.057083, 7.132083 ], [ 2.057361, 7.131806 ], [ 2.057083, 7.131528 ], [ 2.056806, 7.13125 ], [ 2.056806, 7.130972 ], [ 2.056806, 7.130694 ], [ 2.056806, 7.130417 ], [ 2.057083, 7.130139 ], [ 2.057361, 7.130139 ], [ 2.057639, 7.129861 ], [ 2.057917, 7.129583 ], [ 2.058194, 7.129306 ], [ 2.058472, 7.129028 ], [ 2.058472, 7.12875 ], [ 2.058472, 7.128472 ], [ 2.058472, 7.128194 ], [ 2.05875, 7.127917 ], [ 2.059028, 7.127639 ], [ 2.059306, 7.127639 ], [ 2.059583, 7.127639 ], [ 2.059861, 7.127639 ], [ 2.060139, 7.127361 ], [ 2.060417, 7.127083 ], [ 2.060694, 7.126806 ], [ 2.060972, 7.126528 ], [ 2.06125, 7.12625 ], [ 2.06125, 7.125972 ], [ 2.06125, 7.125694 ], [ 2.061528, 7.125417 ], [ 2.061528, 7.125139 ], [ 2.061806, 7.124861 ], [ 2.062083, 7.124861 ], [ 2.062361, 7.124583 ], [ 2.062639, 7.124306 ], [ 2.062639, 7.124028 ], [ 2.062917, 7.12375 ], [ 2.063194, 7.123472 ], [ 2.063472, 7.123194 ], [ 2.063472, 7.122917 ], [ 2.06375, 7.122639 ], [ 2.06375, 7.122361 ], [ 2.064028, 7.122083 ], [ 2.064028, 7.121806 ], [ 2.06375, 7.121528 ], [ 2.063472, 7.121528 ], [ 2.063194, 7.121528 ], [ 2.062917, 7.12125 ], [ 2.062917, 7.120972 ], [ 2.062639, 7.120694 ], [ 2.062639, 7.120417 ], [ 2.062639, 7.120139 ], [ 2.062639, 7.119861 ], [ 2.062639, 7.119583 ], [ 2.062361, 7.119306 ], [ 2.062639, 7.119028 ], [ 2.062917, 7.11875 ], [ 2.063194, 7.118472 ], [ 2.063472, 7.118472 ], [ 2.06375, 7.11875 ], [ 2.064028, 7.118472 ], [ 2.064306, 7.118194 ], [ 2.064306, 7.117917 ], [ 2.064028, 7.117639 ], [ 2.064028, 7.117361 ], [ 2.064028, 7.117083 ], [ 2.064028, 7.116806 ], [ 2.064028, 7.116528 ], [ 2.064306, 7.11625 ], [ 2.064583, 7.115972 ], [ 2.064861, 7.115694 ], [ 2.065139, 7.115417 ], [ 2.065139, 7.115139 ], [ 2.065139, 7.114861 ], [ 2.065417, 7.114583 ], [ 2.065417, 7.114306 ], [ 2.065417, 7.114028 ], [ 2.065139, 7.11375 ], [ 2.065139, 7.113472 ], [ 2.064861, 7.113194 ], [ 2.064583, 7.112917 ], [ 2.064583, 7.112639 ], [ 2.064583, 7.112361 ], [ 2.064861, 7.112361 ], [ 2.065139, 7.112083 ], [ 2.065417, 7.111806 ], [ 2.065694, 7.111528 ], [ 2.065972, 7.11125 ], [ 2.065972, 7.110972 ], [ 2.065972, 7.110694 ], [ 2.065972, 7.110417 ], [ 2.065972, 7.110139 ], [ 2.065694, 7.109861 ], [ 2.065694, 7.109583 ], [ 2.065694, 7.109306 ], [ 2.065694, 7.109028 ], [ 2.065694, 7.10875 ] ] } },
{ "type": "Feature", "properties": { "strahler_order": 1, "longueur_km": 4.7187121662697402 }, "geometry": { "type": "LineString", "coordinates": [ [ 2.057917, 7.136806 ], [ 2.058194, 7.136806 ], [ 2.058472, 7.136806 ], [ 2.05875, 7.136806 ], [ 2.059028, 7.136806 ], [ 2.059306, 7.136806 ], [ 2.059583, 7.136528 ], [ 2.059861, 7.13625 ], [ 2.060139, 7.135972 ], [ 2.060417, 7.135694 ], [ 2.060694, 7.135417 ], [ 2.060972, 7.135139 ], [ 2.06125, 7.134861 ], [ 2.061528, 7.134861 ], [ 2.061806, 7.134583 ], [ 2.062083, 7.134306 ], [ 2.062361, 7.134028 ], [ 2.062639, 7.134028 ], [ 2.062917, 7.13375 ], [ 2.063194, 7.13375 ], [ 2.063472, 7.133472 ], [ 2.06375, 7.133472 ], [ 2.064028, 7.133472 ], [ 2.064306, 7.13375 ], [ 2.064583, 7.134028 ], [ 2.064861, 7.134028 ], [ 2.065139, 7.134028 ], [ 2.065417, 7.134028 ], [ 2.065694, 7.13375 ], [ 2.065694, 7.133472 ], [ 2.065972, 7.133194 ], [ 2.06625, 7.132917 ], [ 2.066528, 7.132639 ], [ 2.066528, 7.132361 ], [ 2.066528, 7.132083 ], [ 2.066528, 7.131806 ], [ 2.066806, 7.131528 ], [ 2.067083, 7.13125 ], [ 2.067083, 7.130972 ], [ 2.067361, 7.130972 ], [ 2.067639, 7.130972 ], [ 2.067917, 7.130972 ], [ 2.068194, 7.130972 ], [ 2.068472, 7.130972 ], [ 2.06875, 7.130694 ], [ 2.069028, 7.130417 ], [ 2.069306, 7.130139 ], [ 2.069306, 7.129861 ], [ 2.069583, 7.129583 ], [ 2.069861, 7.129306 ], [ 2.070139, 7.129306 ], [ 2.070417, 7.129306 ], [ 2.070694, 7.129028 ], [ 2.070972, 7.12875 ], [ 2.070972, 7.128472 ], [ 2.070972, 7.128194 ], [ 2.07125, 7.127917 ], [ 2.071528, 7.127917 ], [ 2.071806, 7.128194 ], [ 2.072083, 7.128472 ], [ 2.072361, 7.128472 ], [ 2.072639, 7.128194 ], [ 2.072917, 7.127917 ], [ 2.073194, 7.127639 ], [ 2.073472, 7.127361 ], [ 2.07375, 7.127083 ], [ 2.074028, 7.126806 ], [ 2.074306, 7.126528 ], [ 2.074306, 7.12625 ], [ 2.074583, 7.125972 ], [ 2.074583, 7.125694 ], [ 2.074861, 7.125417 ], [ 2.075139, 7.125139 ], [ 2.075417, 7.124861 ], [ 2.075694, 7.124861 ], [ 2.075972, 7.124861 ], [ 2.07625, 7.125139 ], [ 2.076528, 7.125417 ], [ 2.076806, 7.125694 ], [ 2.077083, 7.125694 ], [ 2.077361, 7.125972 ], [ 2.077639, 7.125972 ], [ 2.077917, 7.125694 ], [ 2.078194, 7.125417 ], [ 2.078472, 7.125417 ], [ 2.07875, 7.125139 ], [ 2.079028, 7.124861 ], [ 2.079306, 7.124861 ], [ 2.079583, 7.124861 ], [ 2.079861, 7.124861 ], [ 2.080139, 7.125139 ], [ 2.080417, 7.125139 ], [ 2.080694, 7.125417 ], [ 2.080972, 7.125417 ], [ 2.08125, 7.125417 ], [ 2.081528, 7.125417 ], [ 2.081806, 7.125694 ], [ 2.082083, 7.125694 ], [ 2.082361, 7.125694 ], [ 2.082639, 7.125694 ], [ 2.082917, 7.125417 ], [ 2.083194, 7.125139 ], [ 2.083472, 7.124861 ], [ 2.08375, 7.124583 ], [ 2.084028, 7.124306 ], [ 2.084306, 7.124028 ], [ 2.084583, 7.12375 ], [ 2.084861, 7.123472 ], [ 2.085139, 7.123472 ], [ 2.085417, 7.123472 ], [ 2.085694, 7.123472 ], [ 2.085972, 7.123194 ], [ 2.085972, 7.122917 ], [ 2.085972, 7.122639 ], [ 2.08625, 7.122361 ], [ 2.086528, 7.122361 ], [ 2.086806, 7.122361 ], [ 2.087083, 7.122361 ], [ 2.087361, 7.122361 ], [ 2.087639, 7.122639 ], [ 2.087917, 7.122917 ], [ 2.088194, 7.122917 ], [ 2.088472, 7.122917 ], [ 2.08875, 7.122639 ], [ 2.089028, 7.122361 ], [ 2.089028, 7.122083 ], [ 2.089306, 7.121806 ] ] } },
{ "type": "Feature", "properties": { "strahler_order": 1, "longueur_km": 0.25303456635228516 }, "geometry": { "type": "LineString", "coordinates": [ [ 2.207917, 7.136528 ], [ 2.207639, 7.13625 ], [ 2.207639, 7.135972 ], [ 2.207361, 7.135972 ], [ 2.207083, 7.135972 ], [ 2.206806, 7.135694 ], [ 2.206528, 7.135417 ], [ 2.206528, 7.135139 ] ] } },
{ "type": "Feature", "properties": { "strahler_order": 1, "longueur_km": 0.10480021444638084 }, "geometry": { "type": "LineString", "coordinates": [ [ 2.20625, 7.135972 ], [ 2.20625, 7.135694 ], [ 2.20625, 7.135417 ], [ 2.206528, 7.135139 ] ] } },
{ "type": "Feature", "properties": { "strahler_order": 1, "longueur_km": 0.10480022436352826 }, "geometry": { "type": "LineString", "coordinates": [ [ 2.206528, 7.135139 ], [ 2.20625, 7.134861 ], [ 2.20625, 7.134583 ], [ 2.20625, 7.134306 ] ] } },
{ "type": "Feature", "properties": { "strahler_order": 1, "longueur_km": 1.0245451531643845 }, "geometry": { "type": "LineString", "coordinates": [ [ 1.927917, 7.135417 ], [ 1.927917, 7.135139 ], [ 1.927639, 7.134861 ], [ 1.927361, 7.134583 ], [ 1.927361, 7.134306 ], [ 1.927083, 7.134306 ], [ 1.926806, 7.134306 ], [ 1.926528, 7.134583 ], [ 1.92625, 7.134583 ], [ 1.925972, 7.134583 ], [ 1.925694, 7.134583 ], [ 1.925417, 7.134583 ], [ 1.925139, 7.134583 ], [ 1.924861, 7.134861 ], [ 1.924583, 7.134861 ], [ 1.924306, 7.134861 ], [ 1.924028, 7.134583 ], [ 1.92375, 7.134306 ], [ 1.923472, 7.134028 ], [ 1.923194, 7.13375 ], [ 1.922917, 7.133472 ], [ 1.922639, 7.133472 ], [ 1.922361, 7.133194 ], [ 1.922083, 7.132917 ], [ 1.921806, 7.132917 ], [ 1.921528, 7.132917 ], [ 1.921528, 7.132639 ], [ 1.92125, 7.132361 ], [ 1.920972, 7.132083 ] ] } },
{ "type": "Feature", "properties": { "strahler_order": 1, "longueur_km": 0.061364456582809729 }, "geometry": { "type": "LineString", "coordinates": [ [ 1.920972, 7.132083 ], [ 1.920972, 7.131806 ], [ 1.920972, 7.131528 ] ] } },
{ "type": "Feature", "properties": { "strahler_order": 1, "longueur_km": 0.16627767936398238 }, "geometry": { "type": "LineString", "coordinates": [ [ 2.038194, 7.135417 ], [ 2.038472, 7.135139 ], [ 2.038472, 7.134861 ], [ 2.038472, 7.134583 ], [ 2.038472, 7.134306 ], [ 2.038472, 7.134028 ] ] } },
{ "type": "Feature", "properties": { "strahler_order": 1, "longueur_km": 1.6119661091576498 }, "geometry": { "type": "LineString", "coordinates": [ [ 2.069583, 7.135139 ], [ 2.069861, 7.135139 ], [ 2.070139, 7.134861 ], [ 2.070417, 7.134583 ], [ 2.070694, 7.134583 ], [ 2.070694, 7.134306 ], [ 2.070972, 7.134028 ], [ 2.07125, 7.134028 ], [ 2.071528, 7.134306 ], [ 2.071806, 7.134306 ], [ 2.072083, 7.134306 ], [ 2.072361, 7.134028 ], [ 2.072639, 7.13375 ], [ 2.072639, 7.133472 ], [ 2.072917, 7.133472 ], [ 2.073194, 7.133194 ], [ 2.073472, 7.133194 ], [ 2.07375, 7.132917 ], [ 2.074028, 7.132639 ], [ 2.074306, 7.132917 ], [ 2.074583, 7.133194 ], [ 2.074861, 7.133194 ], [ 2.075139, 7.133194 ], [ 2.075417, 7.133472 ], [ 2.075694, 7.13375 ], [ 2.075972, 7.13375 ], [ 2.07625, 7.13375 ], [ 2.076528, 7.13375 ], [ 2.076806, 7.13375 ], [ 2.077083, 7.13375 ], [ 2.077361, 7.134028 ], [ 2.077639, 7.13375 ], [ 2.077917, 7.13375 ], [ 2.078194, 7.133472 ], [ 2.078472, 7.133194 ], [ 2.07875, 7.133194 ], [ 2.079028, 7.132917 ], [ 2.079306, 7.132639 ], [ 2.079583, 7.132639 ], [ 2.079861, 7.132917 ], [ 2.080139, 7.133194 ], [ 2.080417, 7.133472 ], [ 2.080694, 7.133472 ], [ 2.080972, 7.13375 ] ] } },
{ "type": "Feature", "properties": { "strahler_order": 1, "longueur_km": 0.38840569724319784 }, "geometry": { "type": "LineString", "coordinates": [ [ 2.080972, 7.13375 ], [ 2.08125, 7.133472 ], [ 2.081528, 7.133472 ], [ 2.081806, 7.133472 ], [ 2.082083, 7.133472 ], [ 2.082361, 7.133472 ], [ 2.082639, 7.133194 ], [ 2.082917, 7.132917 ], [ 2.083194, 7.132639 ], [ 2.083472, 7.132639 ], [ 2.08375, 7.132639 ], [ 2.084028, 7.132639 ] ] } },
{ "type": "Feature", "properties": { "strahler_order": 1, "longueur_km": 0.60567707753001065 }, "geometry": { "type": "LineString", "coordinates": [ [ 2.084028, 7.132639 ], [ 2.084306, 7.132361 ], [ 2.084583, 7.132083 ], [ 2.084861, 7.131806 ], [ 2.085139, 7.131528 ], [ 2.085139, 7.13125 ], [ 2.085417, 7.130972 ], [ 2.085417, 7.130694 ], [ 2.085417, 7.130417 ], [ 2.085417, 7.130139 ], [ 2.085694, 7.129861 ], [ 2.085694, 7.129583 ], [ 2.085694, 7.129306 ], [ 2.085972, 7.129028 ], [ 2.08625, 7.12875 ], [ 2.086528, 7.128472 ], [ 2.086528, 7.128194 ] ] } },
{ "type": "Feature", "properties": { "strahler_order": 1, "longueur_km": 2.2693605947018272 }, "geometry": { "type": "LineString", "coordinates": [ [ 1.949028, 7.134583 ], [ 1.94875, 7.134861 ], [ 1.948472, 7.134861 ], [ 1.948194, 7.134861 ], [ 1.947917, 7.134861 ], [ 1.947639, 7.134583 ], [ 1.947361, 7.134583 ], [ 1.947083, 7.134583 ], [ 1.946806, 7.134583 ], [ 1.946528, 7.134583 ], [ 1.94625, 7.134306 ], [ 1.945972, 7.134028 ], [ 1.945694, 7.134028 ], [ 1.945417, 7.134306 ], [ 1.945139, 7.134306 ], [ 1.944861, 7.134028 ], [ 1.944583, 7.134028 ], [ 1.944306, 7.134306 ], [ 1.944028, 7.134306 ], [ 1.94375, 7.134306 ], [ 1.943472, 7.134028 ], [ 1.943472, 7.13375 ], [ 1.943194, 7.13375 ], [ 1.942917, 7.13375 ], [ 1.942639, 7.13375 ], [ 1.942361, 7.13375 ], [ 1.942083, 7.13375 ], [ 1.941806, 7.13375 ], [ 1.941528, 7.13375 ], [ 1.94125, 7.13375 ], [ 1.940972, 7.133472 ], [ 1.940694, 7.133472 ], [ 1.940417, 7.133472 ], [ 1.940139, 7.13375 ], [ 1.939861, 7.134028 ], [ 1.939583, 7.134028 ], [ 1.939306, 7.134306 ], [ 1.939028, 7.134306 ], [ 1.93875, 7.134306 ], [ 1.938472, 7.134306 ], [ 1.938194, 7.134306 ], [ 1.937917, 7.134028 ], [ 1.937639, 7.134028 ], [ 1.937361, 7.134028 ], [ 1.937083, 7.134028 ], [ 1.936806, 7.134306 ], [ 1.936528, 7.134306 ], [ 1.93625, 7.134306 ], [ 1.935972, 7.134306 ], [ 1.935694, 7.134028 ], [ 1.935417, 7.134028 ], [ 1.935139, 7.13375 ], [ 1.934861, 7.13375 ], [ 1.934583, 7.133472 ], [ 1.934306, 7.133194 ], [ 1.934028, 7.132917 ], [ 1.934028, 7.132639 ], [ 1.93375, 7.132361 ], [ 1.93375, 7.132083 ], [ 1.93375, 7.131806 ], [ 1.933472, 7.131528 ], [ 1.933194, 7.13125 ], [ 1.932917, 7.13125 ], [ 1.932639, 7.130972 ], [ 1.932361, 7.130694 ] ] } },
{ "type": "Feature", "properties": { "strahler_order": 1, "longueur_km": 0.53141327024835872 }, "geometry": { "type": "LineString", "coordinates": [ [ 2.19625, 7.134583 ], [ 2.19625, 7.134861 ], [ 2.196528, 7.135139 ], [ 2.196806, 7.135417 ], [ 2.197083, 7.135694 ], [ 2.197361, 7.135972 ], [ 2.197639, 7.13625 ], [ 2.197917, 7.136528 ], [ 2.198194, 7.136806 ], [ 2.198472, 7.136528 ], [ 2.19875, 7.136528 ], [ 2.199028, 7.136528 ], [ 2.199306, 7.136528 ], [ 2.199583, 7.136528 ], [ 2.199861, 7.136528 ] ] } },
{ "type": "Feature", "properties": { "strahler_order": 1, "longueur_km": 0.87611061953087566 }, "geometry": { "type": "LineString", "coordinates": [ [ 2.199861, 7.136528 ], [ 2.200139, 7.136528 ], [ 2.200417, 7.136806 ], [ 2.200417, 7.137083 ], [ 2.200694, 7.137083 ], [ 2.200972, 7.136806 ], [ 2.20125, 7.136528 ], [ 2.201528, 7.136528 ], [ 2.201806, 7.13625 ], [ 2.202083, 7.13625 ], [ 2.202361, 7.135972 ], [ 2.202639, 7.135972 ], [ 2.202917, 7.135972 ], [ 2.203194, 7.135972 ], [ 2.203472, 7.135972 ], [ 2.20375, 7.135694 ], [ 2.204028, 7.135417 ], [ 2.204306, 7.135139 ], [ 2.204583, 7.134861 ], [ 2.204861, 7.134861 ], [ 2.205139, 7.134583 ], [ 2.205417, 7.134583 ], [ 2.205694, 7.134583 ], [ 2.205972, 7.134583 ], [ 2.20625, 7.134306 ] ] } },
{ "type": "Feature", "properties": { "strahler_order": 1, "longueur_km": 0.93062802941002143 }, "geometry": { "type": "LineString", "coordinates": [ [ 2.20625, 7.134306 ], [ 2.20625, 7.134028 ], [ 2.20625, 7.13375 ], [ 2.20625, 7.133472 ], [ 2.206528, 7.133194 ], [ 2.206528, 7.132917 ], [ 2.206806, 7.132639 ], [ 2.207083, 7.132361 ], [ 2.207083, 7.132083 ], [ 2.207083, 7.131806 ], [ 2.207083, 7.131528 ], [ 2.206806, 7.13125 ], [ 2.206806, 7.130972 ], [ 2.206806, 7.130694 ], [ 2.206528, 7.130417 ], [ 2.206528, 7.130139 ], [ 2.206528, 7.129861 ], [ 2.206528, 7.129583 ], [ 2.206528, 7.129306 ], [ 2.206528, 7.129028 ], [ 2.206528, 7.12875 ], [ 2.206528, 7.128472 ], [ 2.206528, 7.128194 ], [ 2.206528, 7.127917 ], [ 2.206806, 7.127639 ], [ 2.207083, 7.127361 ], [ 2.207361, 7.127083 ], [ 2.207361, 7.126806 ] ] } },
{ "type": "Feature", "properties": { "strahler_order": 1, "longueur_km": 0.59258572804168075 }, "geometry": { "type": "LineString", "coordinates": [ [ 2.034306, 7.134306 ], [ 2.034583, 7.134028 ], [ 2.034861, 7.134028 ], [ 2.035139, 7.13375 ], [ 2.035417, 7.134028 ], [ 2.035694, 7.134028 ], [ 2.035972, 7.134306 ], [ 2.03625, 7.134583 ], [ 2.036528, 7.134861 ], [ 2.036806, 7.134861 ], [ 2.037083, 7.134861 ], [ 2.037361, 7.134583 ], [ 2.037639, 7.134583 ], [ 2.037917, 7.134583 ], [ 2.038194, 7.134583 ], [ 2.038194, 7.134306 ], [ 2.038472, 7.134028 ] ] } },
{ "type": "Feature", "properties": { "strahler_order": 1, "longueur_km": 2.7573741896747785 }, "geometry": { "type": "LineString", "coordinates": [ [ 2.038472, 7.134028 ], [ 2.038472, 7.13375 ], [ 2.03875, 7.133472 ], [ 2.039028, 7.133472 ], [ 2.039306, 7.133194 ], [ 2.039583, 7.133194 ], [ 2.039861, 7.132917 ], [ 2.039861, 7.132639 ], [ 2.040139, 7.132361 ], [ 2.040139, 7.132083 ], [ 2.040139, 7.131806 ], [ 2.039861, 7.131528 ], [ 2.039583, 7.13125 ], [ 2.039306, 7.130972 ], [ 2.039306, 7.130694 ], [ 2.039306, 7.130417 ], [ 2.039306, 7.130139 ], [ 2.039583, 7.129861 ], [ 2.039861, 7.129583 ], [ 2.039861, 7.129306 ], [ 2.040139, 7.129028 ], [ 2.040417, 7.12875 ], [ 2.040694, 7.12875 ], [ 2.040972, 7.128472 ], [ 2.040972, 7.128194 ], [ 2.040972, 7.127917 ], [ 2.040972, 7.127639 ], [ 2.040972, 7.127361 ], [ 2.04125, 7.127361 ], [ 2.041528, 7.127083 ], [ 2.041806, 7.127361 ], [ 2.042083, 7.127361 ], [ 2.042361, 7.127361 ], [ 2.042639, 7.127361 ], [ 2.042917, 7.127083 ], [ 2.043194, 7.126806 ], [ 2.043472, 7.126528 ], [ 2.04375, 7.12625 ], [ 2.044028, 7.12625 ], [ 2.044306, 7.12625 ], [ 2.044583, 7.12625 ], [ 2.044861, 7.12625 ], [ 2.045139, 7.12625 ], [ 2.045417, 7.12625 ], [ 2.045694, 7.125972 ], [ 2.045694, 7.125694 ], [ 2.045972, 7.125417 ], [ 2.04625, 7.125139 ], [ 2.046528, 7.124861 ], [ 2.046806, 7.124861 ], [ 2.047083, 7.124583 ], [ 2.047361, 7.124583 ], [ 2.047639, 7.124583 ], [ 2.047917, 7.124306 ], [ 2.048194, 7.124306 ], [ 2.048472, 7.124306 ], [ 2.04875, 7.124306 ], [ 2.049028, 7.124306 ], [ 2.049306, 7.124306 ], [ 2.049583, 7.124306 ], [ 2.049861, 7.124306 ], [ 2.050139, 7.124306 ], [ 2.050417, 7.124583 ], [ 2.050694, 7.124306 ], [ 2.050972, 7.124028 ], [ 2.050972, 7.12375 ], [ 2.050972, 7.123472 ], [ 2.050972, 7.123194 ], [ 2.050972, 7.122917 ], [ 2.050972, 7.122639 ], [ 2.050694, 7.122361 ], [ 2.050417, 7.122083 ], [ 2.050139, 7.121806 ], [ 2.050139, 7.121528 ], [ 2.050139, 7.12125 ], [ 2.050139, 7.120972 ], [ 2.050139, 7.120694 ], [ 2.049861, 7.120417 ] ] } },
{ "type": "Feature", "properties": { "strahler_order": 1, "longueur_km": 0.092210687087078663 }, "geometry": { "type": "LineString", "coordinates": [ [ 1.984583, 7.134028 ], [ 1.984583, 7.13375 ], [ 1.984583, 7.133472 ], [ 1.984583, 7.133194 ] ] } },
{ "type": "Feature", "properties": { "strahler_order": 1, "longueur_km": 2.8725254059875098 }, "geometry": { "type": "LineString", "coordinates": [ [ 1.984583, 7.133194 ], [ 1.984861, 7.132917 ], [ 1.985139, 7.132639 ], [ 1.984861, 7.132361 ], [ 1.984583, 7.132083 ], [ 1.984306, 7.131806 ], [ 1.984028, 7.131528 ], [ 1.984028, 7.13125 ], [ 1.98375, 7.130972 ], [ 1.983472, 7.130694 ], [ 1.98375, 7.130417 ], [ 1.984028, 7.130139 ], [ 1.984306, 7.129861 ], [ 1.984583, 7.129583 ], [ 1.984861, 7.129306 ], [ 1.985139, 7.129028 ], [ 1.985139, 7.12875 ], [ 1.985417, 7.128472 ], [ 1.985694, 7.128194 ], [ 1.985972, 7.127917 ], [ 1.98625, 7.127917 ], [ 1.986528, 7.127639 ], [ 1.986528, 7.127361 ], [ 1.986806, 7.127083 ], [ 1.987083, 7.126806 ], [ 1.987083, 7.126528 ], [ 1.987083, 7.12625 ], [ 1.986806, 7.125972 ], [ 1.986806, 7.125694 ], [ 1.986806, 7.125417 ], [ 1.987083, 7.125139 ], [ 1.987083, 7.124861 ], [ 1.987361, 7.124583 ], [ 1.987639, 7.124306 ], [ 1.987917, 7.124306 ], [ 1.987917, 7.124028 ], [ 1.987917, 7.12375 ], [ 1.988194, 7.123472 ], [ 1.988194, 7.123194 ], [ 1.988472, 7.122917 ], [ 1.988472, 7.122639 ], [ 1.98875, 7.122361 ], [ 1.989028, 7.122083 ], [ 1.989028, 7.121806 ], [ 1.989028, 7.121528 ], [ 1.98875, 7.12125 ], [ 1.988472, 7.120972 ], [ 1.988472, 7.120694 ], [ 1.988472, 7.120417 ], [ 1.988472, 7.120139 ], [ 1.98875, 7.119861 ], [ 1.98875, 7.119583 ], [ 1.98875, 7.119306 ], [ 1.98875, 7.119028 ], [ 1.988472, 7.11875 ], [ 1.988194, 7.11875 ], [ 1.987917, 7.119028 ], [ 1.987639, 7.119028 ], [ 1.987361, 7.11875 ], [ 1.987083, 7.11875 ], [ 1.986806, 7.11875 ], [ 1.986528, 7.11875 ], [ 1.98625, 7.118472 ], [ 1.985972, 7.118194 ], [ 1.985694, 7.118194 ], [ 1.985694, 7.117917 ], [ 1.985417, 7.117639 ], [ 1.985417, 7.117361 ], [ 1.985417, 7.117083 ], [ 1.985417, 7.116806 ], [ 1.985417, 7.116528 ], [ 1.985417, 7.11625 ], [ 1.985417, 7.115972 ], [ 1.985417, 7.115694 ], [ 1.985417, 7.115417 ], [ 1.985139, 7.115139 ], [ 1.984861, 7.114861 ], [ 1.985139, 7.114583 ] ] } },
{ "type": "Feature", "properties": { "strahler_order": 1, "longueur_km": 0.35261028016648155 }, "geometry": { "type": "LineString", "coordinates": [ [ 1.907639, 7.133472 ], [ 1.907639, 7.133194 ], [ 1.907917, 7.132917 ], [ 1.908194, 7.132639 ], [ 1.908472, 7.132639 ], [ 1.908472, 7.132361 ], [ 1.90875, 7.132083 ], [ 1.909028, 7.131806 ], [ 1.909306, 7.131528 ], [ 1.909028, 7.13125 ] ] } },
{ "type": "Feature", "properties": { "strahler_order": 1, "longueur_km": 1.3210273056815371 }, "geometry": { "type": "LineString", "coordinates": [ [ 1.909028, 7.13125 ], [ 1.90875, 7.130972 ], [ 1.90875, 7.130694 ], [ 1.90875, 7.130417 ], [ 1.90875, 7.130139 ], [ 1.909028, 7.129861 ], [ 1.909306, 7.129583 ], [ 1.909583, 7.129306 ], [ 1.909583, 7.129028 ], [ 1.909583, 7.12875 ], [ 1.909306, 7.128472 ], [ 1.909306, 7.128194 ], [ 1.909306, 7.127917 ], [ 1.909583, 7.127639 ], [ 1.909861, 7.127361 ], [ 1.910139, 7.127361 ], [ 1.910417, 7.127083 ], [ 1.910417, 7.126806 ], [ 1.910694, 7.126528 ], [ 1.910694, 7.12625 ], [ 1.910694, 7.125972 ], [ 1.910694, 7.125694 ], [ 1.910417, 7.125417 ], [ 1.910417, 7.125139 ], [ 1.910694, 7.124861 ], [ 1.910694, 7.124583 ], [ 1.910694, 7.124306 ], [ 1.910694, 7.124028 ], [ 1.910417, 7.12375 ], [ 1.910139, 7.123472 ], [ 1.910417, 7.123194 ], [ 1.910694, 7.123194 ], [ 1.910972, 7.122917 ], [ 1.910972, 7.122639 ], [ 1.910694, 7.122361 ], [ 1.910417, 7.122361 ], [ 1.910139, 7.122083 ] ] } },
{ "type": "Feature", "properties": { "strahler_order": 1, "longueur_km": 0.97409829018366834 }, "geometry": { "type": "LineString", "coordinates": [ [ 1.998194, 7.133472 ], [ 1.998472, 7.133194 ], [ 1.99875, 7.132917 ], [ 1.999028, 7.132639 ], [ 1.999306, 7.132361 ], [ 1.999583, 7.132361 ], [ 1.999861, 7.132361 ], [ 2.000139, 7.132361 ], [ 2.000417, 7.132361 ], [ 2.000694, 7.132361 ], [ 2.000972, 7.132361 ], [ 2.00125, 7.132083 ], [ 2.001528, 7.131806 ], [ 2.001806, 7.131528 ], [ 2.001806, 7.13125 ], [ 2.001806, 7.130972 ], [ 2.001528, 7.130694 ], [ 2.001528, 7.130417 ], [ 2.001528, 7.130139 ], [ 2.001528, 7.129861 ], [ 2.001528, 7.129583 ], [ 2.001528, 7.129306 ], [ 2.001528, 7.129028 ], [ 2.001528, 7.12875 ], [ 2.001528, 7.128472 ], [ 2.001528, 7.128194 ], [ 2.00125, 7.127917 ], [ 2.00125, 7.127639 ], [ 2.00125, 7.127361 ] ] } },
{ "type": "Feature", "properties": { "strahler_order": 1, "longueur_km": 1.0862167107280605 }, "geometry": { "type": "LineString", "coordinates": [ [ 2.109028, 7.133194 ], [ 2.10875, 7.132917 ], [ 2.10875, 7.132639 ], [ 2.10875, 7.132361 ], [ 2.109028, 7.132083 ], [ 2.109028, 7.131806 ], [ 2.109028, 7.131528 ], [ 2.10875, 7.13125 ], [ 2.108472, 7.130972 ], [ 2.108194, 7.130694 ], [ 2.107917, 7.130694 ], [ 2.107639, 7.130694 ], [ 2.107361, 7.130417 ], [ 2.107083, 7.130417 ], [ 2.106806, 7.130417 ], [ 2.106806, 7.130139 ], [ 2.106528, 7.129861 ], [ 2.106528, 7.129583 ], [ 2.106528, 7.129306 ], [ 2.106528, 7.129028 ], [ 2.10625, 7.12875 ], [ 2.105972, 7.128472 ], [ 2.105694, 7.128194 ], [ 2.105694, 7.127917 ], [ 2.105694, 7.127639 ], [ 2.105694, 7.127361 ], [ 2.105417, 7.127083 ], [ 2.105417, 7.126806 ], [ 2.105417, 7.126528 ], [ 2.105139, 7.12625 ], [ 2.104861, 7.125972 ] ] } },
{ "type": "Feature", "properties": { "strahler_order": 1, "longueur_km": 0.30173626805207338 }, "geometry": { "type": "LineString", "coordinates": [ [ 2.104861, 7.125972 ], [ 2.104861, 7.125694 ], [ 2.104861, 7.125417 ], [ 2.104583, 7.125139 ], [ 2.104583, 7.124861 ], [ 2.104583, 7.124583 ], [ 2.104583, 7.124306 ], [ 2.104306, 7.124028 ], [ 2.104306, 7.12375 ], [ 2.104306, 7.123472 ] ] } },
{ "type": "Feature", "properties": { "strahler_order": 1, "longueur_km": 0.33259460957430032 }, "geometry": { "type": "LineString", "coordinates": [ [ 1.972917, 7.132361 ], [ 1.972917, 7.132083 ], [ 1.972639, 7.131806 ], [ 1.972639, 7.131528 ], [ 1.972917, 7.13125 ], [ 1.972917, 7.130972 ], [ 1.972917, 7.130694 ], [ 1.972917, 7.130417 ], [ 1.972917, 7.130139 ], [ 1.972917, 7.129861 ], [ 1.972917, 7.129583 ] ] } },
{ "type": "Feature", "properties": { "strahler_order": 1, "longueur_km": 0.56220894991663384 }, "geometry": { "type": "LineString", "coordinates": [ [ 1.972917, 7.129583 ], [ 1.972917, 7.129306 ], [ 1.972917, 7.129028 ], [ 1.972917, 7.12875 ], [ 1.972917, 7.128472 ], [ 1.972917, 7.128194 ], [ 1.972639, 7.127917 ], [ 1.972639, 7.127639 ], [ 1.972361, 7.127361 ], [ 1.972361, 7.127083 ], [ 1.972639, 7.126806 ], [ 1.972917, 7.126528 ], [ 1.973194, 7.12625 ], [ 1.973472, 7.125972 ], [ 1.973194, 7.125694 ], [ 1.972917, 7.125417 ] ] } },
{ "type": "Feature", "properties": { "strahler_order": 1, "longueur_km": 1.1656904731824913 }, "geometry": { "type": "LineString", "coordinates": [ [ 2.167917, 7.132361 ], [ 2.167639, 7.132083 ], [ 2.167639, 7.131806 ], [ 2.167639, 7.131528 ], [ 2.167639, 7.13125 ], [ 2.167361, 7.13125 ], [ 2.167083, 7.13125 ], [ 2.167083, 7.130972 ], [ 2.166806, 7.130694 ], [ 2.166528, 7.130417 ], [ 2.16625, 7.130139 ], [ 2.165972, 7.129861 ], [ 2.165694, 7.129583 ], [ 2.165694, 7.129306 ], [ 2.165694, 7.129028 ], [ 2.165694, 7.12875 ], [ 2.165694, 7.128472 ], [ 2.165694, 7.128194 ], [ 2.165694, 7.127917 ], [ 2.165694, 7.127639 ], [ 2.165417, 7.127361 ], [ 2.165139, 7.127083 ], [ 2.164861, 7.126806 ], [ 2.164583, 7.126806 ], [ 2.164306, 7.126528 ], [ 2.164028, 7.12625 ], [ 2.164028, 7.125972 ], [ 2.164028, 7.125694 ], [ 2.164028, 7.125417 ], [ 2.164028, 7.125139 ], [ 2.164028, 7.124861 ], [ 2.164028, 7.124583 ], [ 2.164028, 7.124306 ], [ 2.16375, 7.124028 ] ] } },
{ "type": "Feature", "properties": { "strahler_order": 1, "longueur_km": 0.80975627800985461 }, "geometry": { "type": "LineString", "coordinates": [ [ 2.135417, 7.132083 ], [ 2.135694, 7.132361 ], [ 2.135972, 7.132361 ], [ 2.135972, 7.132639 ], [ 2.13625, 7.132917 ], [ 2.136528, 7.133194 ], [ 2.136806, 7.133472 ], [ 2.137083, 7.13375 ], [ 2.137083, 7.134028 ], [ 2.137361, 7.134306 ], [ 2.137639, 7.134583 ], [ 2.137917, 7.134861 ], [ 2.138194, 7.135139 ], [ 2.138472, 7.135417 ], [ 2.138472, 7.135694 ], [ 2.13875, 7.135694 ], [ 2.139028, 7.135972 ], [ 2.139306, 7.135694 ], [ 2.139583, 7.135694 ], [ 2.139861, 7.135694 ], [ 2.140139, 7.135417 ], [ 2.140417, 7.135417 ] ] } },
{ "type": "Feature", "properties": { "strahler_order": 1, "longueur_km": 1.9515626980467202 }, "geometry": { "type": "LineString", "coordinates": [ [ 2.140417, 7.135417 ], [ 2.140694, 7.135139 ], [ 2.140972, 7.134861 ], [ 2.14125, 7.134583 ], [ 2.141528, 7.134306 ], [ 2.141806, 7.134306 ], [ 2.142083, 7.134306 ], [ 2.142361, 7.134306 ], [ 2.142639, 7.134306 ], [ 2.142917, 7.134028 ], [ 2.143194, 7.13375 ], [ 2.143194, 7.133472 ], [ 2.143472, 7.133194 ], [ 2.14375, 7.132917 ], [ 2.144028, 7.132639 ], [ 2.144306, 7.132361 ], [ 2.144583, 7.132361 ], [ 2.144861, 7.132083 ], [ 2.145139, 7.132361 ], [ 2.145417, 7.132639 ], [ 2.145694, 7.132917 ], [ 2.145972, 7.133194 ], [ 2.14625, 7.133194 ], [ 2.146528, 7.133194 ], [ 2.146806, 7.133472 ], [ 2.147083, 7.13375 ], [ 2.147361, 7.134028 ], [ 2.147639, 7.134028 ], [ 2.147917, 7.134028 ], [ 2.148194, 7.134028 ], [ 2.148472, 7.13375 ], [ 2.14875, 7.13375 ], [ 2.149028, 7.13375 ], [ 2.149306, 7.13375 ], [ 2.149583, 7.13375 ], [ 2.149861, 7.13375 ], [ 2.150139, 7.13375 ], [ 2.150417, 7.133472 ], [ 2.150694, 7.133472 ], [ 2.150972, 7.133194 ], [ 2.15125, 7.133194 ], [ 2.151528, 7.132917 ], [ 2.151806, 7.132639 ], [ 2.152083, 7.132361 ], [ 2.152361, 7.132083 ], [ 2.152639, 7.131806 ], [ 2.152917, 7.131806 ], [ 2.153194, 7.131806 ], [ 2.153472, 7.131806 ], [ 2.15375, 7.132083 ], [ 2.154028, 7.132361 ], [ 2.154306, 7.132361 ], [ 2.154583, 7.132361 ] ] } },
{ "type": "Feature", "properties": { "strahler_order": 1, "longueur_km": 0.17897857569327555 }, "geometry": { "type": "LineString", "coordinates": [ [ 2.154583, 7.132361 ], [ 2.154583, 7.132083 ], [ 2.154583, 7.131806 ], [ 2.154861, 7.131528 ], [ 2.154861, 7.13125 ], [ 2.155139, 7.130972 ] ] } },
{ "type": "Feature", "properties": { "strahler_order": 1, "longueur_km": 1.2219351387582045 }, "geometry": { "type": "LineString", "coordinates": [ [ 2.155139, 7.130972 ], [ 2.155139, 7.130694 ], [ 2.155417, 7.130417 ], [ 2.155417, 7.130139 ], [ 2.155417, 7.129861 ], [ 2.155417, 7.129583 ], [ 2.155417, 7.129306 ], [ 2.155417, 7.129028 ], [ 2.155417, 7.12875 ], [ 2.155694, 7.128472 ], [ 2.155694, 7.128194 ], [ 2.155694, 7.127917 ], [ 2.155694, 7.127639 ], [ 2.155972, 7.127361 ], [ 2.15625, 7.127083 ], [ 2.156528, 7.126806 ], [ 2.156528, 7.126528 ], [ 2.156528, 7.12625 ], [ 2.156806, 7.125972 ], [ 2.157083, 7.125694 ], [ 2.157361, 7.125417 ], [ 2.157361, 7.125139 ], [ 2.157361, 7.124861 ], [ 2.157361, 7.124583 ], [ 2.157639, 7.124306 ], [ 2.157917, 7.124028 ], [ 2.158194, 7.12375 ], [ 2.158472, 7.123472 ], [ 2.158472, 7.123194 ], [ 2.158472, 7.122917 ], [ 2.158472, 7.122639 ], [ 2.158472, 7.122361 ], [ 2.158472, 7.122083 ], [ 2.15875, 7.121806 ], [ 2.159028, 7.121528 ] ] } },
{ "type": "Feature", "properties": { "strahler_order": 1, "longueur_km": 0.90180668367034211 }, "geometry": { "type": "LineString", "coordinates": [ [ 2.081528, 7.131806 ], [ 2.081806, 7.132083 ], [ 2.082083, 7.132083 ], [ 2.082361, 7.131806 ], [ 2.082639, 7.131528 ], [ 2.082917, 7.13125 ], [ 2.083194, 7.130972 ], [ 2.083472, 7.130972 ], [ 2.08375, 7.130694 ], [ 2.084028, 7.130417 ], [ 2.084306, 7.130139 ], [ 2.084306, 7.129861 ], [ 2.084028, 7.129583 ], [ 2.08375, 7.129306 ], [ 2.08375, 7.129028 ], [ 2.084028, 7.12875 ], [ 2.084306, 7.12875 ], [ 2.084583, 7.12875 ], [ 2.084861, 7.12875 ], [ 2.085139, 7.12875 ], [ 2.085417, 7.128472 ], [ 2.085694, 7.128472 ], [ 2.085972, 7.128472 ], [ 2.08625, 7.128472 ], [ 2.086528, 7.128194 ] ] } },
{ "type": "Feature", "properties": { "strahler_order": 1, "longueur_km": 0.72300530259522156 }, "geometry": { "type": "LineString", "coordinates": [ [ 2.086528, 7.128194 ], [ 2.086806, 7.127917 ], [ 2.087083, 7.127639 ], [ 2.087361, 7.127361 ], [ 2.087361, 7.127083 ], [ 2.087639, 7.126806 ], [ 2.087917, 7.126528 ], [ 2.088194, 7.126528 ], [ 2.088472, 7.12625 ], [ 2.08875, 7.125972 ], [ 2.089028, 7.125972 ], [ 2.089306, 7.125694 ], [ 2.089583, 7.125694 ], [ 2.089861, 7.125417 ], [ 2.089861, 7.125139 ], [ 2.090139, 7.124861 ], [ 2.090417, 7.124583 ], [ 2.090417, 7.124306 ], [ 2.090417, 7.124028 ], [ 2.090417, 7.12375 ] ] } },
{ "type": "Feature", "properties": { "strahler_order": 1, "longueur_km": 0.26571139323188719 }, "geometry": { "type": "LineString", "coordinates": [ [ 2.090417, 7.12375 ], [ 2.090139, 7.123472 ], [ 2.089861, 7.123194 ], [ 2.089583, 7.122917 ], [ 2.089583, 7.122639 ], [ 2.089583, 7.122361 ], [ 2.089306, 7.122083 ], [ 2.089306, 7.121806 ] ] } },
{ "type": "Feature", "properties": { "strahler_order": 1, "longueur_km": 1.4369327924438942 }, "geometry": { "type": "LineString", "coordinates": [ [ 2.089306, 7.121806 ], [ 2.089583, 7.121528 ], [ 2.089861, 7.12125 ], [ 2.090139, 7.120972 ], [ 2.090417, 7.120694 ], [ 2.090694, 7.120417 ], [ 2.090694, 7.120139 ], [ 2.090417, 7.119861 ], [ 2.090139, 7.119583 ], [ 2.089861, 7.119306 ], [ 2.089583, 7.119028 ], [ 2.089583, 7.11875 ], [ 2.089583, 7.118472 ], [ 2.089583, 7.118194 ], [ 2.089861, 7.117917 ], [ 2.090139, 7.117917 ], [ 2.090417, 7.117917 ], [ 2.090694, 7.117639 ], [ 2.090694, 7.117361 ], [ 2.090694, 7.117083 ], [ 2.090694, 7.116806 ], [ 2.090694, 7.116528 ], [ 2.090694, 7.11625 ], [ 2.090694, 7.115972 ], [ 2.090972, 7.115694 ], [ 2.090972, 7.115417 ], [ 2.090972, 7.115139 ], [ 2.090972, 7.114861 ], [ 2.090972, 7.114583 ], [ 2.090972, 7.114306 ], [ 2.090972, 7.114028 ], [ 2.090972, 7.11375 ], [ 2.090972, 7.113472 ], [ 2.090972, 7.113194 ], [ 2.090972, 7.112917 ], [ 2.090972, 7.112639 ], [ 2.090972, 7.112361 ], [ 2.09125, 7.112083 ], [ 2.091528, 7.111806 ], [ 2.091528, 7.111528 ], [ 2.091528, 7.11125 ], [ 2.091528, 7.110972 ] ] } },
{ "type": "Feature", "properties": { "strahler_order": 1, "longueur_km": 0.34513454166249236 }, "geometry": { "type": "LineString", "coordinates": [ [ 2.049583, 7.131528 ], [ 2.049583, 7.13125 ], [ 2.049583, 7.130972 ], [ 2.049583, 7.130694 ], [ 2.049306, 7.130417 ], [ 2.049306, 7.130139 ], [ 2.049306, 7.129861 ], [ 2.049306, 7.129583 ], [ 2.049583, 7.129306 ], [ 2.049861, 7.129306 ], [ 2.050139, 7.129028 ] ] } },
{ "type": "Feature", "properties": { "strahler_order": 1, "longueur_km": 0.80753892359402146 }, "geometry": { "type": "LineString", "coordinates": [ [ 1.99625, 7.130972 ], [ 1.99625, 7.130694 ], [ 1.99625, 7.130417 ], [ 1.996528, 7.130139 ], [ 1.996806, 7.129861 ], [ 1.997083, 7.129583 ], [ 1.997083, 7.129306 ], [ 1.997083, 7.129028 ], [ 1.997361, 7.12875 ], [ 1.997361, 7.128472 ], [ 1.997639, 7.128194 ], [ 1.997917, 7.128194 ], [ 1.998194, 7.128194 ], [ 1.998472, 7.128194 ], [ 1.99875, 7.127917 ], [ 1.999028, 7.127917 ], [ 1.999306, 7.127639 ], [ 1.999583, 7.127639 ], [ 1.999861, 7.127639 ], [ 2.000139, 7.127361 ], [ 2.000417, 7.127361 ], [ 2.000694, 7.127361 ], [ 2.000972, 7.127361 ], [ 2.00125, 7.127361 ] ] } },
{ "type": "Feature", "properties": { "strahler_order": 1, "longueur_km": 0.13017433157112132 }, "geometry": { "type": "LineString", "coordinates": [ [ 2.00125, 7.127361 ], [ 2.001528, 7.127083 ], [ 2.001806, 7.126806 ], [ 2.002083, 7.126528 ] ] } },
{ "type": "Feature", "properties": { "strahler_order": 1, "longueur_km": 0.54185697323265758 }, "geometry": { "type": "LineString", "coordinates": [ [ 1.936806, 7.130139 ], [ 1.936528, 7.130139 ], [ 1.93625, 7.130139 ], [ 1.935972, 7.130139 ], [ 1.935694, 7.130139 ], [ 1.935417, 7.130417 ], [ 1.935139, 7.130417 ], [ 1.934861, 7.130417 ], [ 1.934583, 7.130417 ], [ 1.934306, 7.130139 ], [ 1.934028, 7.130139 ], [ 1.93375, 7.130139 ], [ 1.933472, 7.130417 ], [ 1.933194, 7.130694 ], [ 1.932917, 7.130694 ], [ 1.932639, 7.130694 ], [ 1.932361, 7.130694 ] ] } },
{ "type": "Feature", "properties": { "strahler_order": 1, "longueur_km": 1.5716301217798614 }, "geometry": { "type": "LineString", "coordinates": [ [ 1.932361, 7.130694 ], [ 1.932083, 7.130417 ], [ 1.932083, 7.130139 ], [ 1.932083, 7.129861 ], [ 1.931806, 7.129861 ], [ 1.931528, 7.129583 ], [ 1.93125, 7.129583 ], [ 1.930972, 7.129583 ], [ 1.930694, 7.129583 ], [ 1.930417, 7.129583 ], [ 1.930139, 7.129583 ], [ 1.929861, 7.129583 ], [ 1.929583, 7.129583 ], [ 1.929306, 7.129583 ], [ 1.929028, 7.129583 ], [ 1.92875, 7.129861 ], [ 1.928472, 7.130139 ], [ 1.928194, 7.130139 ], [ 1.927917, 7.130139 ], [ 1.927639, 7.129861 ], [ 1.927639, 7.129583 ], [ 1.927361, 7.129306 ], [ 1.927083, 7.129306 ], [ 1.926806, 7.129306 ], [ 1.926528, 7.129306 ], [ 1.92625, 7.129306 ], [ 1.925972, 7.129306 ], [ 1.925694, 7.129028 ], [ 1.925417, 7.129028 ], [ 1.925139, 7.129028 ], [ 1.924861, 7.129028 ], [ 1.924583, 7.129028 ], [ 1.924306, 7.129306 ], [ 1.924028, 7.129306 ], [ 1.92375, 7.129306 ], [ 1.923472, 7.129306 ], [ 1.923194, 7.129583 ], [ 1.923194, 7.129861 ], [ 1.922917, 7.130139 ], [ 1.922639, 7.130417 ], [ 1.922361, 7.130694 ], [ 1.922083, 7.130972 ], [ 1.921806, 7.130972 ], [ 1.921528, 7.13125 ], [ 1.92125, 7.131528 ], [ 1.920972, 7.131528 ] ] } },
{ "type": "Feature", "properties": { "strahler_order": 1, "longueur_km": 1.8528119358882895 }, "geometry": { "type": "LineString", "coordinates": [ [ 1.920972, 7.131528 ], [ 1.920694, 7.13125 ], [ 1.920417, 7.130972 ], [ 1.920139, 7.130694 ], [ 1.920139, 7.130417 ], [ 1.920139, 7.130139 ], [ 1.920139, 7.129861 ], [ 1.919861, 7.129583 ], [ 1.919861, 7.129306 ], [ 1.919583, 7.129028 ], [ 1.919306, 7.12875 ], [ 1.919028, 7.128472 ], [ 1.919028, 7.128194 ], [ 1.91875, 7.127917 ], [ 1.918472, 7.127639 ], [ 1.918194, 7.127639 ], [ 1.917917, 7.127639 ], [ 1.917639, 7.127361 ], [ 1.917361, 7.127083 ], [ 1.917361, 7.126806 ], [ 1.917083, 7.126528 ], [ 1.917083, 7.12625 ], [ 1.917361, 7.125972 ], [ 1.917361, 7.125694 ], [ 1.917361, 7.125417 ], [ 1.917083, 7.125139 ], [ 1.916806, 7.124861 ], [ 1.916806, 7.124583 ], [ 1.916528, 7.124306 ], [ 1.91625, 7.124028 ], [ 1.91625, 7.12375 ], [ 1.91625, 7.123472 ], [ 1.91625, 7.123194 ], [ 1.91625, 7.122917 ], [ 1.91625, 7.122639 ], [ 1.915972, 7.122361 ], [ 1.915694, 7.122361 ], [ 1.915417, 7.122361 ], [ 1.915139, 7.122361 ], [ 1.914861, 7.122639 ], [ 1.914583, 7.122639 ], [ 1.914583, 7.122361 ], [ 1.914306, 7.122083 ], [ 1.914028, 7.121806 ], [ 1.91375, 7.121528 ], [ 1.913472, 7.12125 ], [ 1.913194, 7.120972 ], [ 1.912917, 7.120972 ], [ 1.912639, 7.120694 ], [ 1.912361, 7.120694 ], [ 1.912083, 7.120694 ] ] } },
{ "type": "Feature", "properties": { "strahler_order": 1, "longueur_km": 1.8549366498246933 }, "geometry": { "type": "LineString", "coordinates": [ [ 2.129583, 7.129861 ], [ 2.129861, 7.129583 ], [ 2.130139, 7.129306 ], [ 2.130417, 7.129028 ], [ 2.130694, 7.12875 ], [ 2.130972, 7.128472 ], [ 2.130694, 7.128194 ], [ 2.130694, 7.127917 ], [ 2.130972, 7.127639 ], [ 2.130972, 7.127361 ], [ 2.130972, 7.127083 ], [ 2.130972, 7.126806 ], [ 2.13125, 7.126528 ], [ 2.130972, 7.12625 ], [ 2.130694, 7.125972 ], [ 2.130417, 7.125694 ], [ 2.130139, 7.125417 ], [ 2.130139, 7.125139 ], [ 2.130139, 7.124861 ], [ 2.130417, 7.124583 ], [ 2.130694, 7.124306 ], [ 2.130972, 7.124028 ], [ 2.130972, 7.12375 ], [ 2.130972, 7.123472 ], [ 2.13125, 7.123194 ], [ 2.131528, 7.122917 ], [ 2.131528, 7.122639 ], [ 2.131528, 7.122361 ], [ 2.13125, 7.122083 ], [ 2.131528, 7.121806 ], [ 2.131806, 7.121528 ], [ 2.131806, 7.12125 ], [ 2.131806, 7.120972 ], [ 2.131806, 7.120694 ], [ 2.132083, 7.120417 ], [ 2.132361, 7.120139 ], [ 2.132639, 7.119861 ], [ 2.132917, 7.119583 ], [ 2.133194, 7.119306 ], [ 2.133472, 7.119306 ], [ 2.13375, 7.119306 ], [ 2.134028, 7.119306 ], [ 2.134306, 7.119028 ], [ 2.134583, 7.11875 ], [ 2.134861, 7.11875 ], [ 2.135139, 7.118472 ], [ 2.135417, 7.118472 ], [ 2.135694, 7.118194 ], [ 2.135972, 7.117917 ] ] } },
{ "type": "Feature", "properties": { "strahler_order": 1, "longueur_km": 1.8421729865059886 }, "geometry": { "type": "LineString", "coordinates": [ [ 1.992917, 7.129306 ], [ 1.992917, 7.129028 ], [ 1.993194, 7.129028 ], [ 1.993472, 7.12875 ], [ 1.99375, 7.128472 ], [ 1.994028, 7.128194 ], [ 1.994028, 7.127917 ], [ 1.994028, 7.127639 ], [ 1.994028, 7.127361 ], [ 1.994306, 7.127083 ], [ 1.994583, 7.126806 ], [ 1.994583, 7.126528 ], [ 1.994583, 7.12625 ], [ 1.994861, 7.125972 ], [ 1.995139, 7.125694 ], [ 1.995417, 7.125417 ], [ 1.995417, 7.125139 ], [ 1.995694, 7.124861 ], [ 1.995972, 7.124583 ], [ 1.99625, 7.124583 ], [ 1.99625, 7.124306 ], [ 1.99625, 7.124028 ], [ 1.996528, 7.12375 ], [ 1.996528, 7.123472 ], [ 1.99625, 7.123194 ], [ 1.995972, 7.122917 ], [ 1.99625, 7.122639 ], [ 1.996528, 7.122361 ], [ 1.996806, 7.122361 ], [ 1.997083, 7.122361 ], [ 1.997361, 7.122361 ], [ 1.997639, 7.122361 ], [ 1.997917, 7.122639 ], [ 1.998194, 7.122917 ], [ 1.998472, 7.123194 ], [ 1.99875, 7.123472 ], [ 1.99875, 7.12375 ], [ 1.999028, 7.124028 ], [ 1.999306, 7.124306 ], [ 1.999583, 7.124583 ], [ 1.999861, 7.124861 ], [ 2.000139, 7.125139 ], [ 2.000417, 7.125417 ], [ 2.000694, 7.125694 ], [ 2.000972, 7.125972 ], [ 2.00125, 7.12625 ], [ 2.001528, 7.126528 ], [ 2.001806, 7.126528 ], [ 2.002083, 7.126528 ] ] } },
{ "type": "Feature", "properties": { "strahler_order": 1, "longueur_km": 2.7164076143363007 }, "geometry": { "type": "LineString", "coordinates": [ [ 2.002083, 7.126528 ], [ 2.002083, 7.12625 ], [ 2.002083, 7.125972 ], [ 2.002083, 7.125694 ], [ 2.002083, 7.125417 ], [ 2.002083, 7.125139 ], [ 2.002361, 7.124861 ], [ 2.002639, 7.124583 ], [ 2.002917, 7.124306 ], [ 2.003194, 7.124028 ], [ 2.003194, 7.12375 ], [ 2.003194, 7.123472 ], [ 2.003194, 7.123194 ], [ 2.003194, 7.122917 ], [ 2.003194, 7.122639 ], [ 2.003194, 7.122361 ], [ 2.003194, 7.122083 ], [ 2.003194, 7.121806 ], [ 2.002917, 7.121528 ], [ 2.002917, 7.12125 ], [ 2.003194, 7.120972 ], [ 2.003472, 7.120694 ], [ 2.00375, 7.120417 ], [ 2.004028, 7.120417 ], [ 2.004306, 7.120417 ], [ 2.004583, 7.120417 ], [ 2.004861, 7.120139 ], [ 2.005139, 7.119861 ], [ 2.005417, 7.119583 ], [ 2.005694, 7.119306 ], [ 2.005972, 7.119028 ], [ 2.00625, 7.119028 ], [ 2.006528, 7.11875 ], [ 2.006806, 7.118472 ], [ 2.007083, 7.118472 ], [ 2.007361, 7.118472 ], [ 2.007361, 7.118194 ], [ 2.007361, 7.117917 ], [ 2.007361, 7.117639 ], [ 2.007361, 7.117361 ], [ 2.007361, 7.117083 ], [ 2.007083, 7.116806 ], [ 2.007083, 7.116528 ], [ 2.007083, 7.11625 ], [ 2.007361, 7.115972 ], [ 2.007639, 7.115972 ], [ 2.007917, 7.115972 ], [ 2.008194, 7.115972 ], [ 2.008472, 7.115694 ], [ 2.00875, 7.115694 ], [ 2.009028, 7.115694 ], [ 2.009028, 7.115417 ], [ 2.009306, 7.115139 ], [ 2.009583, 7.114861 ], [ 2.009861, 7.114583 ], [ 2.010139, 7.114306 ], [ 2.010417, 7.114028 ], [ 2.010694, 7.11375 ], [ 2.010972, 7.113472 ], [ 2.01125, 7.113194 ], [ 2.01125, 7.112917 ], [ 2.011528, 7.112639 ], [ 2.011806, 7.112639 ], [ 2.012083, 7.112639 ], [ 2.012361, 7.112361 ], [ 2.012639, 7.112083 ], [ 2.012917, 7.111806 ], [ 2.013194, 7.111528 ], [ 2.013472, 7.11125 ], [ 2.01375, 7.110972 ], [ 2.014028, 7.110694 ], [ 2.014306, 7.110694 ], [ 2.014583, 7.110694 ], [ 2.014861, 7.110694 ], [ 2.015139, 7.110417 ] ] } },
{ "type": "Feature", "properties": { "strahler_order": 1, "longueur_km": 0.11747454578757779 }, "geometry": { "type": "LineString", "coordinates": [ [ 2.099028, 7.129306 ], [ 2.099306, 7.129028 ], [ 2.099583, 7.129028 ], [ 2.099861, 7.12875 ] ] } },
{ "type": "Feature", "properties": { "strahler_order": 1, "longueur_km": 0.95582022992523175 }, "geometry": { "type": "LineString", "coordinates": [ [ 2.099861, 7.12875 ], [ 2.100139, 7.128472 ], [ 2.100139, 7.128194 ], [ 2.100139, 7.127917 ], [ 2.100417, 7.127639 ], [ 2.100694, 7.127361 ], [ 2.100694, 7.127083 ], [ 2.100417, 7.126806 ], [ 2.100417, 7.126528 ], [ 2.100417, 7.12625 ], [ 2.100417, 7.125972 ], [ 2.100694, 7.125694 ], [ 2.100694, 7.125417 ], [ 2.100694, 7.125139 ], [ 2.100972, 7.125139 ], [ 2.10125, 7.125139 ], [ 2.101528, 7.125139 ], [ 2.101806, 7.125139 ], [ 2.102083, 7.125139 ], [ 2.102361, 7.125139 ], [ 2.102639, 7.124861 ], [ 2.102917, 7.124861 ], [ 2.103194, 7.124861 ], [ 2.103472, 7.124583 ], [ 2.10375, 7.124306 ], [ 2.104028, 7.124028 ], [ 2.104028, 7.12375 ], [ 2.104306, 7.123472 ] ] } },
{ "type": "Feature", "properties": { "strahler_order": 1, "longueur_km": 1.9607258536321124 }, "geometry": { "type": "LineString", "coordinates": [ [ 2.104306, 7.123472 ], [ 2.104583, 7.123194 ], [ 2.104583, 7.122917 ], [ 2.104861, 7.122639 ], [ 2.104861, 7.122361 ], [ 2.104861, 7.122083 ], [ 2.104583, 7.122083 ], [ 2.104306, 7.121806 ], [ 2.104306, 7.121528 ], [ 2.104306, 7.12125 ], [ 2.104306, 7.120972 ], [ 2.104306, 7.120694 ], [ 2.104306, 7.120417 ], [ 2.104583, 7.120139 ], [ 2.104583, 7.119861 ], [ 2.104583, 7.119583 ], [ 2.104583, 7.119306 ], [ 2.104306, 7.119028 ], [ 2.104306, 7.11875 ], [ 2.104028, 7.118472 ], [ 2.10375, 7.118194 ], [ 2.10375, 7.117917 ], [ 2.10375, 7.117639 ], [ 2.10375, 7.117361 ], [ 2.10375, 7.117083 ], [ 2.10375, 7.116806 ], [ 2.10375, 7.116528 ], [ 2.10375, 7.11625 ], [ 2.103472, 7.115972 ], [ 2.103194, 7.115694 ], [ 2.102917, 7.115694 ], [ 2.102639, 7.115417 ], [ 2.102639, 7.115139 ], [ 2.102639, 7.114861 ], [ 2.102639, 7.114583 ], [ 2.102361, 7.114306 ], [ 2.102083, 7.114028 ], [ 2.101806, 7.11375 ], [ 2.101528, 7.113472 ], [ 2.10125, 7.113194 ], [ 2.10125, 7.112917 ], [ 2.101528, 7.112639 ], [ 2.101806, 7.112361 ], [ 2.101806, 7.112083 ], [ 2.101806, 7.111806 ], [ 2.101806, 7.111528 ], [ 2.102083, 7.111528 ], [ 2.102361, 7.11125 ], [ 2.102361, 7.110972 ], [ 2.102361, 7.110694 ], [ 2.102639, 7.110417 ], [ 2.102639, 7.110139 ], [ 2.102639, 7.109861 ], [ 2.102639, 7.109583 ], [ 2.102639, 7.109306 ], [ 2.102639, 7.109028 ], [ 2.102639, 7.10875 ] ] } },
{ "type": "Feature", "properties": { "strahler_order": 1, "longueur_km": 0.1533948719292105 }, "geometry": { "type": "LineString", "coordinates": [ [ 2.04875, 7.129028 ], [ 2.049028, 7.129028 ], [ 2.049306, 7.129028 ], [ 2.049583, 7.129028 ], [ 2.049861, 7.129028 ], [ 2.050139, 7.129028 ] ] } },
{ "type": "Feature", "properties": { "strahler_order": 1, "longueur_km": 2.4758480069660971 }, "geometry": { "type": "LineString", "coordinates": [ [ 2.050139, 7.129028 ], [ 2.050417, 7.12875 ], [ 2.050694, 7.128472 ], [ 2.050972, 7.128194 ], [ 2.05125, 7.127917 ], [ 2.051528, 7.127639 ], [ 2.051806, 7.127639 ], [ 2.052083, 7.127361 ], [ 2.052361, 7.127361 ], [ 2.052639, 7.127361 ], [ 2.052917, 7.127083 ], [ 2.053194, 7.126806 ], [ 2.053472, 7.126528 ], [ 2.053472, 7.12625 ], [ 2.05375, 7.12625 ], [ 2.054028, 7.12625 ], [ 2.054306, 7.125972 ], [ 2.054583, 7.125694 ], [ 2.054861, 7.125417 ], [ 2.055139, 7.125417 ], [ 2.055417, 7.125139 ], [ 2.055694, 7.124861 ], [ 2.055972, 7.124861 ], [ 2.05625, 7.124861 ], [ 2.056528, 7.124583 ], [ 2.056528, 7.124306 ], [ 2.056806, 7.124028 ], [ 2.057083, 7.12375 ], [ 2.056806, 7.123472 ], [ 2.056528, 7.123194 ], [ 2.056528, 7.122917 ], [ 2.056528, 7.122639 ], [ 2.056528, 7.122361 ], [ 2.056806, 7.122083 ], [ 2.057083, 7.121806 ], [ 2.057361, 7.121528 ], [ 2.057639, 7.121528 ], [ 2.057917, 7.121528 ], [ 2.058194, 7.121528 ], [ 2.058472, 7.121528 ], [ 2.05875, 7.12125 ], [ 2.059028, 7.120972 ], [ 2.059306, 7.120694 ], [ 2.059583, 7.120694 ], [ 2.059583, 7.120417 ], [ 2.059861, 7.120139 ], [ 2.059861, 7.119861 ], [ 2.059861, 7.119583 ], [ 2.059583, 7.119306 ], [ 2.059306, 7.119028 ], [ 2.059306, 7.11875 ], [ 2.059028, 7.118472 ], [ 2.059306, 7.118194 ], [ 2.059583, 7.118194 ], [ 2.059861, 7.118194 ], [ 2.060139, 7.117917 ], [ 2.060139, 7.117639 ], [ 2.060417, 7.117361 ], [ 2.060694, 7.117083 ], [ 2.060694, 7.116806 ], [ 2.060694, 7.116528 ], [ 2.060694, 7.11625 ], [ 2.060694, 7.115972 ], [ 2.060694, 7.115694 ], [ 2.060694, 7.115417 ], [ 2.060694, 7.115139 ], [ 2.060694, 7.114861 ], [ 2.060417, 7.114861 ] ] } },
{ "type": "Feature", "properties": { "strahler_order": 1, "longueur_km": 0.48792291087581613 }, "geometry": { "type": "LineString", "coordinates": [ [ 2.024028, 7.128472 ], [ 2.02375, 7.128194 ], [ 2.023472, 7.127917 ], [ 2.023194, 7.127917 ], [ 2.022917, 7.127917 ], [ 2.022639, 7.128194 ], [ 2.022361, 7.128194 ], [ 2.022083, 7.127917 ], [ 2.022083, 7.127639 ], [ 2.021806, 7.127361 ], [ 2.021528, 7.127083 ], [ 2.02125, 7.127083 ], [ 2.020972, 7.127083 ], [ 2.020694, 7.127361 ] ] } },
{ "type": "Feature", "properties": { "strahler_order": 1, "longueur_km": 2.1058979868201231 }, "geometry": { "type": "LineString", "coordinates": [ [ 2.020694, 7.127361 ], [ 2.020417, 7.127083 ], [ 2.020139, 7.126806 ], [ 2.020139, 7.126528 ], [ 2.020139, 7.12625 ], [ 2.020139, 7.125972 ], [ 2.020139, 7.125694 ], [ 2.019861, 7.125417 ], [ 2.019583, 7.125139 ], [ 2.019306, 7.124861 ], [ 2.019306, 7.124583 ], [ 2.019306, 7.124306 ], [ 2.019306, 7.124028 ], [ 2.019306, 7.12375 ], [ 2.019306, 7.123472 ], [ 2.019306, 7.123194 ], [ 2.019306, 7.122917 ], [ 2.019306, 7.122639 ], [ 2.019306, 7.122361 ], [ 2.019306, 7.122083 ], [ 2.019583, 7.121806 ], [ 2.019861, 7.121528 ], [ 2.020139, 7.12125 ], [ 2.020139, 7.120972 ], [ 2.020139, 7.120694 ], [ 2.020417, 7.120417 ], [ 2.020694, 7.120139 ], [ 2.020694, 7.119861 ], [ 2.020694, 7.119583 ], [ 2.020694, 7.119306 ], [ 2.020694, 7.119028 ], [ 2.020972, 7.11875 ], [ 2.02125, 7.118472 ], [ 2.02125, 7.118194 ], [ 2.02125, 7.117917 ], [ 2.021528, 7.117639 ], [ 2.021528, 7.117361 ], [ 2.02125, 7.117083 ], [ 2.020972, 7.116806 ], [ 2.020694, 7.116528 ], [ 2.020417, 7.11625 ], [ 2.020139, 7.115972 ], [ 2.019861, 7.115694 ], [ 2.019583, 7.115417 ], [ 2.019306, 7.115417 ], [ 2.019028, 7.115139 ], [ 2.01875, 7.115139 ], [ 2.018472, 7.114861 ], [ 2.018194, 7.114861 ], [ 2.017917, 7.114861 ], [ 2.017639, 7.114861 ], [ 2.017361, 7.114861 ], [ 2.017083, 7.114583 ], [ 2.016806, 7.114306 ], [ 2.016528, 7.114028 ], [ 2.01625, 7.11375 ], [ 2.015972, 7.113472 ], [ 2.015694, 7.113194 ] ] } },
{ "type": "Feature", "properties": { "strahler_order": 1, "longueur_km": 0.67710510805052448 }, "geometry": { "type": "LineString", "coordinates": [ [ 2.212917, 7.128194 ], [ 2.212639, 7.127917 ], [ 2.212361, 7.127639 ], [ 2.212083, 7.127639 ], [ 2.211806, 7.127639 ], [ 2.211528, 7.127639 ], [ 2.21125, 7.127639 ], [ 2.210972, 7.127639 ], [ 2.210694, 7.127361 ], [ 2.210417, 7.127361 ], [ 2.210139, 7.127361 ], [ 2.209861, 7.127361 ], [ 2.209583, 7.127361 ], [ 2.209306, 7.127361 ], [ 2.209028, 7.127361 ], [ 2.20875, 7.127361 ], [ 2.208472, 7.127361 ], [ 2.208194, 7.127361 ], [ 2.207917, 7.127361 ], [ 2.207639, 7.127083 ], [ 2.207361, 7.126806 ] ] } },
{ "type": "Feature", "properties": { "strahler_order": 1, "longueur_km": 1.8887290751344314 }, "geometry": { "type": "LineString", "coordinates": [ [ 2.207361, 7.126806 ], [ 2.207083, 7.126528 ], [ 2.206806, 7.12625 ], [ 2.206806, 7.125972 ], [ 2.206806, 7.125694 ], [ 2.207083, 7.125417 ], [ 2.207083, 7.125139 ], [ 2.207083, 7.124861 ], [ 2.207083, 7.124583 ], [ 2.207083, 7.124306 ], [ 2.207083, 7.124028 ], [ 2.207361, 7.12375 ], [ 2.207361, 7.123472 ], [ 2.207361, 7.123194 ], [ 2.207639, 7.122917 ], [ 2.207917, 7.122639 ], [ 2.207917, 7.122361 ], [ 2.207917, 7.122083 ], [ 2.207639, 7.121806 ], [ 2.207361, 7.121528 ], [ 2.207083, 7.121528 ], [ 2.206806, 7.121528 ], [ 2.206528, 7.121528 ], [ 2.20625, 7.12125 ], [ 2.205972, 7.120972 ], [ 2.205694, 7.120694 ], [ 2.205417, 7.120417 ], [ 2.205139, 7.120139 ], [ 2.204861, 7.119861 ], [ 2.204583, 7.119583 ], [ 2.204306, 7.119306 ], [ 2.204306, 7.119028 ], [ 2.204306, 7.11875 ], [ 2.204306, 7.118472 ], [ 2.204306, 7.118194 ], [ 2.204306, 7.117917 ], [ 2.204306, 7.117639 ], [ 2.204306, 7.117361 ], [ 2.204583, 7.117083 ], [ 2.204583, 7.116806 ], [ 2.204306, 7.116528 ], [ 2.204028, 7.11625 ], [ 2.20375, 7.115972 ], [ 2.203472, 7.115972 ], [ 2.203194, 7.115694 ], [ 2.203194, 7.115417 ], [ 2.203194, 7.115139 ], [ 2.202917, 7.114861 ], [ 2.202917, 7.114583 ], [ 2.202917, 7.114306 ], [ 2.202917, 7.114028 ], [ 2.202639, 7.11375 ], [ 2.202639, 7.113472 ] ] } },
{ "type": "Feature", "properties": { "strahler_order": 1, "longueur_km": 1.9314067060772144 }, "geometry": { "type": "LineString", "coordinates": [ [ 2.18375, 7.127361 ], [ 2.18375, 7.127083 ], [ 2.18375, 7.126806 ], [ 2.18375, 7.126528 ], [ 2.18375, 7.12625 ], [ 2.184028, 7.125972 ], [ 2.184306, 7.125694 ], [ 2.184583, 7.125417 ], [ 2.184861, 7.125417 ], [ 2.185139, 7.125694 ], [ 2.185417, 7.125694 ], [ 2.185694, 7.125694 ], [ 2.185972, 7.125694 ], [ 2.18625, 7.125972 ], [ 2.186528, 7.12625 ], [ 2.186806, 7.12625 ], [ 2.187083, 7.12625 ], [ 2.187361, 7.12625 ], [ 2.187639, 7.12625 ], [ 2.187917, 7.125972 ], [ 2.188194, 7.125694 ], [ 2.188472, 7.125694 ], [ 2.18875, 7.125694 ], [ 2.189028, 7.125694 ], [ 2.189306, 7.125417 ], [ 2.189583, 7.125139 ], [ 2.189861, 7.124861 ], [ 2.190139, 7.124861 ], [ 2.190417, 7.124861 ], [ 2.190694, 7.124861 ], [ 2.190972, 7.124583 ], [ 2.19125, 7.124306 ], [ 2.191528, 7.124306 ], [ 2.191806, 7.124028 ], [ 2.192083, 7.124028 ], [ 2.192361, 7.124028 ], [ 2.192639, 7.124028 ], [ 2.192917, 7.124028 ], [ 2.193194, 7.124028 ], [ 2.193472, 7.12375 ], [ 2.19375, 7.12375 ], [ 2.194028, 7.123472 ], [ 2.194306, 7.123194 ], [ 2.194583, 7.122917 ], [ 2.194861, 7.122639 ], [ 2.195139, 7.122361 ], [ 2.195417, 7.122361 ], [ 2.195694, 7.122083 ], [ 2.195972, 7.121806 ], [ 2.19625, 7.121528 ], [ 2.196528, 7.12125 ], [ 2.196806, 7.12125 ], [ 2.197083, 7.12125 ], [ 2.197361, 7.12125 ] ] } },
{ "type": "Feature", "properties": { "strahler_order": 1, "longueur_km": 1.2091716581065612 }, "geometry": { "type": "LineString", "coordinates": [ [ 1.903194, 7.126806 ], [ 1.903472, 7.126528 ], [ 1.90375, 7.12625 ], [ 1.90375, 7.125972 ], [ 1.904028, 7.125972 ], [ 1.904306, 7.125972 ], [ 1.904583, 7.12625 ], [ 1.904861, 7.125972 ], [ 1.904861, 7.125694 ], [ 1.905139, 7.125417 ], [ 1.905139, 7.125139 ], [ 1.905139, 7.124861 ], [ 1.905417, 7.124861 ], [ 1.905694, 7.124861 ], [ 1.905972, 7.124861 ], [ 1.90625, 7.124583 ], [ 1.90625, 7.124306 ], [ 1.90625, 7.124028 ], [ 1.90625, 7.12375 ], [ 1.906528, 7.12375 ], [ 1.906806, 7.123472 ], [ 1.907083, 7.123472 ], [ 1.907083, 7.123194 ], [ 1.907361, 7.122917 ], [ 1.907639, 7.122639 ], [ 1.907917, 7.122639 ], [ 1.907917, 7.122361 ], [ 1.907639, 7.122083 ], [ 1.907361, 7.121806 ], [ 1.907361, 7.121528 ], [ 1.907361, 7.12125 ], [ 1.907639, 7.120972 ], [ 1.907917, 7.120972 ], [ 1.908194, 7.120972 ], [ 1.908472, 7.120694 ] ] } },
{ "type": "Feature", "properties": { "strahler_order": 1, "longueur_km": 0.69759536165881242 }, "geometry": { "type": "LineString", "coordinates": [ [ 1.967917, 7.126528 ], [ 1.968194, 7.126528 ], [ 1.968472, 7.12625 ], [ 1.96875, 7.12625 ], [ 1.969028, 7.125972 ], [ 1.969306, 7.12625 ], [ 1.969583, 7.126528 ], [ 1.969861, 7.126806 ], [ 1.970139, 7.126806 ], [ 1.970417, 7.126528 ], [ 1.970694, 7.12625 ], [ 1.970694, 7.125972 ], [ 1.970972, 7.125972 ], [ 1.97125, 7.125694 ], [ 1.971528, 7.125694 ], [ 1.971806, 7.125694 ], [ 1.972083, 7.125694 ], [ 1.972361, 7.125694 ], [ 1.972639, 7.125694 ], [ 1.972917, 7.125417 ] ] } },
{ "type": "Feature", "properties": { "strahler_order": 1, "longueur_km": 0.34501716395335941 }, "geometry": { "type": "LineString", "coordinates": [ [ 1.972917, 7.125417 ], [ 1.972917, 7.125139 ], [ 1.972917, 7.124861 ], [ 1.973194, 7.124861 ], [ 1.973472, 7.124583 ], [ 1.97375, 7.124306 ], [ 1.974028, 7.124306 ], [ 1.974306, 7.124306 ], [ 1.974583, 7.124306 ], [ 1.974861, 7.124306 ], [ 1.975139, 7.124028 ] ] } },
{ "type": "Feature", "properties": { "strahler_order": 1, "longueur_km": 1.3847405157076709 }, "geometry": { "type": "LineString", "coordinates": [ [ 2.011528, 7.12625 ], [ 2.011806, 7.125972 ], [ 2.012083, 7.125694 ], [ 2.012361, 7.125417 ], [ 2.012083, 7.125139 ], [ 2.012083, 7.124861 ], [ 2.012083, 7.124583 ], [ 2.012361, 7.124306 ], [ 2.012639, 7.124028 ], [ 2.012917, 7.124028 ], [ 2.013194, 7.124028 ], [ 2.013472, 7.12375 ], [ 2.01375, 7.123472 ], [ 2.014028, 7.123194 ], [ 2.014306, 7.122917 ], [ 2.014583, 7.122639 ], [ 2.014861, 7.122361 ], [ 2.015139, 7.122083 ], [ 2.015417, 7.121806 ], [ 2.015694, 7.121806 ], [ 2.015972, 7.121528 ], [ 2.01625, 7.12125 ], [ 2.016528, 7.12125 ], [ 2.016528, 7.120972 ], [ 2.016528, 7.120694 ], [ 2.016528, 7.120417 ], [ 2.01625, 7.120139 ], [ 2.01625, 7.119861 ], [ 2.01625, 7.119583 ], [ 2.015972, 7.119306 ], [ 2.015694, 7.119028 ], [ 2.015417, 7.11875 ], [ 2.015417, 7.118472 ], [ 2.015417, 7.118194 ], [ 2.015694, 7.117917 ], [ 2.015694, 7.117639 ], [ 2.015417, 7.117361 ] ] } },
{ "type": "Feature", "properties": { "strahler_order": 1, "longueur_km": 3.6538611196316513 }, "geometry": { "type": "LineString", "coordinates": [ [ 2.069306, 7.125417 ], [ 2.069583, 7.125139 ], [ 2.069583, 7.124861 ], [ 2.069861, 7.124861 ], [ 2.070139, 7.124583 ], [ 2.070139, 7.124306 ], [ 2.070139, 7.124028 ], [ 2.070417, 7.12375 ], [ 2.070694, 7.12375 ], [ 2.070972, 7.124028 ], [ 2.07125, 7.124306 ], [ 2.071528, 7.124306 ], [ 2.071806, 7.124306 ], [ 2.072083, 7.124028 ], [ 2.072361, 7.124028 ], [ 2.072639, 7.12375 ], [ 2.072917, 7.12375 ], [ 2.073194, 7.12375 ], [ 2.073472, 7.12375 ], [ 2.07375, 7.123472 ], [ 2.074028, 7.123194 ], [ 2.074306, 7.122917 ], [ 2.074583, 7.122917 ], [ 2.074861, 7.122917 ], [ 2.075139, 7.122917 ], [ 2.075417, 7.122639 ], [ 2.075694, 7.122361 ], [ 2.075972, 7.122083 ], [ 2.07625, 7.121806 ], [ 2.076528, 7.121528 ], [ 2.076806, 7.121528 ], [ 2.077083, 7.121528 ], [ 2.077361, 7.121528 ], [ 2.077639, 7.121528 ], [ 2.077917, 7.12125 ], [ 2.078194, 7.120972 ], [ 2.078472, 7.120972 ], [ 2.07875, 7.120972 ], [ 2.079028, 7.120972 ], [ 2.079306, 7.120972 ], [ 2.079583, 7.120972 ], [ 2.079861, 7.120694 ], [ 2.080139, 7.120694 ], [ 2.080417, 7.120417 ], [ 2.080417, 7.120139 ], [ 2.080694, 7.119861 ], [ 2.080694, 7.119583 ], [ 2.080972, 7.119306 ], [ 2.080694, 7.119028 ], [ 2.080694, 7.11875 ], [ 2.080417, 7.118472 ], [ 2.080417, 7.118194 ], [ 2.080417, 7.117917 ], [ 2.080139, 7.117639 ], [ 2.079861, 7.117361 ], [ 2.080139, 7.117083 ], [ 2.080417, 7.116806 ], [ 2.080694, 7.116806 ], [ 2.080972, 7.116806 ], [ 2.08125, 7.116528 ], [ 2.081528, 7.11625 ], [ 2.081806, 7.11625 ], [ 2.082083, 7.11625 ], [ 2.082361, 7.115972 ], [ 2.082639, 7.115694 ], [ 2.082639, 7.115417 ], [ 2.082639, 7.115139 ], [ 2.082917, 7.114861 ], [ 2.083194, 7.114583 ], [ 2.083472, 7.114306 ], [ 2.08375, 7.114028 ], [ 2.084028, 7.114028 ], [ 2.084306, 7.11375 ], [ 2.084583, 7.113472 ], [ 2.084861, 7.113472 ], [ 2.085139, 7.113472 ], [ 2.085417, 7.113194 ], [ 2.085694, 7.112917 ], [ 2.085972, 7.112917 ], [ 2.08625, 7.112917 ], [ 2.086528, 7.112639 ], [ 2.086806, 7.112639 ], [ 2.087083, 7.112639 ], [ 2.087361, 7.112639 ], [ 2.087639, 7.112639 ], [ 2.087917, 7.112639 ], [ 2.088194, 7.112917 ], [ 2.088472, 7.112917 ], [ 2.08875, 7.112917 ], [ 2.08875, 7.112639 ], [ 2.089028, 7.112361 ], [ 2.089028, 7.112083 ], [ 2.089306, 7.111806 ], [ 2.089583, 7.111528 ], [ 2.089861, 7.111528 ], [ 2.090139, 7.111528 ], [ 2.090417, 7.111528 ], [ 2.090694, 7.111528 ], [ 2.090972, 7.111528 ], [ 2.09125, 7.11125 ], [ 2.091528, 7.110972 ] ] } },
{ "type": "Feature", "properties": { "strahler_order": 1, "longueur_km": 0.54184365664497924 }, "geometry": { "type": "LineString", "coordinates": [ [ 2.091528, 7.110972 ], [ 2.091806, 7.110694 ], [ 2.092083, 7.110417 ], [ 2.092361, 7.110417 ], [ 2.092639, 7.110417 ], [ 2.092917, 7.110417 ], [ 2.093194, 7.110417 ], [ 2.093472, 7.110417 ], [ 2.09375, 7.110417 ], [ 2.094028, 7.110139 ], [ 2.094306, 7.110139 ], [ 2.094583, 7.110139 ], [ 2.094861, 7.109861 ], [ 2.094861, 7.109583 ], [ 2.094861, 7.109306 ], [ 2.094861, 7.109028 ], [ 2.094861, 7.10875 ] ] } },
{ "type": "Feature", "properties": { "strahler_order": 1, "longueur_km": 3.8915223960249605 }, "geometry": { "type": "LineString", "coordinates": [ [ 1.940417, 7.125139 ], [ 1.940139, 7.125417 ], [ 1.939861, 7.125417 ], [ 1.939583, 7.125417 ], [ 1.939306, 7.125417 ], [ 1.939028, 7.125417 ], [ 1.93875, 7.125417 ], [ 1.938472, 7.125417 ], [ 1.938194, 7.125417 ], [ 1.937917, 7.125417 ], [ 1.937639, 7.125417 ], [ 1.937361, 7.125417 ], [ 1.937083, 7.125139 ], [ 1.936806, 7.124861 ], [ 1.936528, 7.124861 ], [ 1.93625, 7.124861 ], [ 1.935972, 7.124861 ], [ 1.935694, 7.124861 ], [ 1.935694, 7.124583 ], [ 1.935417, 7.124306 ], [ 1.935139, 7.124028 ], [ 1.934861, 7.12375 ], [ 1.934583, 7.123472 ], [ 1.934583, 7.123194 ], [ 1.934583, 7.122917 ], [ 1.934306, 7.122917 ], [ 1.934028, 7.122917 ], [ 1.93375, 7.122639 ], [ 1.933472, 7.122361 ], [ 1.933194, 7.122361 ], [ 1.932917, 7.122361 ], [ 1.932639, 7.122361 ], [ 1.932361, 7.122361 ], [ 1.932083, 7.122639 ], [ 1.931806, 7.122639 ], [ 1.931528, 7.122639 ], [ 1.93125, 7.122639 ], [ 1.930972, 7.122361 ], [ 1.930694, 7.122361 ], [ 1.930417, 7.122361 ], [ 1.930139, 7.122361 ], [ 1.929861, 7.122083 ], [ 1.929583, 7.122083 ], [ 1.929306, 7.121806 ], [ 1.929028, 7.122083 ], [ 1.92875, 7.122083 ], [ 1.928472, 7.122083 ], [ 1.928194, 7.122361 ], [ 1.927917, 7.122639 ], [ 1.927917, 7.122917 ], [ 1.927639, 7.123194 ], [ 1.927361, 7.123194 ], [ 1.927083, 7.123194 ], [ 1.926806, 7.123194 ], [ 1.926528, 7.123472 ], [ 1.92625, 7.123472 ], [ 1.925972, 7.12375 ], [ 1.925694, 7.124028 ], [ 1.925417, 7.124028 ], [ 1.925139, 7.124028 ], [ 1.924861, 7.124306 ], [ 1.924583, 7.124306 ], [ 1.924306, 7.124306 ], [ 1.924028, 7.124583 ], [ 1.92375, 7.124306 ], [ 1.923472, 7.124028 ], [ 1.923194, 7.12375 ], [ 1.923194, 7.123472 ], [ 1.922917, 7.123194 ], [ 1.922917, 7.122917 ], [ 1.922639, 7.122639 ], [ 1.922361, 7.122361 ], [ 1.922083, 7.122083 ], [ 1.921806, 7.121806 ], [ 1.921528, 7.121528 ], [ 1.92125, 7.12125 ], [ 1.92125, 7.120972 ], [ 1.920972, 7.120972 ], [ 1.920694, 7.120694 ], [ 1.920417, 7.120694 ], [ 1.920139, 7.120694 ], [ 1.919861, 7.120694 ], [ 1.919583, 7.120694 ], [ 1.919306, 7.120694 ], [ 1.919028, 7.120694 ], [ 1.91875, 7.120417 ], [ 1.918472, 7.120417 ], [ 1.918194, 7.120139 ], [ 1.917917, 7.119861 ], [ 1.917639, 7.119861 ], [ 1.917361, 7.119861 ], [ 1.917083, 7.119861 ], [ 1.916806, 7.119861 ], [ 1.916528, 7.119861 ], [ 1.91625, 7.119861 ], [ 1.915972, 7.119861 ], [ 1.915694, 7.119861 ], [ 1.915417, 7.119861 ], [ 1.915139, 7.119861 ], [ 1.914861, 7.120139 ], [ 1.914583, 7.120417 ], [ 1.914306, 7.120694 ], [ 1.914028, 7.120972 ], [ 1.91375, 7.120972 ], [ 1.913472, 7.120694 ], [ 1.913194, 7.120694 ], [ 1.912917, 7.120417 ], [ 1.912639, 7.120417 ], [ 1.912361, 7.120417 ], [ 1.912083, 7.120694 ] ] } },
{ "type": "Feature", "properties": { "strahler_order": 1, "longueur_km": 0.33231793939706539 }, "geometry": { "type": "LineString", "coordinates": [ [ 1.912083, 7.120694 ], [ 1.911806, 7.120694 ], [ 1.911806, 7.120972 ], [ 1.911806, 7.12125 ], [ 1.911528, 7.121528 ], [ 1.911528, 7.121806 ], [ 1.91125, 7.121806 ], [ 1.910972, 7.122083 ], [ 1.910694, 7.122083 ], [ 1.910417, 7.122083 ], [ 1.910139, 7.122083 ] ] } },
{ "type": "Feature", "properties": { "strahler_order": 1, "longueur_km": 0.24773933471849227 }, "geometry": { "type": "LineString", "coordinates": [ [ 1.910139, 7.122083 ], [ 1.909861, 7.121806 ], [ 1.909583, 7.121528 ], [ 1.909306, 7.121528 ], [ 1.909028, 7.12125 ], [ 1.90875, 7.120972 ], [ 1.908472, 7.120694 ] ] } },
{ "type": "Feature", "properties": { "strahler_order": 1, "longueur_km": 0.69770683057040783 }, "geometry": { "type": "LineString", "coordinates": [ [ 1.908472, 7.120694 ], [ 1.908472, 7.120417 ], [ 1.908472, 7.120139 ], [ 1.908194, 7.119861 ], [ 1.908194, 7.119583 ], [ 1.908194, 7.119306 ], [ 1.908194, 7.119028 ], [ 1.907917, 7.11875 ], [ 1.907639, 7.118472 ], [ 1.907361, 7.118194 ], [ 1.907361, 7.117917 ], [ 1.907361, 7.117639 ], [ 1.907361, 7.117361 ], [ 1.907639, 7.117083 ], [ 1.907639, 7.116806 ], [ 1.907639, 7.116528 ], [ 1.907361, 7.11625 ], [ 1.907083, 7.115972 ], [ 1.906806, 7.115694 ], [ 1.906528, 7.115417 ] ] } },
{ "type": "Feature", "properties": { "strahler_order": 1, "longueur_km": 0.98633818225487813 }, "geometry": { "type": "LineString", "coordinates": [ [ 2.114028, 7.125139 ], [ 2.114028, 7.124861 ], [ 2.114028, 7.124583 ], [ 2.114028, 7.124306 ], [ 2.114028, 7.124028 ], [ 2.114306, 7.12375 ], [ 2.114306, 7.123472 ], [ 2.114583, 7.123194 ], [ 2.114861, 7.122917 ], [ 2.115139, 7.122917 ], [ 2.115417, 7.122917 ], [ 2.115694, 7.122917 ], [ 2.115972, 7.123194 ], [ 2.11625, 7.123194 ], [ 2.116528, 7.122917 ], [ 2.116806, 7.122639 ], [ 2.116806, 7.122361 ], [ 2.117083, 7.122083 ], [ 2.117361, 7.121806 ], [ 2.117639, 7.121528 ], [ 2.117917, 7.121528 ], [ 2.118194, 7.121528 ], [ 2.118472, 7.121528 ], [ 2.11875, 7.12125 ], [ 2.119028, 7.12125 ], [ 2.119306, 7.12125 ], [ 2.119583, 7.12125 ], [ 2.119861, 7.12125 ], [ 2.120139, 7.12125 ] ] } },
{ "type": "Feature", "properties": { "strahler_order": 1, "longueur_km": 0.32700174891014272 }, "geometry": { "type": "LineString", "coordinates": [ [ 2.16625, 7.125139 ], [ 2.165972, 7.125139 ], [ 2.165694, 7.125139 ], [ 2.165417, 7.125139 ], [ 2.165139, 7.124861 ], [ 2.164861, 7.124861 ], [ 2.164583, 7.124583 ], [ 2.164306, 7.124306 ], [ 2.164028, 7.124028 ], [ 2.16375, 7.124028 ] ] } },
{ "type": "Feature", "properties": { "strahler_order": 1, "longueur_km": 0.44462211082875658 }, "geometry": { "type": "LineString", "coordinates": [ [ 2.16375, 7.124028 ], [ 2.163472, 7.12375 ], [ 2.163194, 7.123472 ], [ 2.162917, 7.123194 ], [ 2.162639, 7.122917 ], [ 2.162639, 7.122639 ], [ 2.162361, 7.122361 ], [ 2.162083, 7.122083 ], [ 2.161806, 7.122083 ], [ 2.161528, 7.122083 ], [ 2.16125, 7.122083 ], [ 2.160972, 7.122083 ], [ 2.160694, 7.122083 ] ] } },
{ "type": "Feature", "properties": { "strahler_order": 1, "longueur_km": 0.13539889780013481 }, "geometry": { "type": "LineString", "coordinates": [ [ 1.975694, 7.124861 ], [ 1.975417, 7.124861 ], [ 1.975139, 7.124583 ], [ 1.975139, 7.124306 ], [ 1.975139, 7.124028 ] ] } },
{ "type": "Feature", "properties": { "strahler_order": 1, "longueur_km": 2.0245896660913743 }, "geometry": { "type": "LineString", "coordinates": [ [ 1.975139, 7.124028 ], [ 1.975417, 7.12375 ], [ 1.975417, 7.123472 ], [ 1.975694, 7.123194 ], [ 1.975694, 7.122917 ], [ 1.975694, 7.122639 ], [ 1.975694, 7.122361 ], [ 1.975694, 7.122083 ], [ 1.975694, 7.121806 ], [ 1.975694, 7.121528 ], [ 1.975417, 7.12125 ], [ 1.975417, 7.120972 ], [ 1.975694, 7.120694 ], [ 1.975972, 7.120417 ], [ 1.975972, 7.120139 ], [ 1.975972, 7.119861 ], [ 1.975694, 7.119583 ], [ 1.975694, 7.119306 ], [ 1.975972, 7.119028 ], [ 1.97625, 7.11875 ], [ 1.976528, 7.118472 ], [ 1.976528, 7.118194 ], [ 1.976528, 7.117917 ], [ 1.97625, 7.117639 ], [ 1.97625, 7.117361 ], [ 1.975972, 7.117083 ], [ 1.975972, 7.116806 ], [ 1.975972, 7.116528 ], [ 1.975972, 7.11625 ], [ 1.97625, 7.115972 ], [ 1.97625, 7.115694 ], [ 1.976528, 7.115417 ], [ 1.976806, 7.115139 ], [ 1.977083, 7.114861 ], [ 1.977361, 7.114861 ], [ 1.977639, 7.114861 ], [ 1.977917, 7.114583 ], [ 1.978194, 7.114306 ], [ 1.978472, 7.114028 ], [ 1.97875, 7.11375 ], [ 1.97875, 7.113472 ], [ 1.97875, 7.113194 ], [ 1.97875, 7.112917 ], [ 1.979028, 7.112639 ], [ 1.979028, 7.112361 ], [ 1.979028, 7.112083 ], [ 1.979028, 7.111806 ], [ 1.979028, 7.111528 ], [ 1.97875, 7.11125 ], [ 1.97875, 7.110972 ], [ 1.978472, 7.110694 ], [ 1.978472, 7.110417 ], [ 1.978194, 7.110139 ], [ 1.978194, 7.109861 ], [ 1.978194, 7.109583 ], [ 1.978472, 7.109306 ], [ 1.978472, 7.109028 ] ] } },
{ "type": "Feature", "properties": { "strahler_order": 1, "longueur_km": 1.326352211224654 }, "geometry": { "type": "LineString", "coordinates": [ [ 2.031528, 7.124306 ], [ 2.031806, 7.124028 ], [ 2.032083, 7.12375 ], [ 2.032083, 7.123472 ], [ 2.032361, 7.123194 ], [ 2.032361, 7.122917 ], [ 2.032361, 7.122639 ], [ 2.032639, 7.122639 ], [ 2.032917, 7.122361 ], [ 2.033194, 7.122361 ], [ 2.033472, 7.122361 ], [ 2.03375, 7.122361 ], [ 2.034028, 7.122361 ], [ 2.034306, 7.122361 ], [ 2.034583, 7.122083 ], [ 2.034583, 7.121806 ], [ 2.034583, 7.121528 ], [ 2.034583, 7.12125 ], [ 2.034861, 7.120972 ], [ 2.035139, 7.120694 ], [ 2.035417, 7.120694 ], [ 2.035694, 7.120694 ], [ 2.035972, 7.120972 ], [ 2.03625, 7.12125 ], [ 2.036528, 7.12125 ], [ 2.036806, 7.120972 ], [ 2.037083, 7.12125 ], [ 2.037361, 7.12125 ], [ 2.037639, 7.12125 ], [ 2.037917, 7.12125 ], [ 2.038194, 7.12125 ], [ 2.038472, 7.12125 ], [ 2.03875, 7.12125 ], [ 2.039028, 7.120972 ], [ 2.039306, 7.120694 ], [ 2.039583, 7.120417 ], [ 2.039861, 7.120139 ], [ 2.040139, 7.120139 ] ] } },
{ "type": "Feature", "properties": { "strahler_order": 1, "longueur_km": 1.1295700588840034 }, "geometry": { "type": "LineString", "coordinates": [ [ 2.042639, 7.124028 ], [ 2.042917, 7.124028 ], [ 2.043194, 7.12375 ], [ 2.043472, 7.123472 ], [ 2.04375, 7.123194 ], [ 2.044028, 7.123194 ], [ 2.044306, 7.123194 ], [ 2.044583, 7.122917 ], [ 2.044583, 7.122639 ], [ 2.044583, 7.122361 ], [ 2.044861, 7.122361 ], [ 2.045139, 7.122361 ], [ 2.045417, 7.122361 ], [ 2.045694, 7.122083 ], [ 2.045972, 7.121806 ], [ 2.045972, 7.121528 ], [ 2.045972, 7.12125 ], [ 2.04625, 7.120972 ], [ 2.046528, 7.120694 ], [ 2.046806, 7.120694 ], [ 2.047083, 7.120417 ], [ 2.047361, 7.120139 ], [ 2.047639, 7.119861 ], [ 2.047639, 7.119583 ], [ 2.047917, 7.119583 ], [ 2.048194, 7.119583 ], [ 2.048472, 7.119583 ], [ 2.04875, 7.119583 ], [ 2.049028, 7.119861 ], [ 2.049306, 7.120139 ], [ 2.049583, 7.120417 ], [ 2.049861, 7.120417 ] ] } },
{ "type": "Feature", "properties": { "strahler_order": 1, "longueur_km": 1.568702251326759 }, "geometry": { "type": "LineString", "coordinates": [ [ 2.049861, 7.120417 ], [ 2.050139, 7.120139 ], [ 2.050417, 7.119861 ], [ 2.050694, 7.119583 ], [ 2.050972, 7.119306 ], [ 2.05125, 7.119028 ], [ 2.051528, 7.11875 ], [ 2.051806, 7.11875 ], [ 2.052083, 7.11875 ], [ 2.052361, 7.118472 ], [ 2.052639, 7.118472 ], [ 2.052917, 7.118194 ], [ 2.052917, 7.117917 ], [ 2.053194, 7.117639 ], [ 2.053472, 7.117639 ], [ 2.05375, 7.117639 ], [ 2.054028, 7.117639 ], [ 2.054306, 7.117361 ], [ 2.054306, 7.117083 ], [ 2.054583, 7.116806 ], [ 2.054861, 7.116806 ], [ 2.055139, 7.116806 ], [ 2.055417, 7.116528 ], [ 2.055694, 7.116528 ], [ 2.055972, 7.11625 ], [ 2.05625, 7.11625 ], [ 2.056528, 7.11625 ], [ 2.056806, 7.11625 ], [ 2.057083, 7.116528 ], [ 2.057361, 7.116528 ], [ 2.057639, 7.116806 ], [ 2.057917, 7.117083 ], [ 2.058194, 7.116806 ], [ 2.058472, 7.116528 ], [ 2.05875, 7.11625 ], [ 2.059028, 7.115972 ], [ 2.059306, 7.115972 ], [ 2.059583, 7.115972 ], [ 2.059861, 7.115972 ], [ 2.060139, 7.115694 ], [ 2.060417, 7.115417 ], [ 2.060417, 7.115139 ], [ 2.060417, 7.114861 ] ] } },
{ "type": "Feature", "properties": { "strahler_order": 1, "longueur_km": 0.26569249759745833 }, "geometry": { "type": "LineString", "coordinates": [ [ 2.060417, 7.114861 ], [ 2.060139, 7.114583 ], [ 2.060139, 7.114306 ], [ 2.059861, 7.114028 ], [ 2.059583, 7.114028 ], [ 2.059306, 7.114028 ], [ 2.059028, 7.11375 ], [ 2.05875, 7.113472 ] ] } },
{ "type": "Feature", "properties": { "strahler_order": 1, "longueur_km": 0.35263445742268912 }, "geometry": { "type": "LineString", "coordinates": [ [ 2.038472, 7.122639 ], [ 2.038472, 7.122361 ], [ 2.038472, 7.122083 ], [ 2.03875, 7.121806 ], [ 2.039028, 7.121528 ], [ 2.039306, 7.12125 ], [ 2.039583, 7.120972 ], [ 2.039861, 7.120694 ], [ 2.040139, 7.120417 ], [ 2.040139, 7.120139 ] ] } },
{ "type": "Feature", "properties": { "strahler_order": 1, "longueur_km": 1.7708715524657022 }, "geometry": { "type": "LineString", "coordinates": [ [ 2.040139, 7.120139 ], [ 2.040417, 7.120139 ], [ 2.040694, 7.120139 ], [ 2.040972, 7.119861 ], [ 2.04125, 7.119861 ], [ 2.041528, 7.119861 ], [ 2.041806, 7.119583 ], [ 2.041806, 7.119306 ], [ 2.041806, 7.119028 ], [ 2.042083, 7.11875 ], [ 2.042083, 7.118472 ], [ 2.042083, 7.118194 ], [ 2.042083, 7.117917 ], [ 2.042361, 7.117917 ], [ 2.042639, 7.117917 ], [ 2.042917, 7.117917 ], [ 2.043194, 7.117917 ], [ 2.043472, 7.117917 ], [ 2.04375, 7.117917 ], [ 2.044028, 7.117639 ], [ 2.044306, 7.117361 ], [ 2.044583, 7.117361 ], [ 2.044861, 7.117361 ], [ 2.045139, 7.117639 ], [ 2.045417, 7.117917 ], [ 2.045694, 7.117917 ], [ 2.045972, 7.117639 ], [ 2.045972, 7.117361 ], [ 2.04625, 7.117083 ], [ 2.04625, 7.116806 ], [ 2.04625, 7.116528 ], [ 2.04625, 7.11625 ], [ 2.04625, 7.115972 ], [ 2.045972, 7.115694 ], [ 2.045694, 7.115417 ], [ 2.045417, 7.115139 ], [ 2.045417, 7.114861 ], [ 2.045417, 7.114583 ], [ 2.045694, 7.114306 ], [ 2.045972, 7.114028 ], [ 2.04625, 7.11375 ], [ 2.046528, 7.113472 ], [ 2.046806, 7.113194 ], [ 2.047083, 7.113194 ], [ 2.047361, 7.112917 ], [ 2.047639, 7.112917 ], [ 2.047917, 7.112639 ], [ 2.048194, 7.112361 ], [ 2.048472, 7.112083 ], [ 2.048472, 7.111806 ] ] } },
{ "type": "Feature", "properties": { "strahler_order": 1, "longueur_km": 1.1550678594514634 }, "geometry": { "type": "LineString", "coordinates": [ [ 2.008472, 7.122361 ], [ 2.00875, 7.122361 ], [ 2.009028, 7.122639 ], [ 2.009306, 7.122917 ], [ 2.009583, 7.122639 ], [ 2.009861, 7.122361 ], [ 2.010139, 7.122361 ], [ 2.010417, 7.122361 ], [ 2.010694, 7.122361 ], [ 2.010972, 7.122361 ], [ 2.01125, 7.122361 ], [ 2.011528, 7.122083 ], [ 2.011806, 7.121806 ], [ 2.012083, 7.121528 ], [ 2.012361, 7.12125 ], [ 2.012361, 7.120972 ], [ 2.012361, 7.120694 ], [ 2.012361, 7.120417 ], [ 2.012639, 7.120139 ], [ 2.012917, 7.120139 ], [ 2.013194, 7.119861 ], [ 2.013194, 7.119583 ], [ 2.013472, 7.119306 ], [ 2.013472, 7.119028 ], [ 2.01375, 7.11875 ], [ 2.014028, 7.118472 ], [ 2.014306, 7.118194 ], [ 2.014583, 7.117917 ], [ 2.014861, 7.117639 ], [ 2.015139, 7.117639 ], [ 2.015417, 7.117639 ], [ 2.015417, 7.117361 ] ] } },
{ "type": "Feature", "properties": { "strahler_order": 1, "longueur_km": 0.5674290557622127 }, "geometry": { "type": "LineString", "coordinates": [ [ 2.015417, 7.117361 ], [ 2.015139, 7.117083 ], [ 2.015139, 7.116806 ], [ 2.015139, 7.116528 ], [ 2.015139, 7.11625 ], [ 2.015417, 7.115972 ], [ 2.015417, 7.115694 ], [ 2.015417, 7.115417 ], [ 2.015694, 7.115139 ], [ 2.015694, 7.114861 ], [ 2.015694, 7.114583 ], [ 2.015417, 7.114583 ], [ 2.015139, 7.114306 ], [ 2.015139, 7.114028 ], [ 2.015417, 7.11375 ], [ 2.015694, 7.113472 ], [ 2.015694, 7.113194 ] ] } },
{ "type": "Feature", "properties": { "strahler_order": 1, "longueur_km": 0.35781808828486938 }, "geometry": { "type": "LineString", "coordinates": [ [ 2.015694, 7.113194 ], [ 2.015417, 7.112917 ], [ 2.015139, 7.112639 ], [ 2.015139, 7.112361 ], [ 2.015139, 7.112083 ], [ 2.015139, 7.111806 ], [ 2.015139, 7.111528 ], [ 2.015417, 7.11125 ], [ 2.015417, 7.110972 ], [ 2.015139, 7.110694 ], [ 2.015139, 7.110417 ] ] } },
{ "type": "Feature", "properties": { "strahler_order": 1, "longueur_km": 0.043444078290806883 }, "geometry": { "type": "LineString", "coordinates": [ [ 2.015139, 7.110417 ], [ 2.015417, 7.110139 ] ] } },
{ "type": "Feature", "properties": { "strahler_order": 1, "longueur_km": 0.086884561971191265 }, "geometry": { "type": "LineString", "coordinates": [ [ 2.119583, 7.121806 ], [ 2.119861, 7.121528 ], [ 2.120139, 7.12125 ] ] } },
{ "type": "Feature", "properties": { "strahler_order": 1, "longueur_km": 1.7089152646544894 }, "geometry": { "type": "LineString", "coordinates": [ [ 2.120139, 7.12125 ], [ 2.120417, 7.120972 ], [ 2.120694, 7.120694 ], [ 2.120972, 7.120417 ], [ 2.12125, 7.120417 ], [ 2.121528, 7.120694 ], [ 2.121806, 7.120694 ], [ 2.122083, 7.120694 ], [ 2.122361, 7.120417 ], [ 2.122639, 7.120139 ], [ 2.122917, 7.120139 ], [ 2.123194, 7.120139 ], [ 2.123472, 7.120139 ], [ 2.12375, 7.120139 ], [ 2.124028, 7.119861 ], [ 2.124306, 7.119861 ], [ 2.124583, 7.119861 ], [ 2.124861, 7.119861 ], [ 2.125139, 7.119861 ], [ 2.125417, 7.119861 ], [ 2.125694, 7.119583 ], [ 2.125972, 7.119583 ], [ 2.12625, 7.119306 ], [ 2.126528, 7.119306 ], [ 2.126806, 7.119583 ], [ 2.127083, 7.119861 ], [ 2.127361, 7.120139 ], [ 2.127639, 7.120139 ], [ 2.127917, 7.120139 ], [ 2.128194, 7.119861 ], [ 2.128472, 7.119861 ], [ 2.12875, 7.119861 ], [ 2.129028, 7.119583 ], [ 2.129306, 7.119583 ], [ 2.129583, 7.119583 ], [ 2.129861, 7.119583 ], [ 2.130139, 7.119306 ], [ 2.130417, 7.119306 ], [ 2.130694, 7.119306 ], [ 2.130972, 7.119028 ], [ 2.13125, 7.11875 ], [ 2.131528, 7.118472 ], [ 2.131806, 7.118194 ], [ 2.132083, 7.117917 ], [ 2.132361, 7.117639 ], [ 2.132639, 7.117639 ], [ 2.132917, 7.117639 ], [ 2.133194, 7.117639 ] ] } },
{ "type": "Feature", "properties": { "strahler_order": 1, "longueur_km": 0.074176502422669169 }, "geometry": { "type": "LineString", "coordinates": [ [ 2.197639, 7.121806 ], [ 2.197361, 7.121528 ], [ 2.197361, 7.12125 ] ] } },
{ "type": "Feature", "properties": { "strahler_order": 1, "longueur_km": 1.3032024992913871 }, "geometry": { "type": "LineString", "coordinates": [ [ 2.197361, 7.12125 ], [ 2.197639, 7.120972 ], [ 2.197917, 7.120694 ], [ 2.198194, 7.120417 ], [ 2.198472, 7.120139 ], [ 2.19875, 7.120139 ], [ 2.19875, 7.119861 ], [ 2.199028, 7.119583 ], [ 2.199306, 7.119306 ], [ 2.199583, 7.119306 ], [ 2.199861, 7.119306 ], [ 2.199861, 7.119028 ], [ 2.199861, 7.11875 ], [ 2.199861, 7.118472 ], [ 2.199861, 7.118194 ], [ 2.199583, 7.117917 ], [ 2.199306, 7.117639 ], [ 2.199028, 7.117361 ], [ 2.199028, 7.117083 ], [ 2.199028, 7.116806 ], [ 2.199028, 7.116528 ], [ 2.199028, 7.11625 ], [ 2.199028, 7.115972 ], [ 2.199306, 7.115972 ], [ 2.199583, 7.115694 ], [ 2.199861, 7.115417 ], [ 2.200139, 7.115139 ], [ 2.200417, 7.114861 ], [ 2.200694, 7.114583 ], [ 2.200972, 7.114306 ], [ 2.20125, 7.114028 ], [ 2.201528, 7.11375 ], [ 2.201806, 7.11375 ], [ 2.202083, 7.113472 ], [ 2.202361, 7.113472 ], [ 2.202639, 7.113472 ] ] } },
{ "type": "Feature", "properties": { "strahler_order": 1, "longueur_km": 0.043441746211071323 }, "geometry": { "type": "LineString", "coordinates": [ [ 2.202639, 7.113472 ], [ 2.202917, 7.113194 ] ] } },
{ "type": "Feature", "properties": { "strahler_order": 1, "longueur_km": 0.19153810020000853 }, "geometry": { "type": "LineString", "coordinates": [ [ 2.162083, 7.12125 ], [ 2.161806, 7.12125 ], [ 2.161528, 7.121528 ], [ 2.16125, 7.121806 ], [ 2.160972, 7.121806 ], [ 2.160694, 7.122083 ] ] } },
{ "type": "Feature", "properties": { "strahler_order": 1, "longueur_km": 0.27841082520908628 }, "geometry": { "type": "LineString", "coordinates": [ [ 2.160694, 7.122083 ], [ 2.160417, 7.122361 ], [ 2.160139, 7.122639 ], [ 2.159861, 7.122639 ], [ 2.159583, 7.122361 ], [ 2.159306, 7.122083 ], [ 2.159028, 7.121806 ], [ 2.159028, 7.121528 ] ] } },
{ "type": "Feature", "properties": { "strahler_order": 1, "longueur_km": 1.5523267316980476 }, "geometry": { "type": "LineString", "coordinates": [ [ 2.159028, 7.121528 ], [ 2.159028, 7.12125 ], [ 2.159028, 7.120972 ], [ 2.159028, 7.120694 ], [ 2.159028, 7.120417 ], [ 2.159028, 7.120139 ], [ 2.159028, 7.119861 ], [ 2.159028, 7.119583 ], [ 2.159028, 7.119306 ], [ 2.159028, 7.119028 ], [ 2.15875, 7.11875 ], [ 2.158472, 7.118472 ], [ 2.158194, 7.118194 ], [ 2.157917, 7.117917 ], [ 2.157639, 7.117639 ], [ 2.157361, 7.117361 ], [ 2.157361, 7.117083 ], [ 2.157361, 7.116806 ], [ 2.157361, 7.116528 ], [ 2.157361, 7.11625 ], [ 2.157361, 7.115972 ], [ 2.157361, 7.115694 ], [ 2.157083, 7.115417 ], [ 2.157083, 7.115139 ], [ 2.157083, 7.114861 ], [ 2.156806, 7.114583 ], [ 2.156806, 7.114306 ], [ 2.156806, 7.114028 ], [ 2.156528, 7.11375 ], [ 2.156528, 7.113472 ], [ 2.156528, 7.113194 ], [ 2.156528, 7.112917 ], [ 2.156528, 7.112639 ], [ 2.156528, 7.112361 ], [ 2.156528, 7.112083 ], [ 2.156528, 7.111806 ], [ 2.156806, 7.111528 ], [ 2.156806, 7.11125 ], [ 2.156806, 7.110972 ], [ 2.156806, 7.110694 ], [ 2.156806, 7.110417 ], [ 2.156806, 7.110139 ], [ 2.157083, 7.109861 ], [ 2.157083, 7.109583 ], [ 2.157083, 7.109306 ], [ 2.157083, 7.109028 ], [ 2.157083, 7.10875 ] ] } },
{ "type": "Feature", "properties": { "strahler_order": 1, "longueur_km": 1.8634095029690734 }, "geometry": { "type": "LineString", "coordinates": [ [ 1.993194, 7.120694 ], [ 1.993472, 7.120417 ], [ 1.99375, 7.120417 ], [ 1.994028, 7.120417 ], [ 1.994306, 7.120417 ], [ 1.994583, 7.120417 ], [ 1.994583, 7.120139 ], [ 1.994583, 7.119861 ], [ 1.994583, 7.119583 ], [ 1.994583, 7.119306 ], [ 1.994861, 7.119028 ], [ 1.994861, 7.11875 ], [ 1.994861, 7.118472 ], [ 1.995139, 7.118194 ], [ 1.994861, 7.117917 ], [ 1.994583, 7.117917 ], [ 1.994583, 7.117639 ], [ 1.994861, 7.117361 ], [ 1.995139, 7.117083 ], [ 1.995417, 7.117083 ], [ 1.995694, 7.116806 ], [ 1.995972, 7.116528 ], [ 1.99625, 7.11625 ], [ 1.996528, 7.115972 ], [ 1.996806, 7.115694 ], [ 1.996806, 7.115417 ], [ 1.996806, 7.115139 ], [ 1.997083, 7.114861 ], [ 1.996806, 7.114583 ], [ 1.996528, 7.114306 ], [ 1.996528, 7.114028 ], [ 1.996806, 7.11375 ], [ 1.997083, 7.113472 ], [ 1.997083, 7.113194 ], [ 1.997361, 7.113194 ], [ 1.997639, 7.113194 ], [ 1.997917, 7.113194 ], [ 1.998194, 7.112917 ], [ 1.998472, 7.112917 ], [ 1.99875, 7.112639 ], [ 1.99875, 7.112361 ], [ 1.99875, 7.112083 ], [ 1.998472, 7.111806 ], [ 1.998194, 7.111528 ], [ 1.998194, 7.11125 ], [ 1.998194, 7.110972 ], [ 1.998194, 7.110694 ], [ 1.998194, 7.110417 ], [ 1.998194, 7.110139 ], [ 1.998194, 7.109861 ], [ 1.998194, 7.109583 ], [ 1.998194, 7.109306 ], [ 1.998472, 7.109028 ] ] } },
{ "type": "Feature", "properties": { "strahler_order": 1, "longueur_km": 1.5977417236424387 }, "geometry": { "type": "LineString", "coordinates": [ [ 2.179306, 7.120694 ], [ 2.179028, 7.120417 ], [ 2.17875, 7.120139 ], [ 2.178472, 7.120139 ], [ 2.178194, 7.119861 ], [ 2.177917, 7.119583 ], [ 2.177639, 7.119306 ], [ 2.177639, 7.119028 ], [ 2.177361, 7.11875 ], [ 2.177083, 7.118472 ], [ 2.176806, 7.118194 ], [ 2.176806, 7.117917 ], [ 2.176806, 7.117639 ], [ 2.176806, 7.117361 ], [ 2.176806, 7.117083 ], [ 2.176806, 7.116806 ], [ 2.176806, 7.116528 ], [ 2.176806, 7.11625 ], [ 2.176806, 7.115972 ], [ 2.176806, 7.115694 ], [ 2.176806, 7.115417 ], [ 2.176806, 7.115139 ], [ 2.176806, 7.114861 ], [ 2.177083, 7.114861 ], [ 2.177361, 7.114583 ], [ 2.177361, 7.114306 ], [ 2.177361, 7.114028 ], [ 2.177361, 7.11375 ], [ 2.177361, 7.113472 ], [ 2.177639, 7.113194 ], [ 2.177917, 7.112917 ], [ 2.178194, 7.112639 ], [ 2.178472, 7.112361 ], [ 2.17875, 7.112083 ], [ 2.179028, 7.111806 ], [ 2.179028, 7.111528 ], [ 2.179028, 7.11125 ], [ 2.179028, 7.110972 ], [ 2.179028, 7.110694 ], [ 2.17875, 7.110417 ], [ 2.179028, 7.110139 ], [ 2.179028, 7.109861 ], [ 2.179028, 7.109583 ], [ 2.179028, 7.109306 ], [ 2.179028, 7.109028 ], [ 2.179028, 7.10875 ] ] } },
{ "type": "Feature", "properties": { "strahler_order": 1, "longueur_km": 1.1115298412534498 }, "geometry": { "type": "LineString", "coordinates": [ [ 1.980139, 7.119861 ], [ 1.980417, 7.119583 ], [ 1.980694, 7.119306 ], [ 1.980694, 7.119028 ], [ 1.980694, 7.11875 ], [ 1.980417, 7.118472 ], [ 1.980139, 7.118194 ], [ 1.980139, 7.117917 ], [ 1.980139, 7.117639 ], [ 1.979861, 7.117361 ], [ 1.979861, 7.117083 ], [ 1.980139, 7.116806 ], [ 1.980417, 7.116806 ], [ 1.980694, 7.116528 ], [ 1.980972, 7.11625 ], [ 1.98125, 7.115972 ], [ 1.981528, 7.115972 ], [ 1.981806, 7.115972 ], [ 1.982083, 7.115972 ], [ 1.982361, 7.115694 ], [ 1.982639, 7.115694 ], [ 1.982917, 7.115972 ], [ 1.983194, 7.115972 ], [ 1.983472, 7.115694 ], [ 1.98375, 7.115417 ], [ 1.98375, 7.115139 ], [ 1.984028, 7.114861 ], [ 1.984306, 7.114861 ], [ 1.984583, 7.114583 ], [ 1.984861, 7.114583 ], [ 1.985139, 7.114583 ] ] } },
{ "type": "Feature", "properties": { "strahler_order": 1, "longueur_km": 1.093328425199658 }, "geometry": { "type": "LineString", "coordinates": [ [ 1.985139, 7.114583 ], [ 1.985417, 7.114306 ], [ 1.985694, 7.114028 ], [ 1.985972, 7.11375 ], [ 1.98625, 7.113472 ], [ 1.986528, 7.113194 ], [ 1.986806, 7.113194 ], [ 1.987083, 7.113194 ], [ 1.987361, 7.113194 ], [ 1.987639, 7.112917 ], [ 1.987917, 7.112639 ], [ 1.988194, 7.112639 ], [ 1.988472, 7.112639 ], [ 1.98875, 7.112361 ], [ 1.98875, 7.112083 ], [ 1.98875, 7.111806 ], [ 1.989028, 7.111528 ], [ 1.989306, 7.111528 ], [ 1.989583, 7.11125 ], [ 1.989861, 7.110972 ], [ 1.990139, 7.110694 ], [ 1.990139, 7.110417 ], [ 1.990417, 7.110139 ], [ 1.990694, 7.110139 ], [ 1.990972, 7.109861 ], [ 1.99125, 7.109861 ], [ 1.991528, 7.109861 ], [ 1.991806, 7.109583 ], [ 1.991806, 7.109306 ], [ 1.992083, 7.109028 ] ] } },
{ "type": "Feature", "properties": { "strahler_order": 1, "longueur_km": 0.33236613274165799 }, "geometry": { "type": "LineString", "coordinates": [ [ 2.142361, 7.118194 ], [ 2.142361, 7.117917 ], [ 2.142361, 7.117639 ], [ 2.142361, 7.117361 ], [ 2.142361, 7.117083 ], [ 2.142083, 7.117083 ], [ 2.141806, 7.117083 ], [ 2.141528, 7.117083 ], [ 2.14125, 7.116806 ], [ 2.140972, 7.116528 ], [ 2.140972, 7.11625 ] ] } },
{ "type": "Feature", "properties": { "strahler_order": 1, "longueur_km": 2.483025693333087 }, "geometry": { "type": "LineString", "coordinates": [ [ 2.186806, 7.118194 ], [ 2.186806, 7.117917 ], [ 2.186806, 7.117639 ], [ 2.186806, 7.117361 ], [ 2.187083, 7.117083 ], [ 2.187361, 7.116806 ], [ 2.187639, 7.116528 ], [ 2.187917, 7.11625 ], [ 2.187917, 7.115972 ], [ 2.187917, 7.115694 ], [ 2.188194, 7.115417 ], [ 2.188472, 7.115139 ], [ 2.188472, 7.114861 ], [ 2.188472, 7.114583 ], [ 2.18875, 7.114306 ], [ 2.189028, 7.114028 ], [ 2.189306, 7.11375 ], [ 2.189583, 7.11375 ], [ 2.189861, 7.11375 ], [ 2.190139, 7.11375 ], [ 2.190417, 7.11375 ], [ 2.190694, 7.113472 ], [ 2.190972, 7.113194 ], [ 2.19125, 7.113194 ], [ 2.191528, 7.112917 ], [ 2.191806, 7.112639 ], [ 2.192083, 7.112639 ], [ 2.192361, 7.112639 ], [ 2.192639, 7.112917 ], [ 2.192917, 7.113194 ], [ 2.193194, 7.113194 ], [ 2.193472, 7.113194 ], [ 2.19375, 7.113472 ], [ 2.194028, 7.11375 ], [ 2.194306, 7.114028 ], [ 2.194583, 7.114028 ], [ 2.194861, 7.114028 ], [ 2.195139, 7.114028 ], [ 2.195417, 7.114306 ], [ 2.195694, 7.114583 ], [ 2.195972, 7.114306 ], [ 2.19625, 7.114583 ], [ 2.196528, 7.114861 ], [ 2.196806, 7.114861 ], [ 2.197083, 7.114861 ], [ 2.197361, 7.114861 ], [ 2.197639, 7.115139 ], [ 2.197917, 7.115417 ], [ 2.198194, 7.115417 ], [ 2.198472, 7.115417 ], [ 2.19875, 7.115417 ], [ 2.199028, 7.115417 ], [ 2.199306, 7.115139 ], [ 2.199583, 7.114861 ], [ 2.199861, 7.114583 ], [ 2.200139, 7.114306 ], [ 2.200139, 7.114028 ], [ 2.200417, 7.11375 ], [ 2.200694, 7.113472 ], [ 2.200972, 7.113194 ], [ 2.20125, 7.112917 ], [ 2.201528, 7.112639 ], [ 2.201806, 7.112917 ], [ 2.202083, 7.113194 ], [ 2.202361, 7.113194 ], [ 2.202639, 7.113194 ], [ 2.202917, 7.113194 ] ] } },
{ "type": "Feature", "properties": { "strahler_order": 1, "longueur_km": 0.59816811185675101 }, "geometry": { "type": "LineString", "coordinates": [ [ 2.202917, 7.113194 ], [ 2.203194, 7.112917 ], [ 2.203472, 7.112639 ], [ 2.20375, 7.112361 ], [ 2.204028, 7.112083 ], [ 2.204306, 7.112083 ], [ 2.204583, 7.111806 ], [ 2.204861, 7.111528 ], [ 2.204861, 7.11125 ], [ 2.204861, 7.110972 ], [ 2.204861, 7.110694 ], [ 2.204861, 7.110417 ], [ 2.204861, 7.110139 ], [ 2.204861, 7.109861 ], [ 2.204861, 7.109583 ], [ 2.204861, 7.109306 ], [ 2.204861, 7.109028 ], [ 2.204861, 7.10875 ] ] } },
{ "type": "Feature", "properties": { "strahler_order": 1, "longueur_km": 1.2344745598664331 }, "geometry": { "type": "LineString", "coordinates": [ [ 2.005694, 7.116528 ], [ 2.005972, 7.11625 ], [ 2.00625, 7.11625 ], [ 2.006528, 7.115972 ], [ 2.006528, 7.115694 ], [ 2.006528, 7.115417 ], [ 2.006528, 7.115139 ], [ 2.006528, 7.114861 ], [ 2.006528, 7.114583 ], [ 2.006806, 7.114306 ], [ 2.007083, 7.114306 ], [ 2.007361, 7.114306 ], [ 2.007639, 7.114028 ], [ 2.007917, 7.11375 ], [ 2.008194, 7.113472 ], [ 2.008194, 7.113194 ], [ 2.008472, 7.112917 ], [ 2.00875, 7.112639 ], [ 2.009028, 7.112361 ], [ 2.009306, 7.112083 ], [ 2.009583, 7.111806 ], [ 2.009861, 7.111806 ], [ 2.010139, 7.111806 ], [ 2.010417, 7.111806 ], [ 2.010694, 7.111806 ], [ 2.010972, 7.111528 ], [ 2.01125, 7.11125 ], [ 2.01125, 7.110972 ], [ 2.01125, 7.110694 ], [ 2.01125, 7.110417 ], [ 2.010972, 7.110139 ], [ 2.010694, 7.109861 ], [ 2.010694, 7.109583 ], [ 2.010694, 7.109306 ], [ 2.010694, 7.109028 ] ] } },
{ "type": "Feature", "properties": { "strahler_order": 1, "longueur_km": 2.1211643478265696 }, "geometry": { "type": "LineString", "coordinates": [ [ 1.955139, 7.11625 ], [ 1.955417, 7.115972 ], [ 1.955417, 7.115694 ], [ 1.955417, 7.115417 ], [ 1.955417, 7.115139 ], [ 1.955417, 7.114861 ], [ 1.955417, 7.114583 ], [ 1.955417, 7.114306 ], [ 1.955694, 7.114028 ], [ 1.955972, 7.114306 ], [ 1.95625, 7.114583 ], [ 1.956528, 7.114861 ], [ 1.956806, 7.114861 ], [ 1.957083, 7.114861 ], [ 1.957361, 7.114861 ], [ 1.957639, 7.115139 ], [ 1.957917, 7.115139 ], [ 1.958194, 7.114861 ], [ 1.958472, 7.114583 ], [ 1.958194, 7.114306 ], [ 1.958194, 7.114028 ], [ 1.958194, 7.11375 ], [ 1.958194, 7.113472 ], [ 1.958194, 7.113194 ], [ 1.958194, 7.112917 ], [ 1.958194, 7.112639 ], [ 1.958472, 7.112361 ], [ 1.95875, 7.112361 ], [ 1.959028, 7.112083 ], [ 1.959306, 7.111806 ], [ 1.959583, 7.111806 ], [ 1.959861, 7.111806 ], [ 1.960139, 7.111806 ], [ 1.960417, 7.111806 ], [ 1.960694, 7.111806 ], [ 1.960972, 7.111806 ], [ 1.96125, 7.111806 ], [ 1.961528, 7.112083 ], [ 1.961806, 7.112361 ], [ 1.962083, 7.112361 ], [ 1.962361, 7.112361 ], [ 1.962639, 7.112361 ], [ 1.962917, 7.112361 ], [ 1.963194, 7.112361 ], [ 1.963472, 7.112361 ], [ 1.96375, 7.112361 ], [ 1.964028, 7.112361 ], [ 1.964306, 7.112361 ], [ 1.964583, 7.112361 ], [ 1.964861, 7.112361 ], [ 1.965139, 7.112361 ], [ 1.965417, 7.112083 ], [ 1.965694, 7.111806 ], [ 1.965972, 7.111528 ], [ 1.96625, 7.111528 ], [ 1.96625, 7.11125 ], [ 1.966528, 7.110972 ], [ 1.966806, 7.110694 ], [ 1.967083, 7.110417 ], [ 1.967361, 7.110139 ], [ 1.967083, 7.109861 ] ] } },
{ "type": "Feature", "properties": { "strahler_order": 1, "longueur_km": 0.16088126860369845 }, "geometry": { "type": "LineString", "coordinates": [ [ 1.967083, 7.109861 ], [ 1.966806, 7.109583 ], [ 1.966528, 7.109583 ], [ 1.96625, 7.109306 ], [ 1.965972, 7.109028 ] ] } },
{ "type": "Feature", "properties": { "strahler_order": 1, "longueur_km": 0.24031065785908881 }, "geometry": { "type": "LineString", "coordinates": [ [ 2.057639, 7.114861 ], [ 2.057639, 7.114583 ], [ 2.057917, 7.114306 ], [ 2.058194, 7.114306 ], [ 2.058472, 7.114028 ], [ 2.05875, 7.114028 ], [ 2.05875, 7.11375 ], [ 2.05875, 7.113472 ] ] } },
{ "type": "Feature", "properties": { "strahler_order": 1, "longueur_km": 0.93803879409890412 }, "geometry": { "type": "LineString", "coordinates": [ [ 2.05875, 7.113472 ], [ 2.058472, 7.113194 ], [ 2.058472, 7.112917 ], [ 2.058472, 7.112639 ], [ 2.058194, 7.112361 ], [ 2.058194, 7.112083 ], [ 2.058472, 7.111806 ], [ 2.05875, 7.111528 ], [ 2.059028, 7.11125 ], [ 2.059306, 7.11125 ], [ 2.059583, 7.110972 ], [ 2.059861, 7.110972 ], [ 2.060139, 7.11125 ], [ 2.060417, 7.11125 ], [ 2.060694, 7.110972 ], [ 2.060972, 7.110972 ], [ 2.06125, 7.110972 ], [ 2.061528, 7.110694 ], [ 2.061806, 7.110694 ], [ 2.062083, 7.110694 ], [ 2.062361, 7.110417 ], [ 2.062361, 7.110139 ], [ 2.062639, 7.109861 ], [ 2.062639, 7.109583 ], [ 2.062639, 7.109306 ], [ 2.062639, 7.109028 ], [ 2.062639, 7.10875 ] ] } },
{ "type": "Feature", "properties": { "strahler_order": 1, "longueur_km": 0.56206131615973709 }, "geometry": { "type": "LineString", "coordinates": [ [ 2.129583, 7.114861 ], [ 2.129861, 7.114861 ], [ 2.130139, 7.115139 ], [ 2.130417, 7.115417 ], [ 2.130694, 7.115417 ], [ 2.130972, 7.115694 ], [ 2.13125, 7.115972 ], [ 2.131528, 7.11625 ], [ 2.131806, 7.116528 ], [ 2.132083, 7.116806 ], [ 2.132083, 7.117083 ], [ 2.132083, 7.117361 ], [ 2.132361, 7.117361 ], [ 2.132639, 7.117361 ], [ 2.132917, 7.117361 ], [ 2.133194, 7.117639 ] ] } },
{ "type": "Feature", "properties": { "strahler_order": 1, "longueur_km": 0.3195312636597562 }, "geometry": { "type": "LineString", "coordinates": [ [ 2.133194, 7.117639 ], [ 2.133472, 7.117639 ], [ 2.13375, 7.117639 ], [ 2.134028, 7.117639 ], [ 2.134306, 7.117639 ], [ 2.134583, 7.117639 ], [ 2.134861, 7.117917 ], [ 2.135139, 7.117917 ], [ 2.135417, 7.117917 ], [ 2.135694, 7.117917 ], [ 2.135972, 7.117917 ] ] } },
{ "type": "Feature", "properties": { "strahler_order": 1, "longueur_km": 0.65393785123231374 }, "geometry": { "type": "LineString", "coordinates": [ [ 2.135972, 7.117917 ], [ 2.13625, 7.117917 ], [ 2.136528, 7.117917 ], [ 2.136806, 7.117917 ], [ 2.137083, 7.117639 ], [ 2.137361, 7.117639 ], [ 2.137639, 7.117639 ], [ 2.137917, 7.117361 ], [ 2.138194, 7.117083 ], [ 2.138472, 7.116806 ], [ 2.13875, 7.116806 ], [ 2.139028, 7.117083 ], [ 2.139306, 7.117083 ], [ 2.139583, 7.117083 ], [ 2.139861, 7.116806 ], [ 2.140139, 7.116528 ], [ 2.140417, 7.116528 ], [ 2.140694, 7.116528 ], [ 2.140972, 7.11625 ] ] } },
{ "type": "Feature", "properties": { "strahler_order": 1, "longueur_km": 0.96883435974994192 }, "geometry": { "type": "LineString", "coordinates": [ [ 2.140972, 7.11625 ], [ 2.140972, 7.115972 ], [ 2.14125, 7.115694 ], [ 2.141528, 7.115417 ], [ 2.141528, 7.115139 ], [ 2.141528, 7.114861 ], [ 2.14125, 7.114583 ], [ 2.14125, 7.114306 ], [ 2.141528, 7.114028 ], [ 2.141806, 7.11375 ], [ 2.141806, 7.113472 ], [ 2.141806, 7.113194 ], [ 2.142083, 7.112917 ], [ 2.142361, 7.112639 ], [ 2.142361, 7.112361 ], [ 2.142361, 7.112083 ], [ 2.142083, 7.111806 ], [ 2.141806, 7.111528 ], [ 2.142083, 7.11125 ], [ 2.142083, 7.110972 ], [ 2.142083, 7.110694 ], [ 2.142083, 7.110417 ], [ 2.142083, 7.110139 ], [ 2.142361, 7.109861 ], [ 2.142361, 7.109583 ], [ 2.142361, 7.109306 ], [ 2.142361, 7.109028 ], [ 2.142361, 7.10875 ] ] } },
{ "type": "Feature", "properties": { "strahler_order": 1, "longueur_km": 3.1870162773892852 }, "geometry": { "type": "LineString", "coordinates": [ [ 1.941806, 7.114583 ], [ 1.941528, 7.114861 ], [ 1.94125, 7.115139 ], [ 1.940972, 7.115139 ], [ 1.940694, 7.115417 ], [ 1.940417, 7.115417 ], [ 1.940139, 7.115694 ], [ 1.939861, 7.115972 ], [ 1.939583, 7.11625 ], [ 1.939583, 7.116528 ], [ 1.939583, 7.116806 ], [ 1.939306, 7.117083 ], [ 1.939028, 7.117083 ], [ 1.93875, 7.117361 ], [ 1.938472, 7.117361 ], [ 1.938194, 7.117361 ], [ 1.937917, 7.117361 ], [ 1.937639, 7.117083 ], [ 1.937361, 7.117083 ], [ 1.937083, 7.117083 ], [ 1.936806, 7.117361 ], [ 1.936528, 7.117639 ], [ 1.936528, 7.117917 ], [ 1.936528, 7.118194 ], [ 1.936528, 7.118472 ], [ 1.936528, 7.11875 ], [ 1.93625, 7.119028 ], [ 1.935972, 7.119028 ], [ 1.935694, 7.119028 ], [ 1.935417, 7.11875 ], [ 1.935139, 7.11875 ], [ 1.934861, 7.11875 ], [ 1.934583, 7.11875 ], [ 1.934306, 7.11875 ], [ 1.934028, 7.11875 ], [ 1.93375, 7.118472 ], [ 1.933472, 7.118472 ], [ 1.933194, 7.118472 ], [ 1.932917, 7.118194 ], [ 1.932639, 7.117917 ], [ 1.932361, 7.117917 ], [ 1.932083, 7.117917 ], [ 1.931806, 7.117639 ], [ 1.931528, 7.117361 ], [ 1.93125, 7.117361 ], [ 1.930972, 7.117361 ], [ 1.930694, 7.117361 ], [ 1.930417, 7.117361 ], [ 1.930139, 7.117361 ], [ 1.929861, 7.117361 ], [ 1.929583, 7.117639 ], [ 1.929306, 7.117639 ], [ 1.929028, 7.117639 ], [ 1.92875, 7.117639 ], [ 1.928472, 7.117639 ], [ 1.928194, 7.117639 ], [ 1.927917, 7.117639 ], [ 1.927639, 7.117639 ], [ 1.927361, 7.117639 ], [ 1.927083, 7.117639 ], [ 1.926806, 7.117639 ], [ 1.926528, 7.117639 ], [ 1.926528, 7.117361 ], [ 1.92625, 7.117083 ], [ 1.925972, 7.116806 ], [ 1.925694, 7.116806 ], [ 1.925694, 7.116528 ], [ 1.925417, 7.11625 ], [ 1.925139, 7.115972 ], [ 1.924861, 7.115972 ], [ 1.924583, 7.115972 ], [ 1.924306, 7.115972 ], [ 1.924028, 7.11625 ], [ 1.92375, 7.11625 ], [ 1.923472, 7.116528 ], [ 1.923194, 7.116528 ], [ 1.922917, 7.116528 ], [ 1.922639, 7.11625 ], [ 1.922361, 7.115972 ], [ 1.922083, 7.115972 ], [ 1.921806, 7.115694 ], [ 1.921528, 7.115694 ], [ 1.92125, 7.115417 ], [ 1.920972, 7.115417 ], [ 1.920694, 7.115417 ], [ 1.920417, 7.115417 ], [ 1.920139, 7.115139 ], [ 1.919861, 7.115139 ], [ 1.919583, 7.115139 ], [ 1.919306, 7.114861 ], [ 1.919028, 7.114861 ], [ 1.91875, 7.114861 ] ] } },
{ "type": "Feature", "properties": { "strahler_order": 1, "longueur_km": 2.4785341593627148 }, "geometry": { "type": "LineString", "coordinates": [ [ 2.072639, 7.114306 ], [ 2.072917, 7.114306 ], [ 2.073194, 7.114306 ], [ 2.073472, 7.114028 ], [ 2.07375, 7.114028 ], [ 2.074028, 7.114028 ], [ 2.074306, 7.114028 ], [ 2.074583, 7.114028 ], [ 2.074861, 7.114028 ], [ 2.075139, 7.114028 ], [ 2.075417, 7.114028 ], [ 2.075694, 7.114028 ], [ 2.075972, 7.114028 ], [ 2.07625, 7.114028 ], [ 2.076528, 7.114028 ], [ 2.076806, 7.114028 ], [ 2.077083, 7.114028 ], [ 2.077361, 7.114028 ], [ 2.077639, 7.114028 ], [ 2.077917, 7.114028 ], [ 2.078194, 7.114028 ], [ 2.078472, 7.114028 ], [ 2.07875, 7.11375 ], [ 2.079028, 7.113472 ], [ 2.079306, 7.113194 ], [ 2.079583, 7.113194 ], [ 2.079861, 7.112917 ], [ 2.080139, 7.112917 ], [ 2.080417, 7.112917 ], [ 2.080694, 7.113194 ], [ 2.080972, 7.113194 ], [ 2.08125, 7.112917 ], [ 2.081528, 7.112639 ], [ 2.081806, 7.112639 ], [ 2.082083, 7.112639 ], [ 2.082361, 7.112361 ], [ 2.082639, 7.112361 ], [ 2.082917, 7.112361 ], [ 2.083194, 7.112639 ], [ 2.083472, 7.112639 ], [ 2.08375, 7.112361 ], [ 2.084028, 7.112361 ], [ 2.084306, 7.112083 ], [ 2.084583, 7.111806 ], [ 2.084583, 7.111528 ], [ 2.084583, 7.11125 ], [ 2.084861, 7.110972 ], [ 2.085139, 7.110972 ], [ 2.085417, 7.110972 ], [ 2.085694, 7.110972 ], [ 2.085972, 7.11125 ], [ 2.08625, 7.110972 ], [ 2.086528, 7.110972 ], [ 2.086806, 7.110694 ], [ 2.087083, 7.110417 ], [ 2.087361, 7.110139 ], [ 2.087639, 7.110139 ], [ 2.087917, 7.110139 ], [ 2.088194, 7.110139 ], [ 2.088472, 7.110417 ], [ 2.08875, 7.110694 ], [ 2.089028, 7.110972 ], [ 2.089306, 7.110972 ], [ 2.089583, 7.110694 ], [ 2.089583, 7.110417 ], [ 2.089861, 7.110139 ], [ 2.090139, 7.109861 ], [ 2.089861, 7.109583 ], [ 2.089861, 7.109306 ], [ 2.089861, 7.109028 ], [ 2.089861, 7.10875 ] ] } },
{ "type": "Feature", "properties": { "strahler_order": 1, "longueur_km": 0.62146860613619537 }, "geometry": { "type": "LineString", "coordinates": [ [ 2.109583, 7.11375 ], [ 2.109583, 7.113472 ], [ 2.109583, 7.113194 ], [ 2.109583, 7.112917 ], [ 2.109583, 7.112639 ], [ 2.109583, 7.112361 ], [ 2.109583, 7.112083 ], [ 2.109583, 7.111806 ], [ 2.109583, 7.111528 ], [ 2.109306, 7.11125 ], [ 2.109306, 7.110972 ], [ 2.109306, 7.110694 ], [ 2.109583, 7.110694 ], [ 2.109861, 7.110417 ], [ 2.110139, 7.110139 ], [ 2.110139, 7.109861 ], [ 2.110139, 7.109583 ], [ 2.110139, 7.109306 ], [ 2.110139, 7.109028 ], [ 2.110139, 7.10875 ] ] } },
{ "type": "Feature", "properties": { "strahler_order": 1, "longueur_km": 0.75905025731791553 }, "geometry": { "type": "LineString", "coordinates": [ [ 2.035972, 7.113472 ], [ 2.03625, 7.113194 ], [ 2.036528, 7.112917 ], [ 2.036806, 7.112639 ], [ 2.037083, 7.112361 ], [ 2.037083, 7.112083 ], [ 2.037083, 7.111806 ], [ 2.037083, 7.111528 ], [ 2.037361, 7.11125 ], [ 2.037639, 7.11125 ], [ 2.037917, 7.110972 ], [ 2.038194, 7.110694 ], [ 2.038472, 7.110417 ], [ 2.03875, 7.110139 ], [ 2.039028, 7.110139 ], [ 2.039306, 7.110139 ], [ 2.039583, 7.110139 ], [ 2.039583, 7.109861 ], [ 2.039583, 7.109583 ], [ 2.039583, 7.109306 ], [ 2.039583, 7.109028 ], [ 2.039583, 7.10875 ] ] } },
{ "type": "Feature", "properties": { "strahler_order": 1, "longueur_km": 0.38837900996824271 }, "geometry": { "type": "LineString", "coordinates": [ [ 2.045694, 7.113194 ], [ 2.045972, 7.112917 ], [ 2.04625, 7.112639 ], [ 2.04625, 7.112361 ], [ 2.046528, 7.112083 ], [ 2.046806, 7.112083 ], [ 2.047083, 7.112083 ], [ 2.047361, 7.112083 ], [ 2.047639, 7.112083 ], [ 2.047917, 7.112083 ], [ 2.048194, 7.111806 ], [ 2.048472, 7.111806 ] ] } },
{ "type": "Feature", "properties": { "strahler_order": 1, "longueur_km": 0.77697387088776138 }, "geometry": { "type": "LineString", "coordinates": [ [ 2.048472, 7.111806 ], [ 2.04875, 7.111528 ], [ 2.049028, 7.111806 ], [ 2.049306, 7.111806 ], [ 2.049583, 7.111806 ], [ 2.049861, 7.112083 ], [ 2.050139, 7.112083 ], [ 2.050417, 7.112083 ], [ 2.050694, 7.112083 ], [ 2.050972, 7.112083 ], [ 2.050972, 7.111806 ], [ 2.050972, 7.111528 ], [ 2.05125, 7.11125 ], [ 2.051528, 7.11125 ], [ 2.051806, 7.110972 ], [ 2.051806, 7.110694 ], [ 2.052083, 7.110417 ], [ 2.052083, 7.110139 ], [ 2.052361, 7.109861 ], [ 2.052361, 7.109583 ], [ 2.052639, 7.109306 ], [ 2.052639, 7.109028 ], [ 2.052639, 7.10875 ] ] } },
{ "type": "Feature", "properties": { "strahler_order": 1, "longueur_km": 0.74100171334514586 }, "geometry": { "type": "LineString", "coordinates": [ [ 2.020139, 7.112639 ], [ 2.019861, 7.112639 ], [ 2.019583, 7.112361 ], [ 2.019306, 7.112083 ], [ 2.019306, 7.111806 ], [ 2.019028, 7.111528 ], [ 2.01875, 7.111528 ], [ 2.018472, 7.11125 ], [ 2.018194, 7.110972 ], [ 2.017917, 7.110972 ], [ 2.017639, 7.110972 ], [ 2.017361, 7.110972 ], [ 2.017083, 7.11125 ], [ 2.016806, 7.111528 ], [ 2.016528, 7.111528 ], [ 2.01625, 7.111528 ], [ 2.015972, 7.11125 ], [ 2.015694, 7.110972 ], [ 2.015417, 7.110694 ], [ 2.015417, 7.110417 ], [ 2.015417, 7.110139 ] ] } },
{ "type": "Feature", "properties": { "strahler_order": 1, "longueur_km": 0.16083477155018638 }, "geometry": { "type": "LineString", "coordinates": [ [ 2.015417, 7.110139 ], [ 2.015694, 7.109861 ], [ 2.015417, 7.109583 ], [ 2.015139, 7.109306 ], [ 2.015139, 7.109028 ] ] } },
{ "type": "Feature", "properties": { "strahler_order": 1, "longueur_km": 0.56744394015265565 }, "geometry": { "type": "LineString", "coordinates": [ [ 2.214861, 7.112639 ], [ 2.214583, 7.112361 ], [ 2.214306, 7.112361 ], [ 2.214028, 7.112083 ], [ 2.21375, 7.111806 ], [ 2.21375, 7.111528 ], [ 2.21375, 7.11125 ], [ 2.21375, 7.110972 ], [ 2.214028, 7.110694 ], [ 2.214306, 7.110417 ], [ 2.214583, 7.110417 ], [ 2.214861, 7.110139 ], [ 2.214861, 7.109861 ], [ 2.214861, 7.109583 ], [ 2.214861, 7.109306 ], [ 2.214861, 7.109028 ], [ 2.214861, 7.10875 ] ] } },
{ "type": "Feature", "properties": { "strahler_order": 1, "longueur_km": 0.50075828954221502 }, "geometry": { "type": "LineString", "coordinates": [ [ 1.921528, 7.111806 ], [ 1.92125, 7.111806 ], [ 1.920972, 7.111806 ], [ 1.920694, 7.112083 ], [ 1.920417, 7.112361 ], [ 1.920139, 7.112639 ], [ 1.920139, 7.112917 ], [ 1.920139, 7.113194 ], [ 1.919861, 7.113472 ], [ 1.919861, 7.11375 ], [ 1.919583, 7.114028 ], [ 1.919306, 7.114306 ], [ 1.919028, 7.114583 ], [ 1.91875, 7.114861 ] ] } },
{ "type": "Feature", "properties": { "strahler_order": 1, "longueur_km": 1.5714570298045982 }, "geometry": { "type": "LineString", "coordinates": [ [ 1.91875, 7.114861 ], [ 1.918472, 7.114861 ], [ 1.918194, 7.114861 ], [ 1.917917, 7.114861 ], [ 1.917639, 7.115139 ], [ 1.917361, 7.115417 ], [ 1.917083, 7.115694 ], [ 1.917083, 7.115972 ], [ 1.916806, 7.115972 ], [ 1.916528, 7.115972 ], [ 1.91625, 7.115972 ], [ 1.915972, 7.115972 ], [ 1.915694, 7.115972 ], [ 1.915417, 7.11625 ], [ 1.915139, 7.116528 ], [ 1.914861, 7.116806 ], [ 1.914583, 7.117083 ], [ 1.914306, 7.117083 ], [ 1.914028, 7.117083 ], [ 1.91375, 7.117083 ], [ 1.913472, 7.117083 ], [ 1.913194, 7.116806 ], [ 1.912917, 7.116806 ], [ 1.912639, 7.116806 ], [ 1.912361, 7.116806 ], [ 1.912083, 7.116806 ], [ 1.911806, 7.116806 ], [ 1.911528, 7.116806 ], [ 1.91125, 7.116528 ], [ 1.910972, 7.11625 ], [ 1.910694, 7.115972 ], [ 1.910417, 7.115694 ], [ 1.910139, 7.115417 ], [ 1.909861, 7.115417 ], [ 1.909583, 7.115417 ], [ 1.909306, 7.115417 ], [ 1.909028, 7.115417 ], [ 1.90875, 7.115417 ], [ 1.908472, 7.115417 ], [ 1.908194, 7.115139 ], [ 1.907917, 7.115139 ], [ 1.907639, 7.115139 ], [ 1.907361, 7.115139 ], [ 1.907083, 7.115417 ], [ 1.906806, 7.115417 ], [ 1.906528, 7.115417 ] ] } },
{ "type": "Feature", "properties": { "strahler_order": 1, "longueur_km": 1.7835358896399021 }, "geometry": { "type": "LineString", "coordinates": [ [ 1.906528, 7.115417 ], [ 1.90625, 7.115417 ], [ 1.905972, 7.115417 ], [ 1.905694, 7.115417 ], [ 1.905417, 7.115139 ], [ 1.905139, 7.114861 ], [ 1.904861, 7.114583 ], [ 1.904583, 7.114306 ], [ 1.904306, 7.114028 ], [ 1.904028, 7.11375 ], [ 1.90375, 7.113472 ], [ 1.903472, 7.113194 ], [ 1.903194, 7.112917 ], [ 1.902917, 7.112639 ], [ 1.902639, 7.112361 ], [ 1.902361, 7.112361 ], [ 1.902083, 7.112361 ], [ 1.901806, 7.112361 ], [ 1.901528, 7.112361 ], [ 1.90125, 7.112361 ], [ 1.900972, 7.112361 ], [ 1.900694, 7.112083 ], [ 1.900417, 7.111806 ], [ 1.900417, 7.111528 ], [ 1.900139, 7.11125 ], [ 1.899861, 7.110972 ], [ 1.899583, 7.110972 ], [ 1.899306, 7.110972 ], [ 1.899028, 7.110972 ], [ 1.89875, 7.110972 ], [ 1.898472, 7.110972 ], [ 1.898194, 7.110694 ], [ 1.897917, 7.110417 ], [ 1.897639, 7.110417 ], [ 1.897361, 7.110417 ], [ 1.897083, 7.110417 ], [ 1.896806, 7.110417 ], [ 1.896528, 7.110139 ], [ 1.89625, 7.109861 ], [ 1.895972, 7.109861 ], [ 1.895694, 7.109861 ], [ 1.895417, 7.109861 ], [ 1.895139, 7.109861 ], [ 1.894861, 7.109861 ], [ 1.894583, 7.109861 ], [ 1.894306, 7.109861 ], [ 1.894028, 7.109583 ], [ 1.89375, 7.109306 ], [ 1.893472, 7.109028 ], [ 1.893472, 7.10875 ] ] } },
{ "type": "Feature", "properties": { "strahler_order": 1, "longueur_km": 1.0732048718081426 }, "geometry": { "type": "LineString", "coordinates": [ [ 1.937361, 7.111806 ], [ 1.937083, 7.111806 ], [ 1.936806, 7.111528 ], [ 1.936528, 7.111528 ], [ 1.93625, 7.111528 ], [ 1.935972, 7.111528 ], [ 1.935694, 7.11125 ], [ 1.935417, 7.11125 ], [ 1.935139, 7.110972 ], [ 1.934861, 7.110694 ], [ 1.934583, 7.110694 ], [ 1.934306, 7.110694 ], [ 1.934028, 7.110417 ], [ 1.93375, 7.110417 ], [ 1.933472, 7.110139 ], [ 1.933194, 7.110139 ], [ 1.932917, 7.110139 ], [ 1.932639, 7.110139 ], [ 1.932361, 7.110417 ], [ 1.932083, 7.110417 ], [ 1.931806, 7.110139 ], [ 1.931528, 7.109861 ], [ 1.93125, 7.109861 ], [ 1.930972, 7.109861 ], [ 1.930694, 7.109861 ], [ 1.930417, 7.109861 ], [ 1.930139, 7.109861 ], [ 1.929861, 7.109583 ], [ 1.929583, 7.109306 ], [ 1.929306, 7.109028 ], [ 1.929306, 7.10875 ] ] } },
{ "type": "Feature", "properties": { "strahler_order": 1, "longueur_km": 0.30897903888862116 }, "geometry": { "type": "LineString", "coordinates": [ [ 1.972917, 7.11125 ], [ 1.973194, 7.110972 ], [ 1.973472, 7.110694 ], [ 1.973472, 7.110417 ], [ 1.973472, 7.110139 ], [ 1.973194, 7.109861 ], [ 1.972917, 7.109583 ], [ 1.972917, 7.109306 ], [ 1.973194, 7.109028 ] ] } },
{ "type": "Feature", "properties": { "strahler_order": 1, "longueur_km": 0.19693286372462843 }, "geometry": { "type": "LineString", "coordinates": [ [ 2.115694, 7.110417 ], [ 2.115417, 7.110139 ], [ 2.115417, 7.109861 ], [ 2.115417, 7.109583 ], [ 2.115417, 7.109306 ], [ 2.115417, 7.109028 ], [ 2.115417, 7.10875 ] ] } }
]
}
